,num_dol,num_acn,num_tfsi,num_ps,num_li,atoms_dol,atoms_acn,atoms_tfsi,atoms_ps,atoms_li,count,%
0,3,4,0,1,1,::1O,::1N:1N,,,1L,88,2.64026402640264
1,2,5,0,1,1,:,::1N:1N:1N,,,1L,79,2.37023702370237
2,4,3,0,1,1,:::1O,:1N:1N,,,1L,72,2.16021602160216
3,3,3,0,1,1,::1O,:1N:1N,,,1L,71,2.13021302130213
4,2,4,0,1,1,:1O,::1N:1N,,,1L,66,1.98019801980198
5,2,5,0,1,1,:1O,:::1N:1N,,,1L,63,1.8901890189018904
6,1,5,0,1,1,,::1N:1N:1N,,,1L,58,1.7401740174017402
7,2,6,0,1,1,:,:::1N:1N:1N,,,1L,54,1.62016201620162
8,2,5,0,1,1,:1O,::1N:1N:1N,,,1L,51,1.53015301530153
9,1,6,0,1,1,,:::1N:1N:1N,,,1L,47,1.41014101410141
10,3,5,0,1,1,::,::1N:1N:1N,,,1L,45,1.35013501350135
11,2,4,0,1,1,:,:1N:1N:1N,,,1L,42,1.26012601260126
12,3,4,0,1,1,::,:1N:1N:1N,,,1L,36,1.08010801080108
13,2,4,0,1,1,:1O,:1N:1N:1N,,,1L,34,1.02010201020102
14,4,4,0,1,1,:::1O,::1N:1N,,,1L,33,0.99009900990099
15,3,5,0,1,1,::1O,:::1N:1N,,,1L,31,0.93009300930093
16,5,3,0,1,1,::::1O,:1N:1N,,,1L,29,0.8700870087008701
17,1,6,0,1,1,,::1N:1N:1N:1N,,,1L,28,0.8400840084008401
18,2,3,0,1,1,:1O,:1N:1N,,,1L,28,0.8400840084008401
19,3,4,0,1,1,::1O,:1N:1N:1N,,,1L,27,0.8100810081008101
20,4,4,0,1,1,:::,:1N:1N:1N,,,1L,26,0.7800780078007801
21,3,4,0,1,1,:1O:1O,::1N:1N,,,1L,26,0.7800780078007801
22,4,3,0,1,1,::1O:1O,:1N:1N,,,1L,25,0.7500750075007501
23,2,4,0,1,1,:,::1N:1N,,,1L,24,0.7200720072007201
24,2,5,0,1,1,:,:1N:1N:1N:1N,,,1L,24,0.7200720072007201
25,3,3,0,1,0,::,::,,,,21,0.6300630063006301
26,1,7,0,1,1,,::::1N:1N:1N,,,1L,21,0.6300630063006301
27,3,5,0,1,1,::1O,::1N:1N:1N,,,1L,20,0.6000600060006
28,2,5,0,1,0,:,::::,,,,19,0.57005700570057
29,1,5,0,1,1,1O,::1N:1N:1N,,,1L,18,0.54005400540054
30,1,6,0,1,1,1O,::::1N:1N,,,1L,18,0.54005400540054
31,0,7,0,1,1,,::::1N:1N:1N,,,1L,18,0.54005400540054
32,3,4,0,1,0,::,:::,,,,18,0.54005400540054
33,4,2,0,1,0,:::,:,,,,17,0.51005100510051
34,3,3,0,1,1,:1O:1O,:1N:1N,,,1L,17,0.51005100510051
35,2,4,0,1,0,:,:::,,,,17,0.51005100510051
36,2,5,0,1,1,:,:::1N:1N,,,1L,16,0.48004800480048
37,2,4,0,1,0,:,:::1N,,,,16,0.48004800480048
38,4,4,0,1,1,:::1O,:1N:1N:1N,,,1L,15,0.45004500450045
39,3,6,0,1,1,::,:::1N:1N:1N,,,1L,15,0.45004500450045
40,2,6,0,1,1,:1O,:::1N:1N:1N,,,1L,15,0.45004500450045
41,0,6,0,1,1,,:::1N:1N:1N,,,1L,15,0.45004500450045
42,1,5,0,1,1,1O,:::1N:1N,,,1L,15,0.45004500450045
43,2,3,0,1,1,:1O,::1N,,,1L,14,0.42004200420042
44,1,5,0,1,1,,:::1N:1N,,,1L,14,0.42004200420042
45,1,4,0,1,1,,:1N:1N:1N,,,1L,13,0.39003900390039
46,5,3,0,1,1,:::1O:1O,:1N:1N,,,1L,13,0.39003900390039
47,2,4,1,1,1,:,::1N:1N,1O,,1L,13,0.39003900390039
48,2,3,0,1,0,:,::,,,,13,0.39003900390039
49,2,5,0,1,1,1O:1O,:::1N:1N,,,1L,13,0.39003900390039
50,2,6,0,1,2,:1O,:1N:1N:1N:1N:1N,,,1L:1L,13,0.39003900390039
51,1,5,0,1,0,,::::,,,,13,0.39003900390039
52,1,4,0,1,1,1O,::1N:1N,,,1L,12,0.36003600360036
53,3,3,0,1,1,::,1N:1N:1N,,,1L,12,0.36003600360036
54,1,4,0,1,1,1O,:1N:1N:1N,,,1L,12,0.36003600360036
55,3,3,0,1,1,::,:1N:1N,,,1L,12,0.36003600360036
56,3,2,0,1,0,::,:,,,,12,0.36003600360036
57,1,5,1,1,1,,:::1N:1N,1O,,1L,12,0.36003600360036
58,3,4,1,1,1,::,::1N:1N,1O,,1L,12,0.36003600360036
59,1,5,0,1,1,,:1N:1N:1N:1N,,,1L,12,0.36003600360036
60,3,3,0,1,1,::1O,1N:1N:1N,,,1L,12,0.36003600360036
61,0,5,0,1,1,,::1N:1N:1N,,,1L,11,0.33003300330033
62,2,3,0,1,1,:,:1N:1N,,,1L,11,0.33003300330033
63,3,4,0,1,1,:1O:1O,:1N:1N:1N,,,1L,11,0.33003300330033
64,1,4,1,1,1,,::1N:1N,1O,,1L,11,0.33003300330033
65,3,3,0,1,1,:1O:1O,::1N,,,1L,11,0.33003300330033
66,1,6,0,1,1,1O,:::1N:1N:1N,,,1L,11,0.33003300330033
67,2,4,0,1,1,:1O,:::1N,,,1L,10,0.3000300030003
68,3,3,0,1,0,::,::1N,,,,10,0.3000300030003
69,2,6,0,1,1,:1O,::::1N:1N,,,1L,10,0.3000300030003
70,3,4,0,1,1,::,::1N:1N,,,1L,10,0.3000300030003
71,4,3,0,1,0,:::,::,,,,10,0.3000300030003
72,4,2,0,1,1,:::1O,1N:1N,,,1L,10,0.3000300030003
73,3,5,0,1,1,:1O:1O,:::1N:1N,,,1L,10,0.3000300030003
74,1,7,0,1,1,,:::1N:1N:1N:1N,,,1L,9,0.27002700270027
75,5,2,0,1,0,::::,:,,,,9,0.27002700270027
76,4,3,0,1,1,:::,1N:1N:1N,,,1L,9,0.27002700270027
77,2,6,0,1,1,:,::1N:1N:1N:1N,,,1L,9,0.27002700270027
78,3,5,0,1,1,::,:1N:1N:1N:1N,,,1L,9,0.27002700270027
79,4,2,0,1,1,::1O:1O,:1N,,,1L,9,0.27002700270027
80,2,5,1,1,1,:,:::1N:1N,1O,,1L,9,0.27002700270027
81,3,3,0,1,0,::1O,::,,,,8,0.24002400240024
82,4,4,0,1,1,::1O:1O,::1N:1N,,,1L,8,0.24002400240024
83,3,3,0,1,1,::1O,::1N,,,1L,8,0.24002400240024
84,4,5,0,1,1,:::1O,:::1N:1N,,,1L,8,0.24002400240024
85,2,4,0,1,1,1O:1O,::1N:1N,,,1L,8,0.24002400240024
86,4,5,0,1,1,:::,::1N:1N:1N,,,1L,8,0.24002400240024
87,3,5,0,1,2,::1O,1N:1N:1N:1N:1N,,,1L:1L,8,0.24002400240024
88,0,8,0,1,1,,:::::1N:1N:1N,,,1L,8,0.24002400240024
89,2,4,1,1,1,:,:1N:1N:1N,,,1L,8,0.24002400240024
90,2,4,1,1,1,:1O,::1N:1N,1O,,1L,8,0.24002400240024
91,1,4,0,1,1,,::1N:1N,,,1L,8,0.24002400240024
92,2,3,0,1,1,:1O,1N:1N:1N,,,1L,7,0.21002100210021
93,1,5,1,1,1,,::1N:1N:1N,,,1L,7,0.21002100210021
94,2,3,0,1,1,:,1N:1N:1N,,,1L,7,0.21002100210021
95,4,2,0,1,1,::1O:1O,1N:1N,,,1L,7,0.21002100210021
96,1,6,1,1,1,,:::1N:1N:1N,,,1L,7,0.21002100210021
97,1,6,0,1,1,,::::1N:1N,,,1L,7,0.21002100210021
98,4,3,0,1,1,:::1O,1N:1N:1N,,,1L,7,0.21002100210021
99,1,4,0,1,1,,1N:1N:1N:1N,,,1L,7,0.21002100210021
100,2,7,0,1,1,:,::::1N:1N:1N,,,1L,7,0.21002100210021
101,0,6,0,1,1,,::1N:1N:1N:1N,,,1L,7,0.21002100210021
102,3,3,1,1,1,::1O,:1N:1N,,,1L,7,0.21002100210021
103,2,4,0,1,1,:,1N:1N:1N:1N,,,1L,7,0.21002100210021
104,3,4,0,1,1,:1O:1O,:::1N,,,1L,7,0.21002100210021
105,4,3,0,1,0,:::,::1N,,,,6,0.18001800180018
106,1,4,0,1,0,,:::,,,,6,0.18001800180018
107,3,4,0,1,2,:1O:1O,1N:1N:1N:1N,,,1L:1L,6,0.18001800180018
108,2,5,0,1,0,:,::::1N,,,,6,0.18001800180018
109,4,3,0,1,1,::1O:1O,::1N,,,1L,6,0.18001800180018
110,2,5,0,1,2,:1O,1N:1N:1N:1N:1N,,,1L:1L,6,0.18001800180018
111,2,5,1,1,1,:,::1N:1N:1N,,,1L,6,0.18001800180018
112,5,2,0,1,1,:::1O:1O,1N:1N,,,1L,6,0.18001800180018
113,3,3,0,1,1,::,::1N,,,1L,6,0.18001800180018
114,4,3,0,1,1,:1O:1O:1O,:1N:1N,,,1L,6,0.18001800180018
115,1,5,0,1,0,,:::1N:1N,,,,6,0.18001800180018
116,0,7,0,1,1,,:::1N:1N:1N:1N,,,1L,6,0.18001800180018
117,1,5,1,1,1,1O,:::1N:1N,,,1L,6,0.18001800180018
118,2,6,0,1,2,:,1N:1N:1N:1N:1N:1N,,,1L:1L,6,0.18001800180018
119,2,5,1,1,2,:1O,:1N:1N:1N:1N,1O,,1L:1L,5,0.15001500150015
120,1,5,1,1,2,1O,:1N:1N:1N:1N,1O,,1L:1L,5,0.15001500150015
121,2,6,0,1,1,:,::::1N:1N,,,1L,5,0.15001500150015
122,2,7,0,1,2,:,:1N:1N:1N:1N:1N:1N,,,1L:1L,5,0.15001500150015
123,0,6,0,1,1,,:1N:1N:1N:1N:1N,,,1L,5,0.15001500150015
124,2,6,0,1,2,:,:1N:1N:1N:1N:1N,,,1L:1L,5,0.15001500150015
125,4,3,1,1,1,:::,:1N:1N,1O,,1L,5,0.15001500150015
126,2,4,1,1,1,:1O,::1N:1N,,,1L,5,0.15001500150015
127,0,5,0,1,1,,:1N:1N:1N:1N,,,1L,5,0.15001500150015
128,6,2,0,1,1,:::::1O,1N:1N,,,1L,5,0.15001500150015
129,3,4,0,1,0,::,:::1N,,,,5,0.15001500150015
130,3,4,1,1,1,::,:1N:1N:1N,,,1L,5,0.15001500150015
131,4,1,0,1,0,:::,,,,,5,0.15001500150015
132,2,4,0,1,0,:1O,:::1N,,,,5,0.15001500150015
133,5,2,0,1,1,:::1O:1O,:1N,,,1L,5,0.15001500150015
134,2,4,0,1,0,:,::1N:1N,,,,5,0.15001500150015
135,2,3,0,1,1,1O:1O,:1N:1N,,,1L,5,0.15001500150015
136,5,2,0,1,1,::::1O,1N:1N,,,1L,5,0.15001500150015
137,3,5,0,1,0,::,::::,,,,5,0.15001500150015
138,1,4,0,1,0,,:::1N,,,,5,0.15001500150015
139,3,4,1,1,1,::1O,::1N:1N,1O,,1L,4,0.12001200120012
140,3,4,1,1,1,::1O,::1N:1N,,,1L,4,0.12001200120012
141,3,4,0,2,1,::1O,:::1N,,:::1S:1S:2S:2S:2S,1L,4,0.12001200120012
142,2,3,0,2,1,:1O,::1N,,:::1S:1S:2S:2S:2S,1L,4,0.12001200120012
143,2,4,0,1,0,:1O,:::,,,,4,0.12001200120012
144,2,3,0,1,1,:,::1N,,,1L,4,0.12001200120012
145,4,3,0,1,1,::1O:1O,1N:1N:1N,,,1L,4,0.12001200120012
146,3,2,0,1,1,:1O:1O,1N:1N,,,1L,4,0.12001200120012
147,4,3,0,1,1,:::,:1N:1N,,,1L,4,0.12001200120012
148,2,4,0,1,1,1O:1O,:1N:1N:1N,,,1L,4,0.12001200120012
149,2,4,0,1,1,1O:1O,:::1N,,,1L,4,0.12001200120012
150,3,4,0,1,1,::1O,:::1N,,,1L,4,0.12001200120012
151,2,3,0,1,0,:,:1N:1N,,,,4,0.12001200120012
152,2,3,0,1,0,:1O,::1N,,,,4,0.12001200120012
153,3,3,0,2,1,::1O,::1N,,:::1S:1S:2S:2S:2S,1L,4,0.12001200120012
154,4,2,0,1,1,:1O:1O:1O,:1N,,,1L,4,0.12001200120012
155,3,4,0,1,0,::1O,:::,,,,4,0.12001200120012
156,3,5,0,1,1,:1O:1O,::1N:1N:1N,,,1L,4,0.12001200120012
157,1,7,0,1,1,1O,::::1N:1N:1N,,,1L,4,0.12001200120012
158,4,1,0,1,0,:::1O,,,,,4,0.12001200120012
159,2,5,0,1,1,1O:1O,::1N:1N:1N,,,1L,4,0.12001200120012
160,1,6,0,1,2,,1N:1N:1N:1N:1N:1N,,,1L:1L,4,0.12001200120012
161,3,6,0,1,1,::1O,:::1N:1N:1N,,,1L,4,0.12001200120012
162,2,5,0,1,1,:1O,::::1N,,,1L,4,0.12001200120012
163,2,4,0,1,2,:1O,1N:1N:1N:1N,,,1L:1L,4,0.12001200120012
164,1,6,0,1,1,1O,::1N:1N:1N:1N,,,1L,4,0.12001200120012
165,2,2,0,1,1,:,1N:1N,,,1L,4,0.12001200120012
166,3,3,1,1,1,::,:1N:1N,1O,,1L,4,0.12001200120012
167,1,6,0,1,1,,:1N:1N:1N:1N:1N,,,1L,4,0.12001200120012
168,1,6,0,1,0,,:::::,,,,4,0.12001200120012
169,2,2,0,1,1,:1O,:1N,,,1L,4,0.12001200120012
170,3,2,0,2,1,::1O,:1N,,:::1S:1S:2S:2S:2S,1L,4,0.12001200120012
171,5,1,0,1,1,::1O:1O:1O,1N,,,1L,4,0.12001200120012
172,1,3,0,1,1,,:1N:1N,,,1L,4,0.12001200120012
173,6,2,0,1,1,::::1O:1O,:1N,,,1L,4,0.12001200120012
174,4,5,0,1,1,:::1O,::1N:1N:1N,,,1L,4,0.12001200120012
175,0,7,0,1,2,,:1N:1N:1N:1N:1N:1N,,,1L:1L,4,0.12001200120012
176,5,3,0,1,1,::::1O,1N:1N:1N,,,1L,4,0.12001200120012
177,4,6,0,1,1,:::,:::1N:1N:1N,,,1L,4,0.12001200120012
178,1,5,0,1,2,1O,:1N:1N:1N:1N,,,1L:1L,4,0.12001200120012
179,0,5,0,1,0,,::::1N,,,,4,0.12001200120012
180,4,3,1,1,1,:::1O,:1N:1N,,,1L,4,0.12001200120012
181,1,4,0,1,1,,:::1N,,,1L,4,0.12001200120012
182,1,3,0,1,1,1O,:1N:1N,,,1L,4,0.12001200120012
183,5,2,0,1,0,::::,:1N,,,,3,0.09000900090009
184,5,2,0,1,0,::::1O,:,,,,3,0.09000900090009
185,4,2,0,1,0,:::1O,:,,,,3,0.09000900090009
186,4,2,0,1,1,:::,1N:1N,,,1L,3,0.09000900090009
187,4,4,0,1,1,:::,::1N:1N,,,1L,3,0.09000900090009
188,3,3,1,1,1,::,1N:1N:1N,,,1L,3,0.09000900090009
189,1,6,1,1,1,,::::1N:1N,1O,,1L,3,0.09000900090009
190,0,8,0,1,1,,::::1N:1N:1N:1N,,,1L,3,0.09000900090009
191,5,4,0,1,1,::::1O,:1N:1N:1N,,,1L,3,0.09000900090009
192,3,4,0,1,1,::2O,::1N:1N,,,1L,3,0.09000900090009
193,1,4,1,1,1,1O,:1N:1N:1N,,,1L,3,0.09000900090009
194,2,5,1,1,1,:,::1N:1N:1N,1O,,1L,3,0.09000900090009
195,2,6,0,1,1,:1O,::1N:1N:1N:1N,,,1L,3,0.09000900090009
196,5,1,0,1,1,:::1O:1O,1N,,,1L,3,0.09000900090009
197,3,5,0,1,2,:1O:1O,1N:1N:1N:1N:1N,,,1L:1L,3,0.09000900090009
198,2,5,0,1,0,:,:::1N:1N,,,,3,0.09000900090009
199,1,4,0,1,2,1O,:1N:1N:1N,,,1L:1L,3,0.09000900090009
200,0,5,0,1,1,,:::1N:1N,,,1L,3,0.09000900090009
201,2,6,0,1,2,:1O,1N:1N:1N:1N:1N:1N,,,1L:1L,3,0.09000900090009
202,3,5,1,1,1,::1O,:::1N:1N,,,1L,3,0.09000900090009
203,2,6,0,1,2,:1O,::1N:1N:1N:1N,,,1L:1L,3,0.09000900090009
204,3,3,0,2,1,:1O:1O,::1N,,:::1S:1S:2S:2S:2S,1L,3,0.09000900090009
205,2,3,1,1,1,:,:1N:1N,,,1L,3,0.09000900090009
206,3,5,0,1,1,::1O,:1N:1N:1N:1N,,,1L,3,0.09000900090009
207,3,5,0,1,1,::,:::1N:1N,,,1L,3,0.09000900090009
208,3,6,0,1,1,::,::1N:1N:1N:1N,,,1L,3,0.09000900090009
209,1,8,0,1,2,,::1N:1N:1N:1N:1N:1N,,,1L:1L,3,0.09000900090009
210,2,5,1,1,1,:1O,:::1N:1N,,,1L,3,0.09000900090009
211,3,4,0,1,1,::1O,1N:1N:1N:1N,,,1L,3,0.09000900090009
212,3,2,0,1,1,1O:1O:1O,:1N,,,1L,3,0.09000900090009
213,2,3,0,1,0,:,::1N,,,,3,0.09000900090009
214,1,5,0,1,0,,::::1N,,,,3,0.09000900090009
215,2,4,1,1,1,:1O,:::1N,1O,,1L,3,0.09000900090009
216,2,5,0,1,0,:1O,::::1N,,,,3,0.09000900090009
217,1,5,0,1,1,1O,:1N:1N:1N:1N,,,1L,3,0.09000900090009
218,3,2,0,1,1,::1O,1N:1N,,,1L,3,0.09000900090009
219,4,3,1,1,1,:::1O,:1N:1N,1O,,1L,3,0.09000900090009
220,5,3,0,1,0,::::,::,,,,3,0.09000900090009
221,5,3,0,1,1,::::,1N:1N:1N,,,1L,3,0.09000900090009
222,2,4,1,1,1,:1O,:1N:1N:1N,,,1L,3,0.09000900090009
223,1,5,0,1,2,1O,1N:1N:1N:1N:1N,,,1L:1L,3,0.09000900090009
224,2,5,0,1,0,:1O,::::,,,,3,0.09000900090009
225,3,4,0,1,0,::,::1N:1N,,,,3,0.09000900090009
226,4,4,0,1,0,:::,:::,,,,3,0.09000900090009
227,3,3,1,1,1,::1O,:1N:1N,1O,,1L,3,0.09000900090009
228,4,3,0,1,1,:1O:1O:1O,::1N,,,1L,3,0.09000900090009
229,3,2,0,1,1,::1O,:1N,,,1L,3,0.09000900090009
230,4,4,0,1,1,:1O:1O:1O,::1N:1N,,,1L,3,0.09000900090009
231,0,6,0,1,0,,:::::1N,,,,3,0.09000900090009
232,2,5,0,1,1,:1O,:1N:1N:1N:1N,,,1L,3,0.09000900090009
233,1,6,0,1,0,,:::::1N,,,,3,0.09000900090009
234,3,5,0,1,0,::,::::1N,,,,2,0.06000600060006
235,3,5,0,1,0,::1O,::::,,,,2,0.06000600060006
236,3,3,0,2,1,::1O,::1N,,1S:1S:1S:2S:3S:3S:3S:3S,1L,2,0.06000600060006
237,5,1,0,1,0,::::1O,,,,,2,0.06000600060006
238,5,4,0,1,1,:::1O:1O,::1N:1N,,,1L,2,0.06000600060006
239,1,4,0,1,1,1O,1N:1N:1N:1N,,,1L,2,0.06000600060006
240,0,5,1,1,1,,:1N:1N:1N:1N,,,1L,2,0.06000600060006
241,2,3,0,2,1,:,::1N,,:::1S:1S:2S:2S:2S,1L,2,0.06000600060006
242,0,6,0,1,1,,::::1N:1N,,,1L,2,0.06000600060006
243,3,4,0,1,1,::,:::1N,,,1L,2,0.06000600060006
244,5,1,0,1,0,::::,,,,,2,0.06000600060006
245,2,6,0,1,1,1O:1O,:::1N:1N:1N,,,1L,2,0.06000600060006
246,3,4,1,1,1,::,::1N:1N,,,1L,2,0.06000600060006
247,2,6,0,1,1,1O:1O,::::1N:1N,,,1L,2,0.06000600060006
248,5,3,0,1,1,:::1O:1O,::1N,,,1L,2,0.06000600060006
249,2,4,1,1,1,:,::1N:1N,,,1L,2,0.06000600060006
250,5,3,0,1,1,::::,:1N:1N,,,1L,2,0.06000600060006
251,2,6,0,1,1,:,:1N:1N:1N:1N:1N,,,1L,2,0.06000600060006
252,6,1,0,1,0,:::::,,,,,2,0.06000600060006
253,4,5,0,1,2,:::1O,1N:1N:1N:1N:1N,,,1L:1L,2,0.06000600060006
254,3,3,1,1,1,::1O,::1N,1O,,1L,2,0.06000600060006
255,3,5,0,1,2,::,1N:1N:1N:1N:1N,,,1L:1L,2,0.06000600060006
256,4,5,0,1,1,:::,:1N:1N:1N:1N,,,1L,2,0.06000600060006
257,6,1,0,1,1,:::1O:1O:1O,1N,,,1L,2,0.06000600060006
258,2,4,1,2,1,:1O,:::1N,,:::1S:1S:2S:2S:2S,1L,2,0.06000600060006
259,0,6,1,1,1,,:::1N:1N:1N,1O,,1L,2,0.06000600060006
260,2,3,1,1,1,:1O,:1N:1N,1O,,1L,2,0.06000600060006
261,3,4,0,1,1,1O:1O:1O,::1N:1N,,,1L,2,0.06000600060006
262,2,3,1,1,1,:,:1N:1N,1O,,1L,2,0.06000600060006
263,5,2,0,1,1,:::1O:2O,:1N,,,1L,2,0.06000600060006
264,0,8,0,1,2,,::1N:1N:1N:1N:1N:1N,,,1L:1L,2,0.06000600060006
265,3,4,0,2,1,::1O,::1N:1N,,:::1S:1S:2S:2S:2S,1L,2,0.06000600060006
266,2,4,0,1,1,:2O,::1N:1N,,,1L,2,0.06000600060006
267,2,4,0,1,2,1O:1O,1N:1N:1N:1N,,,1L:1L,2,0.06000600060006
268,5,5,0,1,1,::::,::1N:1N:1N,,,1L,2,0.06000600060006
269,2,5,0,1,2,:2O,1N:1N:1N:1N:1N,,,1L:1L,2,0.06000600060006
270,3,4,0,2,1,::,:1N:1N:1N,,1S:1S:1S:1S:2S:2S:2S:3S,1L,2,0.06000600060006
271,2,5,0,1,2,:1O,:1N:1N:1N:1N,,,1L:1L,2,0.06000600060006
272,3,4,0,1,2,::1O,:1N:1N:1N,,,1L:1L,2,0.06000600060006
273,0,7,1,1,1,,::::1N:1N:1N,,,1L,2,0.06000600060006
274,0,6,0,1,0,,::::1N:1N,,,,2,0.06000600060006
275,2,4,0,2,1,:1O,::1N:1N,,:::1S:1S:2S:2S:2S,1L,2,0.06000600060006
276,2,4,0,2,1,:1O,:::1N,,:::1S:1S:2S:2S:2S,1L,2,0.06000600060006
277,5,2,0,2,1,::::,:1N,,:::1S:1S:2S:2S:2S,1L,2,0.06000600060006
278,2,3,0,1,0,:1O,::,,,,2,0.06000600060006
279,2,4,0,1,1,:1O,1N:1N:1N:1N,,,1L,2,0.06000600060006
280,2,4,0,1,1,:,:::1N,,,1L,2,0.06000600060006
281,5,1,0,1,1,::::1O,1N,,,1L,2,0.06000600060006
282,2,4,1,1,0,:,:::,,,,2,0.06000600060006
283,0,5,1,1,1,,::1N:1N:1N,,,1L,2,0.06000600060006
284,3,4,1,1,1,:1O:1O,::1N:1N,,,1L,2,0.06000600060006
285,2,3,1,1,2,1O:1O,1N:1N:1N,1O,,1L:1L,2,0.06000600060006
286,2,3,1,2,1,:,::1N,1O,:::1S:1S:2S:2S:2S,1L,2,0.06000600060006
287,3,4,0,2,2,::1O,1N:1N:1N:1N,,:::1S:1S:2S:2S:2S,1L:1L,2,0.06000600060006
288,2,4,0,2,2,:1O,1N:1N:1N:1N,,1S:1S:1S:1S:2S:2S:2S:2S,1L:1L,2,0.06000600060006
289,3,4,0,1,1,::,1N:1N:1N:1N,,,1L,2,0.06000600060006
290,3,3,1,1,1,:1O:1O,::,1O,,1L,2,0.06000600060006
291,3,3,1,1,1,:1O:1O,::1N,1O,,1L,2,0.06000600060006
292,3,4,0,2,1,::1O,:::1N,,1S:1S:1S:2S:3S:3S:3S:3S,1L,2,0.06000600060006
293,2,4,0,2,2,1O:1O,:1N:1N:1N,,:::1S:1S:2S:2S:2S,1L:1L,2,0.06000600060006
294,2,4,0,2,2,1O:1O,:1N:1N:1N,,::1S:1S:2S:2S:2S:2S,1L:1L,2,0.06000600060006
295,0,6,0,1,0,,:::::,,,,2,0.06000600060006
296,1,3,0,1,0,,::,,,,2,0.06000600060006
297,3,3,1,1,2,1O:1O:1O,:1N:1N,1O,,1L:1L,2,0.06000600060006
298,1,6,1,1,2,,:1N:1N:1N:1N:1N,1O,,1L:1L,2,0.06000600060006
299,1,7,0,1,2,,::1N:1N:1N:1N:1N,,,1L:1L,2,0.06000600060006
300,2,6,1,1,1,:,:::1N:1N:1N,1O,,1L,2,0.06000600060006
301,1,6,1,1,1,,:::1N:1N:1N,1O,,1L,2,0.06000600060006
302,1,5,1,1,2,1O,1N:1N:1N:1N:1N,1O,,1L:1L,2,0.06000600060006
303,1,4,2,1,1,,::1N:1N,:1O,,1L,2,0.06000600060006
304,1,4,1,2,1,1O,:::1N,,:::1S:1S:2S:2S:2S,1L,2,0.06000600060006
305,3,2,1,1,1,::1O,:1N,,,1L,2,0.06000600060006
306,2,6,1,1,1,:1O,::::1N:1N,1O,,1L,2,0.06000600060006
307,6,3,0,1,1,:::::1O,:1N:1N,,,1L,2,0.06000600060006
308,2,6,1,1,2,:1O,:1N:1N:1N:1N:1N,,,1L:1L,2,0.06000600060006
309,2,6,1,1,2,:1O,:1N:1N:1N:1N:1N,1O,,1L:1L,2,0.06000600060006
310,1,4,1,1,1,,::1N:1N,2O,,1L,2,0.06000600060006
311,4,1,0,1,1,:::1O,1N,,,1L,2,0.06000600060006
312,1,4,1,1,2,1O,1N:1N:1N:1N,,,1L:1L,2,0.06000600060006
313,3,2,0,1,0,::,:1N,,,,2,0.06000600060006
314,1,4,0,2,1,1O,:::1N,,:::1S:1S:2S:2S:2S,1L,2,0.06000600060006
315,3,2,0,1,1,:1O:1O,:1N,,,1L,2,0.06000600060006
316,4,4,1,1,1,:::1O,::1N:1N,,,1L,2,0.06000600060006
317,2,7,0,1,1,:1O,::::1N:1N:1N,,,1L,2,0.06000600060006
318,1,6,1,1,2,,:1N:1N:1N:1N:1N,2O,,1L:1L,2,0.06000600060006
319,1,4,1,1,1,1O,::1N:1N,1O,,1L,2,0.06000600060006
320,4,4,0,1,1,:::1O,:::1N,,,1L,2,0.06000600060006
321,1,6,0,1,2,,:1N:1N:1N:1N:1N,,,1L:1L,2,0.06000600060006
322,1,6,1,1,2,1O,:1N:1N:1N:1N:1N,,,1L:1L,2,0.06000600060006
323,4,2,1,1,1,:::1O,1N:1N,,,1L,2,0.06000600060006
324,1,4,1,1,1,,:1N:1N:1N,1O,,1L,2,0.06000600060006
325,3,2,0,1,0,::1O,:,,,,2,0.06000600060006
326,4,3,0,1,0,:::1O,::,,,,2,0.06000600060006
327,3,6,0,1,2,::1O,:1N:1N:1N:1N:1N,,,1L:1L,2,0.06000600060006
328,1,5,1,1,2,,:1N:1N:1N:1N,2O,,1L:1L,2,0.06000600060006
329,6,3,0,1,1,::::1O:1O,:1N:1N,,,1L,2,0.06000600060006
330,6,1,0,1,1,::::1O:1O,1N,,,1L,2,0.06000600060006
331,3,5,0,1,2,::1O,:1N:1N:1N:1N,,,1L:1L,2,0.06000600060006
332,3,3,0,1,0,::1O,::1N,,,,2,0.06000600060006
333,3,3,0,1,1,1O:1O:1O,:1N:1N,,,1L,2,0.06000600060006
334,2,2,1,1,1,:1O,:1N,,,1L,2,0.06000600060006
335,3,2,0,2,1,::1O,:,,1S:1S:1S:2S:3S:3S:3S:3S,1L,2,0.06000600060006
336,3,5,1,1,1,::1O,::1N:1N:1N,,,1L,2,0.06000600060006
337,4,3,0,1,1,:::1O,::1N,,,1L,2,0.06000600060006
338,2,2,0,1,1,:1O,1N:1N,,,1L,2,0.06000600060006
339,4,4,0,1,1,:::,1N:1N:1N:1N,,,1L,2,0.06000600060006
340,1,5,0,1,2,,:1N:1N:1N:1N,,,1L:1L,2,0.06000600060006
341,2,7,0,1,2,:,::1N:1N:1N:1N:1N,,,1L:1L,2,0.06000600060006
342,2,2,0,1,0,:1O,:,,,,2,0.06000600060006
343,2,2,0,1,0,:,:1N,,,,2,0.06000600060006
344,3,2,0,2,1,::,:1N,,1S:1S:1S:1S:2S:2S:2S:3S,1L,2,0.06000600060006
345,1,5,1,1,1,,:1N:1N:1N:1N,,,1L,2,0.06000600060006
346,4,3,1,1,1,::1O:1O,:1N:1N,1O,,1L,2,0.06000600060006
347,2,7,0,1,2,:1O,::1N:1N:1N:1N:1N,,,1L:1L,2,0.06000600060006
348,1,5,1,1,1,,:::1N:1N,,,1L,2,0.06000600060006
349,3,2,1,1,1,::,1N:1N,,,1L,2,0.06000600060006
350,1,6,1,1,1,,::1N:1N:1N:1N,,,1L,2,0.06000600060006
351,2,6,1,1,1,:,:::1N:1N:1N,,,1L,2,0.06000600060006
352,1,5,1,1,1,1O,:::1N:1N,1O,,1L,2,0.06000600060006
353,7,1,0,1,0,::::::,,,,,1,0.03000300030003
354,3,3,1,1,1,::1O,1N:1N:1N,1O,,1L,1,0.03000300030003
355,3,3,1,1,1,::1O,1N:1N:1N,,,1L,1,0.03000300030003
356,3,3,0,1,0,::,:1N:1N,,,,1,0.03000300030003
357,5,4,0,1,1,::::1O,::1N:1N,,,1L,1,0.03000300030003
358,3,2,1,1,1,::1O,:1N,1O,,1L,1,0.03000300030003
359,5,4,0,1,1,::::,:1N:1N:1N,,,1L,1,0.03000300030003
360,3,3,0,1,0,::,1N:1N:1N,,,,1,0.03000300030003
361,5,3,0,1,1,::::2O,:1N:1N,,,1L,1,0.03000300030003
362,3,2,0,2,2,::1O,1N:1N,,:::1S:1S:2S:2S:2S,1L:1L,1,0.03000300030003
363,5,3,1,1,1,::1O:1O:1O,::1N,,,1L,1,0.03000300030003
364,3,2,1,1,0,::,1N:1N,,,,1,0.03000300030003
365,3,2,1,1,0,::,:,,,,1,0.03000300030003
366,3,2,1,1,1,:1O:1O,:,1O,,1L,1,0.03000300030003
367,3,2,1,1,1,:1O:1O,:1N,,,1L,1,0.03000300030003
368,3,2,1,1,1,:1O:1O,:1N,1O,,1L,1,0.03000300030003
369,3,2,1,1,1,::,1N:1N,1O,,1L,1,0.03000300030003
370,3,2,1,1,1,::1O,1N:1N,,,1L,1,0.03000300030003
371,5,4,0,1,1,:::1O:1O,:::1N,,,1L,1,0.03000300030003
372,3,2,1,2,2,1O:1O:1O,:1N,1O,1S:1S:1S:1S:2S:2S:2S:2S,1L:1L,1,0.03000300030003
373,3,2,1,2,2,:1O:1O,1N:1N,1O,1S:1S:1S:1S:2S:2S:2S:2S,1L:1L,1,0.03000300030003
374,3,2,1,2,2,:1O:1O,:1N,1O,2S:2S:2S:2S:2S:2S:2S:3S,1L:1L,1,0.03000300030003
375,7,1,0,1,1,::::1O:1O:1O,1N,,,1L,1,0.03000300030003
376,5,4,1,1,1,::::1O,::1N:1N,,,1L,1,0.03000300030003
377,6,1,0,1,1,:::1O:1O:2O,1N,,,1L,1,0.03000300030003
378,6,3,0,1,1,:::::,1N:1N:1N,,,1L,1,0.03000300030003
379,6,3,0,1,1,::::1O:1O,::1N,,,1L,1,0.03000300030003
380,3,3,0,2,1,::1O,::1N,,::1S:1S:1S:2S:2S:2S,1L,1,0.03000300030003
381,5,5,0,1,2,::::1O,1N:1N:1N:1N:1N,,,1L:1L,1,0.03000300030003
382,3,3,0,2,1,::1O,::,,::1S:1S:2S:2S:2S:2S,1L,1,0.03000300030003
383,3,3,0,2,1,::1O,:1N:1N,,:::1S:1S:2S:2S:2S,1L,1,0.03000300030003
384,6,2,0,1,0,:::::,:,,,,1,0.03000300030003
385,3,3,0,1,1,::2O,:1N:1N,,,1L,1,0.03000300030003
386,3,3,0,2,1,::1O,:1N:1N,,1S:1S:1S:2S:3S:3S:3S:3S,1L,1,0.03000300030003
387,3,3,0,1,2,1O:1O:1O,:1N:1N,,,1L:1L,1,0.03000300030003
388,3,3,0,1,2,:1O:1O,:1N:1N,,,1L:1L,1,0.03000300030003
389,3,3,0,2,1,::1O,1N:1N:1N,,1S:1S:1S:1S:2S:2S:2S:3S,1L,1,0.03000300030003
390,3,3,0,2,1,::1O,1N:1N:1N,,1S:1S:1S:1S:2S:2S:2S:2S,1L,1,0.03000300030003
391,3,3,0,2,1,:1O:1O,1N:1N:1N,,:::1S:1S:2S:2S:2S,1L,1,0.03000300030003
392,3,3,0,2,1,:1O:1O,:1N:1N,,:::1S:1S:2S:2S:2S,1L,1,0.03000300030003
393,3,3,0,2,1,:1O:1O,::1N,,1S:1S:1S:1S:2S:2S:2S:3S,1L,1,0.03000300030003
394,3,3,0,2,1,::,::1N,,:1S:1S:1S:2S:2S:2S:2S,1L,1,0.03000300030003
395,3,3,0,2,1,::,1N:1N:1N,,:::1S:1S:2S:2S:2S,1L,1,0.03000300030003
396,3,3,0,2,1,::,:1N:1N,,1S:1S:1S:1S:2S:2S:2S:3S,1L,1,0.03000300030003
397,6,1,0,1,1,:::::1O,1N,,,1L,1,0.03000300030003
398,3,3,0,2,1,::,:1N:1N,,::1S:1S:1S:2S:2S:2S,1L,1,0.03000300030003
399,6,1,0,1,0,:::::1O,,,,,1,0.03000300030003
400,3,3,0,2,1,::,:1N:1N,,:::1S:1S:2S:2S:2S,1L,1,0.03000300030003
401,3,3,0,2,2,1O:1O:1O,1N:1N:1N,,:::1S:1S:2S:2S:2S,1L:1L,1,0.03000300030003
402,3,3,0,2,2,1O:1O:1O,:1N:1N,,1S:1S:1S:1S:2S:2S:2S:2S,1L:1L,1,0.03000300030003
403,6,2,0,1,0,:::::1O,:,,,,1,0.03000300030003
404,3,3,1,1,1,:1O:1O,1N:1N:1N,,,1L,1,0.03000300030003
405,3,3,1,1,1,::,:1N:1N,,,1L,1,0.03000300030003
406,3,3,1,1,1,::,1N:1N:1N,1O,,1L,1,0.03000300030003
407,3,3,0,1,1,1O:1O:1O,::1N,,,1L,1,0.03000300030003
408,3,3,0,1,1,:1O:1O,1N:1N:1N,,,1L,1,0.03000300030003
409,3,3,1,1,1,:1O:2O,::,1O,,1L,1,0.03000300030003
410,6,3,0,1,0,:::::,::,,,,1,0.03000300030003
411,6,2,1,1,1,:::::1O,1N:1N,1O,,1L,1,0.03000300030003
412,3,3,1,1,1,:1O:1O,:1N:1N,1O,,1L,1,0.03000300030003
413,3,3,1,1,1,:1O:1O,:1N:1N,,,1L,1,0.03000300030003
414,3,3,1,1,0,::,::1N,,,,1,0.03000300030003
415,3,3,0,2,2,:1O:1O,1N:1N:1N,,:::1S:1S:2S:2S:2S,1L:1L,1,0.03000300030003
416,3,3,0,2,2,::1O,1N:1N:1N,,:::1S:1S:2S:2S:2S,1L:1L,1,0.03000300030003
417,3,3,0,2,2,::,:1N:1N,,1S:1S:1S:2S:3S:3S:3S:3S,1L:1L,1,0.03000300030003
418,3,3,0,1,1,:1O:2O,::1N,,,1L,1,0.03000300030003
419,3,3,0,2,2,:1O:1O,:1N:1N,,1S:1S:1S:2S:2S:2S:2S:2S,1L:1L,1,0.03000300030003
420,6,2,0,1,1,:::::1O,:1N,,,1L,1,0.03000300030003
421,5,5,0,1,1,::::1O,::1N:1N:1N,,,1L,1,0.03000300030003
422,6,2,0,1,1,::::1O:1O,1N:1N,,,1L,1,0.03000300030003
423,6,2,0,1,1,:::1O:1O:1O,:1N,,,1L,1,0.03000300030003
424,6,2,0,1,1,::1O:1O:1O:1O,1N:1N,,,1L,1,0.03000300030003
425,4,3,1,1,1,::1O:1O,1N:1N:1N,,,1L,1,0.03000300030003
426,5,2,0,1,1,::1O:1O:1O,:1N,,,1L,1,0.03000300030003
427,3,3,1,1,2,1O:1O:2O,:1N:1N,1O,,1L:1L,1,0.03000300030003
428,4,2,0,2,1,:::,:1N,,:::1S:1S:2S:2S:2S,1L,1,0.03000300030003
429,4,4,0,1,1,::1O:2O,::1N:1N,,,1L,1,0.03000300030003
430,4,2,0,1,1,:::,:1N,,,1L,1,0.03000300030003
431,4,2,0,1,1,:1O:1O:1O,1N:1N,,,1L,1,0.03000300030003
432,4,2,0,1,0,:::,:1N,,,,1,0.03000300030003
433,4,4,0,1,1,:::1O,1N:1N:1N:1N,,,1L,1,0.03000300030003
434,4,4,0,1,1,:::2O,::1N:1N,,,1L,1,0.03000300030003
435,4,1,1,1,1,:::1O,1N,,,1L,1,0.03000300030003
436,4,1,0,2,1,:::1O,1N,,1S:1S:1S:2S:3S:3S:3S:3S,1L,1,0.03000300030003
437,4,1,0,2,1,::1O:1O,,,:::1S:1S:2S:2S:2S,1L,1,0.03000300030003
438,4,1,0,1,1,::1O:1O,1N,,,1L,1,0.03000300030003
439,4,1,0,1,1,:1O:1O:1O,1N,,,1L,1,0.03000300030003
440,4,4,0,1,2,1O:1O:1O:1O,:1N:1N:1N,,,1L:1L,1,0.03000300030003
441,4,1,0,1,0,:::,1N,,,,1,0.03000300030003
442,4,4,0,1,2,:::,1N:1N:1N:1N,,,1L:1L,1,0.03000300030003
443,3,7,0,1,1,::,:::1N:1N:1N:1N,,,1L,1,0.03000300030003
444,3,6,1,1,1,::1O,::1N:1N:1N:1N,,,1L,1,0.03000300030003
445,3,6,0,2,2,::,:1N:1N:1N:1N:1N,,1S:1S:1S:1S:2S:2S:2S:3S,1L:1L,1,0.03000300030003
446,3,6,0,1,2,::,1N:1N:1N:1N:1N:1N,,,1L:1L,1,0.03000300030003
447,3,6,0,1,1,::1O,::::1N:1N,,,1L,1,0.03000300030003
448,4,4,0,2,1,:::,::1N:1N,,::1S:1S:2S:2S:2S:2S,1L,1,0.03000300030003
449,3,6,0,1,1,::,::::1N:1N,,,1L,1,0.03000300030003
450,4,4,1,1,1,::1O:1O,:::1N,2O,,1L,1,0.03000300030003
451,4,4,1,1,1,:::,:1N:1N:1N,,,1L,1,0.03000300030003
452,3,6,0,1,0,::,::::1N:1N,,,,1,0.03000300030003
453,3,2,0,2,2,::1O,1N:1N,,1S:1S:1S:1S:2S:2S:2S:3S,1L:1L,1,0.03000300030003
454,3,5,1,1,2,::1O,:1N:1N:1N:1N,1O,,1L:1L,1,0.03000300030003
455,3,5,1,1,2,:1O:1O,::1N:1N:1N,1O,,1L:1L,1,0.03000300030003
456,3,5,1,1,1,::1O,::::1N,1O,,1L,1,0.03000300030003
457,3,5,1,1,1,::,:::1N:1N,,,1L,1,0.03000300030003
458,4,2,0,1,1,:::1O,:1N,,,1L,1,0.03000300030003
459,4,2,0,2,1,:::1O,1N:1N,,1S:1S:1S:2S:3S:3S:3S:3S,1L,1,0.03000300030003
460,3,3,1,1,2,:1O:1O,1N:1N:1N,,,1L:1L,1,0.03000300030003
461,4,2,0,2,1,:::1O,1N:1N,,:::1S:1S:2S:2S:2S,1L,1,0.03000300030003
462,4,3,1,1,0,:::,::,,,,1,0.03000300030003
463,4,3,0,2,1,:::1O,::1N,,1S:1S:1S:2S:3S:3S:3S:3S,1L,1,0.03000300030003
464,4,3,0,2,1,:::1O,:1N:1N,,2S:2S:2S:2S:3S:3S:4S:4S,1L,1,0.03000300030003
465,4,3,0,2,1,:::,::1N,,:::1S:1S:2S:2S:2S,1L,1,0.03000300030003
466,4,3,0,1,2,:::1O,1N:1N:1N,,,1L:1L,1,0.03000300030003
467,4,3,1,1,1,::1O:1O,:1N:1N,,,1L,1,0.03000300030003
468,4,3,0,1,1,::1O:2O,:1N:1N,,,1L,1,0.03000300030003
469,4,3,1,1,1,::1O:1O,::1N,1O,,1L,1,0.03000300030003
470,4,3,1,1,1,:::,:1N:1N,,,1L,1,0.03000300030003
471,4,3,1,1,1,:::1O,1N:1N:1N,,,1L,1,0.03000300030003
472,4,3,0,1,1,:1O:1O:1O,::,,,1L,1,0.03000300030003
473,4,3,0,1,0,:::1O,::1N,,,,1,0.03000300030003
474,4,3,0,1,0,:::,:1N:1N,,,,1,0.03000300030003
475,4,2,2,1,1,::1O:1O,:,:2O,,1L,1,0.03000300030003
476,4,2,1,1,1,:::1O,:1N,1O,,1L,1,0.03000300030003
477,4,4,0,1,0,::1O:1O,:::,,,,1,0.03000300030003
478,4,2,1,1,1,:::1O,:1N,,,1L,1,0.03000300030003
479,4,4,0,1,0,:::,:::1N,,,,1,0.03000300030003
480,4,2,1,1,1,:::1O,:,1O,,1L,1,0.03000300030003
481,4,4,0,1,1,:1O:1O:1O,:::1N,,,1L,1,0.03000300030003
482,4,4,0,1,1,::1O:1O,:1N:1N:1N,,,1L,1,0.03000300030003
483,4,2,1,1,1,:::1O,1N:1N,1O,,1L,1,0.03000300030003
484,4,2,1,1,1,::1O:1O,:1N,1O,,1L,1,0.03000300030003
485,4,2,1,1,1,::1O:1O,:1N,,,1L,1,0.03000300030003
486,4,2,1,1,1,:1O:1O:1O,:,1O,,1L,1,0.03000300030003
487,4,2,1,1,0,:::1O,:,,,,1,0.03000300030003
488,4,2,0,2,2,:::1O,1N:1N,,:::1S:1S:2S:2S:2S,1L:1L,1,0.03000300030003
489,4,2,0,2,1,:::1O,:1N,,:::1S:1S:2S:2S:2S,1L,1,0.03000300030003
490,4,2,0,2,1,:::1O,:1N,,1S:1S:1S:2S:3S:3S:3S:3S,1L,1,0.03000300030003
491,3,5,1,1,1,::,::1N:1N:1N,,,1L,1,0.03000300030003
492,3,5,1,1,0,::,::::1N,1O,,,1,0.03000300030003
493,3,5,0,2,2,::,:1N:1N:1N:1N,,1S:1S:1S:1S:2S:2S:2S:2S,1L:1L,1,0.03000300030003
494,3,5,0,2,2,:1O:1O,::1N:1N:1N,,:::1S:1S:2S:2S:2S,1L:1L,1,0.03000300030003
495,5,1,0,2,1,::::1O,1N,,1S:1S:1S:1S:2S:3S:3S:3S,1L,1,0.03000300030003
496,5,1,0,2,1,::::2O,1N,,:1S:1S:1S:2S:2S:2S:2S,1L,1,0.03000300030003
497,5,2,0,1,0,:::1O:1O,:,,,,1,0.03000300030003
498,5,2,0,1,1,:1O:1O:1O:1O,:1N,,,1L,1,0.03000300030003
499,3,4,0,2,1,::1O,:::1N,,::1S:1S:2S:2S:2S:2S,1L,1,0.03000300030003
500,5,2,0,1,1,::1O:1O:1O,1N:1N,,,1L,1,0.03000300030003
501,4,3,1,1,0,:::1O,::,,,,1,0.03000300030003
502,3,4,0,2,1,::1O,::1N:1N,,:1S:1S:1S:2S:2S:2S:2S,1L,1,0.03000300030003
503,3,4,0,2,1,::,::1N:1N,,1S:1S:1S:2S:3S:3S:3S:3S,1L,1,0.03000300030003
504,5,2,0,1,1,::::,:1N,,,1L,1,0.03000300030003
505,3,4,0,2,1,::,::1N:1N,,1S:1S:1S:1S:2S:3S:3S:3S,1L,1,0.03000300030003
506,3,4,0,2,1,::,:1N:1N:1N,,1S:1S:1S:1S:2S:2S:2S:2S,1L,1,0.03000300030003
507,3,4,0,2,1,:1O:1O,::1N:1N,,::1S:1S:1S:2S:2S:2S,1L,1,0.03000300030003
508,3,4,0,1,2,::1O,1N:1N:1N:1N,,,1L:1L,1,0.03000300030003
509,3,4,0,1,2,:1O:1O,:1N:1N:1N,,,1L:1L,1,0.03000300030003
510,3,4,0,1,2,1O:1O:2O,:1N:1N:1N,,,1L:1L,1,0.03000300030003
511,3,4,0,1,2,1O:1O:1O,1N:1N:1N:1N,,,1L:1L,1,0.03000300030003
512,3,4,0,1,1,::2O,:1N:1N:1N,,,1L,1,0.03000300030003
513,5,2,0,2,1,::::,:1N,,:1S:1S:1S:2S:2S:2S:2S,1L,1,0.03000300030003
514,5,2,0,2,1,::::1O,:1N,,1S:1S:1S:2S:3S:3S:3S:3S,1L,1,0.03000300030003
515,3,4,0,1,1,:1O:2O,::1N:1N,,,1L,1,0.03000300030003
516,5,2,0,2,1,::::1O,:1N,,::1S:1S:2S:2S:2S:2S,1L,1,0.03000300030003
517,5,2,1,1,1,::::1O,:1N,,,1L,1,0.03000300030003
518,3,4,0,1,1,1O:1O:1O,:::1N,,,1L,1,0.03000300030003
519,3,4,0,1,1,1O:1O:1O,:1N:1N:1N,,,1L,1,0.03000300030003
520,3,4,0,1,0,::1O,:::1N,,,,1,0.03000300030003
521,5,3,0,1,0,::::,::1N,,,,1,0.03000300030003
522,5,3,0,1,1,::::1O,::1N,,,1L,1,0.03000300030003
523,3,3,2,1,1,::1O,:1N:1N,1O:1O,,1L,1,0.03000300030003
524,5,1,0,2,1,::::1O,,,:1S:1S:1S:2S:2S:2S:2S,1L,1,0.03000300030003
525,3,4,0,2,2,:1O:1O,:1N:1N:1N,,2S:2S:2S:2S:2S:2S:2S:2S,1L:1L,1,0.03000300030003
526,3,4,0,2,2,::1O,1N:1N:1N:1N,,2S:2S:2S:2S:2S:2S:2S:3S,1L:1L,1,0.03000300030003
527,3,5,0,1,1,::,1N:1N:1N:1N:1N,,,1L,1,0.03000300030003
528,3,5,0,2,1,::1O,:::1N:1N,,:::1S:1S:2S:2S:2S,1L,1,0.03000300030003
529,3,5,0,2,1,::1O,:::1N:1N,,1S:1S:1S:1S:2S:2S:2S:2S,1L,1,0.03000300030003
530,4,4,1,1,1,:::1O,:1N:1N:1N,,,1L,1,0.03000300030003
531,4,4,1,1,2,:1O:1O:1O,1N:1N:1N:1N,,,1L:1L,1,0.03000300030003
532,4,5,0,1,0,:::,::::,,,,1,0.03000300030003
533,3,5,0,1,2,::,:1N:1N:1N:1N,,,1L:1L,1,0.03000300030003
534,4,5,0,1,2,::1O:1O,1N:1N:1N:1N:1N,,,1L:1L,1,0.03000300030003
535,4,5,1,1,2,::1O:1O,:1N:1N:1N:1N,,,1L:1L,1,0.03000300030003
536,3,5,0,1,2,:1O:1O,::1N:1N:1N,,,1L:1L,1,0.03000300030003
537,4,6,0,1,2,:::1O,1N:1N:1N:1N:1N:1N,,,1L:1L,1,0.03000300030003
538,5,0,0,1,0,::::,,,,,1,0.03000300030003
539,3,5,0,1,1,::,::::1N,,,1L,1,0.03000300030003
540,5,1,0,1,0,::::,1N,,,,1,0.03000300030003
541,3,5,0,1,1,:1O:1O,:1N:1N:1N:1N,,,1L,1,0.03000300030003
542,3,4,1,1,1,1O:1O:1O,:::,,,1L,1,0.03000300030003
543,5,1,0,1,0,::::1O,1N,,,,1,0.03000300030003
544,3,4,1,1,2,::1O,:1N:1N:1N,1O,,1L:1L,1,0.03000300030003
545,3,4,1,1,2,::1O,1N:1N:1N:1N,1O,,1L:1L,1,0.03000300030003
546,3,4,1,1,2,:1O:1O,1N:1N:1N:1N,,,1L:1L,1,0.03000300030003
547,3,4,1,1,2,1O:1O:1O,1N:1N:1N:1N,,,1L:1L,1,0.03000300030003
548,3,4,1,1,1,::1O,:::1N,1O,,1L,1,0.03000300030003
549,3,4,1,1,1,::1O,::1N:1N,2O,,1L,1,0.03000300030003
550,5,1,0,1,1,:1O:1O:1O:1O,1N,,,1L,1,0.03000300030003
551,5,1,0,1,1,::1O:1O:1O,,,,1L,1,0.03000300030003
552,3,4,1,1,1,::1O,:1N:1N:1N,,,1L,1,0.03000300030003
553,3,4,1,1,1,::,1N:1N:1N:1N,,,1L,1,0.03000300030003
554,3,4,1,1,1,:1O:1O,:::,1O,,1L,1,0.03000300030003
555,3,4,1,1,1,:1O:1O,::1N:1N,1O,,1L,1,0.03000300030003
556,0,3,0,1,1,,::1N,,,1L,1,0.03000300030003
557,2,5,0,2,2,:1O,:1N:1N:1N:1N,,2S:2S:2S:3S:3S:3S:3S:3S,1L:1L,1,0.03000300030003
558,3,2,0,2,1,::1O,:1N,,1S:1S:1S:2S:3S:3S:3S:3S,1L,1,0.03000300030003
559,1,4,0,2,1,1O,:::1N,,1S:1S:1S:2S:3S:3S:3S:3S,1L,1,0.03000300030003
560,1,5,0,1,1,2O,:1N:1N:1N:1N,,,1L,1,0.03000300030003
561,1,5,0,1,1,2O,:::1N:1N,,,1L,1,0.03000300030003
562,1,5,0,1,2,,1N:1N:1N:1N:1N,,,1L:1L,1,0.03000300030003
563,1,5,0,1,2,2O,:1N:1N:1N:1N,,,1L:1L,1,0.03000300030003
564,1,5,0,2,1,,::1N:1N:1N,,1S:1S:1S:1S:2S:2S:2S:2S,1L,1,0.03000300030003
565,1,5,0,2,1,,::1N:1N:1N,,1S:1S:1S:2S:3S:3S:3S:3S,1L,1,0.03000300030003
566,1,5,0,2,1,1O,::::,,2S:2S:2S:3S:3S:4S:4S:4S,1L,1,0.03000300030003
567,1,5,0,2,1,1O,::::1N,,2S:2S:2S:3S:3S:4S:4S:4S,1L,1,0.03000300030003
568,1,5,0,2,1,1O,::::1N,,::1S:1S:2S:2S:2S:2S,1L,1,0.03000300030003
569,1,5,0,2,1,1O,::::1N,,:::1S:1S:2S:2S:2S,1L,1,0.03000300030003
570,1,5,0,2,2,,1N:1N:1N:1N:1N,,2S:2S:2S:2S:2S:2S:2S:2S,1L:1L,1,0.03000300030003
571,1,5,0,2,2,,:1N:1N:1N:1N,,:::1S:1S:2S:2S:2S,1L:1L,1,0.03000300030003
572,1,5,0,2,2,,::1N:1N:1N,,1S:1S:1S:1S:2S:3S:3S:3S,1L:1L,1,0.03000300030003
573,1,5,0,2,2,1O,:1N:1N:1N:1N,,1S:1S:1S:2S:3S:3S:3S:3S,1L:1L,1,0.03000300030003
574,1,5,0,2,2,1O,:1N:1N:1N:1N,,2S:2S:3S:3S:3S:3S:3S:3S,1L:1L,1,0.03000300030003
575,1,5,1,1,1,,1N:1N:1N:1N:1N,,,1L,1,0.03000300030003
576,1,5,1,1,1,,:1N:1N:1N:1N,1O,,1L,1,0.03000300030003
577,1,5,1,1,1,,::1N:1N:1N,1O,,1L,1,0.03000300030003
578,1,5,1,1,1,,:::1N:1N,2O,,1L,1,0.03000300030003
579,1,5,0,1,1,1O,1N:1N:1N:1N:1N,,,1L,1,0.03000300030003
580,1,5,0,1,1,,::::1N,,,1L,1,0.03000300030003
581,1,5,0,1,1,,1N:1N:1N:1N:1N,,,1L,1,0.03000300030003
582,1,4,1,1,1,,::1N:1N,2O1S,,1L,1,0.03000300030003
583,1,4,0,2,1,1O,:::1N,,2S:2S:3S:3S:3S:4S:4S:4S,1L,1,0.03000300030003
584,1,4,0,2,2,,1N:1N:1N:1N,,1S:1S:1S:2S:2S:3S:3S:3S,1L:1L,1,0.03000300030003
585,1,4,0,2,2,,:1N:1N:1N,,1S:1S:1S:1S:2S:3S:3S:3S,1L:1L,1,0.03000300030003
586,1,4,0,2,2,1O,1N:1N:1N:1N,,1S:1S:1S:1S:2S:2S:2S:2S,1L:1L,1,0.03000300030003
587,1,4,1,1,0,,::1N:1N,,,,1,0.03000300030003
588,1,4,1,1,1,,1N:1N:1N:1N,,,1L,1,0.03000300030003
589,1,4,1,1,1,,::1N:1N,,,1L,1,0.03000300030003
590,1,4,1,1,1,,::1N:1N,1O1S,,1L,1,0.03000300030003
591,1,4,1,1,1,1O,1N:1N:1N:1N,1O,,1L,1,0.03000300030003
592,1,5,0,1,0,,::1N:1N:1N,,,,1,0.03000300030003
593,1,4,1,1,1,1O,:::,2O,,1L,1,0.03000300030003
594,1,4,1,1,1,1O,:::1N,1O,,1L,1,0.03000300030003
595,1,4,1,1,1,1O,:::1N,2O1S,,1L,1,0.03000300030003
596,1,4,1,1,2,,1N:1N:1N:1N,1O,,1L:1L,1,0.03000300030003
597,1,4,1,1,2,,:1N:1N:1N,2O,,1L:1L,1,0.03000300030003
598,1,4,1,1,2,1O,1N:1N:1N:1N,1O,,1L:1L,1,0.03000300030003
599,1,4,1,2,1,1O,::1N:1N,1O,:::1S:1S:2S:2S:2S,1L,1,0.03000300030003
600,1,4,2,1,1,1O,::1N:1N,:,,1L,1,0.03000300030003
601,1,5,1,1,1,1O,::1N:1N:1N,,,1L,1,0.03000300030003
602,1,5,1,1,1,1O,:::1N:1N,2O,,1L,1,0.03000300030003
603,1,5,1,1,2,,1N:1N:1N:1N:1N,,,1L:1L,1,0.03000300030003
604,1,7,0,1,0,,::::::1N,,,,1,0.03000300030003
605,1,6,1,1,1,,:1N:1N:1N:1N:1N,,,1L,1,0.03000300030003
606,1,6,1,1,1,,::::1N:1N,,,1L,1,0.03000300030003
607,1,6,1,1,1,,::::1N:1N,2O,,1L,1,0.03000300030003
608,1,6,1,1,2,,:1N:1N:1N:1N:1N,,,1L:1L,1,0.03000300030003
609,1,6,1,1,2,1O,::1N:1N:1N:1N,,,1L:1L,1,0.03000300030003
610,1,6,1,2,2,,:1N:1N:1N:1N:1N,1O,1S:1S:1S:2S:2S:3S:3S:3S,1L:1L,1,0.03000300030003
611,1,6,2,1,1,,:::1N:1N:1N,:,,1L,1,0.03000300030003
612,1,7,0,1,0,,:::::1N:1N,,,,1,0.03000300030003
613,1,7,0,1,1,1O,:::1N:1N:1N:1N,,,1L,1,0.03000300030003
614,1,6,0,2,2,1O,::1N:1N:1N:1N,,1S:1S:1S:2S:3S:3S:3S:3S,1L:1L,1,0.03000300030003
615,1,7,0,1,1,1O,:::::1N:1N,,,1L,1,0.03000300030003
616,1,7,0,1,2,,:1N:1N:1N:1N:1N:1N,,,1L:1L,1,0.03000300030003
617,1,7,0,1,2,1O,::1N:1N:1N:1N:1N,,,1L:1L,1,0.03000300030003
618,1,7,0,2,1,,::::1N:1N:1N,,:::1S:1S:2S:2S:2S,1L,1,0.03000300030003
619,1,7,0,2,2,,::1N:1N:1N:1N:1N,,1S:1S:1S:2S:3S:3S:3S:3S,1L:1L,1,0.03000300030003
620,1,7,0,2,2,1O,:::1N:1N:1N:1N,,:::1S:1S:2S:2S:2S,1L:1L,1,0.03000300030003
621,1,7,1,1,1,,::::1N:1N:1N,1O,,1L,1,0.03000300030003
622,1,7,1,1,1,,::::1N:1N:1N,2O,,1L,1,0.03000300030003
623,1,6,1,1,0,,:::::,,,,1,0.03000300030003
624,1,6,0,2,2,1O,::1N:1N:1N:1N,,1S:1S:1S:2S:2S:3S:3S:3S,1L:1L,1,0.03000300030003
625,1,5,1,1,2,,:1N:1N:1N:1N,1N2O1S,,1L:1L,1,0.03000300030003
626,1,6,0,1,2,,::1N:1N:1N:1N,,,1L:1L,1,0.03000300030003
627,1,5,1,1,2,1O,1N:1N:1N:1N:1N,,,1L:1L,1,0.03000300030003
628,1,5,1,1,2,1O,:1N:1N:1N:1N,,,1L:1L,1,0.03000300030003
629,1,5,1,1,2,1O,:1N:1N:1N:1N,2O,,1L:1L,1,0.03000300030003
630,1,5,1,1,2,1O,::1N:1N:1N,1O,,1L:1L,1,0.03000300030003
631,1,5,2,1,2,,1N:1N:1N:1N:1N,:1O,,1L:1L,1,0.03000300030003
632,1,6,0,1,0,,::::1N:1N,,,,1,0.03000300030003
633,1,6,0,1,0,1O,:::::,,,,1,0.03000300030003
634,1,6,0,1,1,1O,:1N:1N:1N:1N:1N,,,1L,1,0.03000300030003
635,1,6,0,1,2,1O,1N:1N:1N:1N:1N:1N,,,1L:1L,1,0.03000300030003
636,1,6,0,2,2,,::1N:1N:1N:1N,,::1S:1S:1S:2S:2S:2S,1L:1L,1,0.03000300030003
637,1,6,0,1,2,1O,:1N:1N:1N:1N:1N,,,1L:1L,1,0.03000300030003
638,1,6,0,1,2,1O,::1N:1N:1N:1N,,,1L:1L,1,0.03000300030003
639,1,6,0,1,3,2O,1N:1N:1N:1N:1N:1N,,,1L:1L:1L,1,0.03000300030003
640,1,6,0,2,1,1O,::::1N:1N,,:::1S:1S:2S:2S:2S,1L,1,0.03000300030003
641,1,6,0,2,2,,:1N:1N:1N:1N:1N,,1S:1S:1S:1S:2S:2S:2S:2S,1L:1L,1,0.03000300030003
642,1,6,0,2,2,,:1N:1N:1N:1N:1N,,1S:1S:1S:1S:2S:2S:2S:3S,1L:1L,1,0.03000300030003
643,1,6,0,2,2,,:1N:1N:1N:1N:1N,,1S:1S:1S:2S:3S:3S:3S:3S,1L:1L,1,0.03000300030003
644,1,6,0,2,2,,::1N:1N:1N:1N,,1S:1S:1S:1S:2S:2S:2S:2S,1L:1L,1,0.03000300030003
645,1,4,0,2,1,1O,:::1N,,2S:2S:2S:3S:3S:4S:4S:4S,1L,1,0.03000300030003
646,1,4,0,2,1,1O,:::1N,,1S:1S:1S:1S:2S:2S:2S:3S,1L,1,0.03000300030003
647,3,2,0,2,1,::1O,:,,:::1S:1S:2S:2S:2S,1L,1,0.03000300030003
648,1,4,0,2,1,1O,:::,,:::1S:1S:2S:2S:2S,1L,1,0.03000300030003
649,0,5,1,1,0,,::::,,,,1,0.03000300030003
650,0,5,1,1,1,,:::1N:1N,1O,,1L,1,0.03000300030003
651,0,5,1,1,1,,:::1N:1N,2O,,1L,1,0.03000300030003
652,0,5,1,1,1,,::::,,,1L,1,0.03000300030003
653,0,5,1,1,1,,::::1N,,,1L,1,0.03000300030003
654,0,5,1,1,2,,1N:1N:1N:1N:1N,1O,,1L:1L,1,0.03000300030003
655,0,6,0,1,0,,::1N:1N:1N:1N,,,,1,0.03000300030003
656,0,6,0,1,1,,1N:1N:1N:1N:1N:1N,,,1L,1,0.03000300030003
657,0,6,0,1,2,,1N:1N:1N:1N:1N:1N,,,1L:1L,1,0.03000300030003
658,0,6,0,1,2,,:1N:1N:1N:1N:1N,,,1L:1L,1,0.03000300030003
659,0,6,0,2,1,,::1N:1N:1N:1N,,1S:1S:1S:1S:2S:2S:2S:3S,1L,1,0.03000300030003
660,0,6,0,2,1,,::1N:1N:1N:1N,,::1S:1S:2S:2S:2S:2S,1L,1,0.03000300030003
661,0,6,0,2,1,,:::1N:1N:1N,,:::1S:1S:2S:2S:2S,1L,1,0.03000300030003
662,0,6,0,2,2,,:1N:1N:1N:1N:1N,,2S:2S:2S:2S:2S:2S:3S:3S,1L:1L,1,0.03000300030003
663,0,6,0,2,2,,::1N:1N:1N:1N,,1S:1S:1S:2S:3S:3S:3S:3S,1L:1L,1,0.03000300030003
664,0,6,0,2,2,,::1N:1N:1N:1N,,:::1S:1S:2S:2S:2S,1L:1L,1,0.03000300030003
665,0,6,1,1,1,,:::1N:1N:1N,,,1L,1,0.03000300030003
666,0,6,1,1,1,,::::1N:1N,,,1L,1,0.03000300030003
667,0,6,1,1,1,,::::1N:1N,2O1S,,1L,1,0.03000300030003
668,0,5,1,1,0,,:::1N:1N,,,,1,0.03000300030003
669,0,5,1,1,0,,:1N:1N:1N:1N,,,,1,0.03000300030003
670,0,5,0,2,2,,::1N:1N:1N,,1S:1S:1S:1S:2S:3S:3S:3S,1L:1L,1,0.03000300030003
671,0,4,1,1,1,,:1N:1N:1N,1N1O,,1L,1,0.03000300030003
672,0,3,0,2,1,,::1N,,2S:2S:3S:3S:3S:3S:3S:3S,1L,1,0.03000300030003
673,0,3,1,1,0,,::,,,,1,0.03000300030003
674,0,4,0,1,0,,:1N:1N:1N,,,,1,0.03000300030003
675,0,4,0,1,1,,:1N:1N:1N,,,1L,1,0.03000300030003
676,0,4,0,1,1,,:::1N,,,1L,1,0.03000300030003
677,0,4,0,2,1,,:::1N,,2S:2S:2S:3S:3S:3S:4S:4S,1L,1,0.03000300030003
678,0,4,1,1,0,,:::1N,,,,1,0.03000300030003
679,0,4,1,1,1,,:1N:1N:1N,,,1L,1,0.03000300030003
680,0,4,1,1,1,,:1N:1N:1N,1O,,1L,1,0.03000300030003
681,0,5,0,2,2,,1N:1N:1N:1N:1N,,2S:2S:2S:2S:2S:2S:2S:3S,1L:1L,1,0.03000300030003
682,0,4,1,1,1,,::1N:1N,,,1L,1,0.03000300030003
683,0,4,1,1,1,,::1N:1N,3O1S,,1L,1,0.03000300030003
684,0,4,1,1,2,,1N:1N:1N:1N,1O,,1L:1L,1,0.03000300030003
685,0,4,2,1,1,,::1N:1N,1O:1O,,1L,1,0.03000300030003
686,0,5,0,1,0,,:::1N:1N,,,,1,0.03000300030003
687,0,5,0,1,0,,::::,,,,1,0.03000300030003
688,0,5,0,1,2,,1N:1N:1N:1N:1N,,,1L:1L,1,0.03000300030003
689,0,5,0,2,1,,:::1N:1N,,:::1S:1S:2S:2S:2S,1L,1,0.03000300030003
690,0,6,1,1,2,,1N:1N:1N:1N:1N:1N,,,1L:1L,1,0.03000300030003
691,0,6,1,1,2,,:1N:1N:1N:1N:1N,2O,,1L:1L,1,0.03000300030003
692,0,6,2,1,2,,::1N:1N:1N:1N,:,,1L:1L,1,0.03000300030003
693,1,4,0,2,1,,:1N:1N:1N,,:::1S:1S:2S:2S:2S,1L,1,0.03000300030003
694,1,4,0,1,0,,::1N:1N,,,,1,0.03000300030003
695,1,4,0,1,0,1O,:::,,,,1,0.03000300030003
696,1,4,0,1,1,1O,:::1N,,,1L,1,0.03000300030003
697,1,4,0,1,1,2O,::1N:1N,,,1L,1,0.03000300030003
698,1,4,0,1,2,,:1N:1N:1N,,,1L:1L,1,0.03000300030003
699,1,4,0,1,2,,::1N:1N,,,1L:1L,1,0.03000300030003
700,1,4,0,1,2,1O,1N:1N:1N:1N,,,1L:1L,1,0.03000300030003
701,1,4,0,2,1,,:1N:1N:1N,,::1S:1S:2S:2S:2S:2S,1L,1,0.03000300030003
702,1,4,0,2,1,,::1N:1N,,1S:1S:1S:1S:2S:2S:2S:2S,1L,1,0.03000300030003
703,1,3,1,2,1,,::1N,,:::1S:1S:2S:2S:2S,1L,1,0.03000300030003
704,1,4,0,2,1,,::1N:1N,,:1S:1S:2S:2S:2S:2S:3S,1L,1,0.03000300030003
705,1,4,0,2,1,,::1N:1N,,::1S:1S:2S:2S:2S:2S,1L,1,0.03000300030003
706,1,4,0,2,1,,::1N:1N,,:::1S:1S:2S:2S:2S,1L,1,0.03000300030003
707,1,4,0,2,1,,:::1N,,1S:1S:1S:1S:2S:2S:2S:3S,1L,1,0.03000300030003
708,1,4,0,2,1,,:::1N,,3S:3S:3S:3S:3S:3S:4S:4S,1L,1,0.03000300030003
709,1,4,0,2,1,1O,::1N:1N,,1S:1S:1S:1S:2S:2S:2S:3S,1L,1,0.03000300030003
710,1,4,0,2,1,1O,::1N:1N,,::1S:1S:2S:2S:2S:2S,1L,1,0.03000300030003
711,1,4,0,2,1,1O,::1N:1N,,:::1S:1S:2S:2S:2S,1L,1,0.03000300030003
712,1,3,2,1,1,1O,1N:1N:1N,:,,1L,1,0.03000300030003
713,1,3,1,2,1,,::1N,,2S:2S:2S:3S:3S:3S:4S:4S,1L,1,0.03000300030003
714,0,7,0,1,1,,::1N:1N:1N:1N:1N,,,1L,1,0.03000300030003
715,1,3,0,1,0,1O,::,,,,1,0.03000300030003
716,0,7,0,2,2,,::1N:1N:1N:1N:1N,,1S:1S:1S:1S:2S:2S:2S:2S,1L:1L,1,0.03000300030003
717,0,7,0,2,2,,::1N:1N:1N:1N:1N,,1S:1S:1S:2S:3S:3S:3S:3S,1L:1L,1,0.03000300030003
718,0,7,1,1,1,,:::::1N:1N,1O,,1L,1,0.03000300030003
719,0,8,0,1,2,,:1N:1N:1N:1N:1N:1N:1N,,,1L:1L,1,0.03000300030003
720,0,8,0,2,1,,::::::1N:1N,,1S:1S:1S:1S:2S:2S:2S:3S,1L,1,0.03000300030003
721,1,2,0,1,1,1O,1N:1N,,,1L,1,0.03000300030003
722,1,2,0,2,1,,:1N,,:::1S:1S:2S:2S:2S,1L,1,0.03000300030003
723,1,3,0,1,0,1O,:1N:1N,,,,1,0.03000300030003
724,1,3,0,2,1,,::1N,,2S:2S:2S:2S:2S:2S:3S:3S,1L,1,0.03000300030003
725,1,3,1,1,1,1O,::1N,1O,,1L,1,0.03000300030003
726,1,3,0,2,1,,::1N,,2S:2S:2S:3S:3S:4S:4S:4S,1L,1,0.03000300030003
727,1,3,0,2,1,1O,:1N:1N,,::1S:1S:2S:2S:2S:2S,1L,1,0.03000300030003
728,1,3,0,2,2,2O,:1N:1N,,1S:1S:1S:1S:2S:2S:2S:3S,1L:1L,1,0.03000300030003
729,1,3,1,1,0,,::,,,,1,0.03000300030003
730,1,3,1,1,1,,:1N:1N,,,1L,1,0.03000300030003
731,1,3,1,1,1,,:1N:1N,1O,,1L,1,0.03000300030003
732,1,3,1,1,1,,:1N:1N,2O,,1L,1,0.03000300030003
733,1,3,1,1,1,1O,::1N,,,1L,1,0.03000300030003
734,1,7,1,1,1,1O,:::::1N:1N,,,1L,1,0.03000300030003
735,1,7,1,1,2,,:1N:1N:1N:1N:1N:1N,,,1L:1L,1,0.03000300030003
736,1,8,0,1,1,,::::1N:1N:1N:1N,,,1L,1,0.03000300030003
737,1,8,0,1,1,1O,:::::1N:1N:1N,,,1L,1,0.03000300030003
738,2,5,0,2,2,1O:1O,:::1N:1N,,:::1S:1S:2S:2S:2S,1L:1L,1,0.03000300030003
739,2,5,0,2,2,:,1N:1N:1N:1N:1N,,:::1S:1S:2S:2S:2S,1L:1L,1,0.03000300030003
740,2,5,0,2,2,:,:1N:1N:1N:1N,,1S:1S:1S:2S:3S:3S:3S:3S,1L:1L,1,0.03000300030003
741,2,5,0,2,2,:1O,:1N:1N:1N:1N,,2S:2S:2S:2S:2S:2S:2S:2S,1L:1L,1,0.03000300030003
742,0,3,0,2,1,,1N:1N:1N,,:::1S:1S:2S:2S:2S,1L,1,0.03000300030003
743,2,5,0,2,2,:1O,:1N:1N:1N:1N,,::1S:1S:2S:2S:2S:2S,1L:1L,1,0.03000300030003
744,2,5,0,2,2,:1O,:1N:1N:1N:1N,,:::1S:1S:2S:2S:2S,1L:1L,1,0.03000300030003
745,2,5,0,2,2,:1O,::1N:1N:1N,,:::1S:1S:2S:2S:2S,1L:1L,1,0.03000300030003
746,2,5,1,1,0,:,::::,,,,1,0.03000300030003
747,2,5,1,1,0,:,::::1N,1O,,,1,0.03000300030003
748,2,5,1,1,1,:1O,::1N:1N:1N,,,1L,1,0.03000300030003
749,2,5,1,1,2,1O:1O,:1N:1N:1N:1N,,,1L:1L,1,0.03000300030003
750,2,5,1,1,2,1O:1O,::1N:1N:1N,1O,,1L:1L,1,0.03000300030003
751,2,5,1,1,2,:,:1N:1N:1N:1N,,,1L:1L,1,0.03000300030003
752,2,5,1,1,2,:,:1N:1N:1N:1N,1O,,1L:1L,1,0.03000300030003
753,2,5,1,1,2,:1O,1N:1N:1N:1N:1N,,,1L:1L,1,0.03000300030003
754,2,5,1,1,2,:1O,:1N:1N:1N:1N,2O1S,,1L:1L,1,0.03000300030003
755,2,5,1,2,1,1O:1O,:::1N:1N,,1S:1S:1S:1S:2S:2S:2S:3S,1L,1,0.03000300030003
756,2,5,2,1,1,:,:::1N:1N,:,,1L,1,0.03000300030003
757,2,5,0,2,2,1O:1O,::1N:1N:1N,,:::1S:1S:2S:2S:2S,1L:1L,1,0.03000300030003
758,2,5,0,2,2,1O:1O,::1N:1N:1N,,1S:1S:1S:1S:2S:2S:2S:2S,1L:1L,1,0.03000300030003
759,2,5,0,2,1,:1O,::::1N,,:::1S:1S:2S:2S:2S,1L,1,0.03000300030003
760,2,4,1,1,1,:1O,:1N:1N:1N,1O,,1L,1,0.03000300030003
761,2,4,0,2,2,:1O,:1N:1N:1N,,1S:1S:1S:2S:3S:3S:3S:3S,1L:1L,1,0.03000300030003
762,2,4,0,2,2,:1O,:1N:1N:1N,,::1S:1S:1S:2S:2S:2S,1L:1L,1,0.03000300030003
763,2,4,1,1,0,:,:::1N,,,,1,0.03000300030003
764,2,4,1,1,0,:1O,:::,,,,1,0.03000300030003
765,2,4,1,1,1,1O:1O,:1N:1N:1N,,,1L,1,0.03000300030003
766,2,4,1,1,1,1O:1O,:::1N,,,1L,1,0.03000300030003
767,2,4,1,1,1,1O:1O,:::1N,1N,,1L,1,0.03000300030003
768,2,4,1,1,1,:,1N:1N:1N:1N,,,1L,1,0.03000300030003
769,2,4,1,1,2,:,1N:1N:1N:1N,,,1L:1L,1,0.03000300030003
770,2,5,0,2,1,:1O,:::1N:1N,,:::1S:1S:2S:2S:2S,1L,1,0.03000300030003
771,2,4,1,1,2,:1O,1N:1N:1N:1N,1O,,1L:1L,1,0.03000300030003
772,2,4,2,1,1,:1O,:1N:1N:1N,:,,1L,1,0.03000300030003
773,2,5,0,1,0,:,::1N:1N:1N,,,,1,0.03000300030003
774,2,5,0,1,0,:1O,:::1N:1N,,,,1,0.03000300030003
775,2,5,0,1,1,1O:1O,::::1N,,,1L,1,0.03000300030003
776,2,5,0,1,1,:2O,:1N:1N:1N:1N,,,1L,1,0.03000300030003
777,2,5,0,1,2,1O:1O,:1N:1N:1N:1N,,,1L:1L,1,0.03000300030003
778,2,5,0,1,2,:,:1N:1N:1N:1N,,,1L:1L,1,0.03000300030003
779,2,5,2,1,1,:,:::1N:1N,:1O,,1L,1,0.03000300030003
780,2,6,0,1,0,:,:::::,,,,1,0.03000300030003
781,2,6,0,1,1,:,1N:1N:1N:1N:1N:1N,,,1L,1,0.03000300030003
782,3,2,0,1,1,::,1N:1N,,,1L,1,0.03000300030003
783,3,1,0,2,1,:1O:1O,1N,,:::1S:1S:2S:2S:2S,1L,1,0.03000300030003
784,3,1,0,2,1,::,1N,,:::1S:1S:2S:2S:2S,1L,1,0.03000300030003
785,3,1,0,3,2,::1O,1N,,:::1S:1S:1S:1S:1S:1S:1S:2S:2S:2S:2S:2S:3S,1L:1L,1,0.03000300030003
786,3,1,1,1,1,:1O:1O,1N,1O,,1L,1,0.03000300030003
787,3,1,1,3,2,:1O:1O,1N,1O,::1S:1S:1S:1S:1S:1S:2S:2S:2S:2S:2S:2S:2S:2S,1L:1L,1,0.03000300030003
788,3,2,0,1,0,::1O,:1N,,,,1,0.03000300030003
789,3,2,0,1,1,:1O:1O,:,,,1L,1,0.03000300030003
790,3,2,0,1,1,:1O:2O,:,,,1L,1,0.03000300030003
791,3,2,0,1,1,::,:1N,,,1L,1,0.03000300030003
792,3,1,0,1,1,:1O:1O,,,,1L,1,0.03000300030003
793,3,2,0,1,1,::1O,:,,,1L,1,0.03000300030003
794,3,2,0,1,1,::2O,1N:1N,,,1L,1,0.03000300030003
795,3,2,0,2,1,:1O:1O,:1N,,:::1S:1S:2S:2S:2S,1L,1,0.03000300030003
796,3,2,0,2,1,::,1N:1N,,1S:1S:1S:1S:2S:2S:2S:3S,1L,1,0.03000300030003
797,3,2,0,2,1,::,:1N,,1S:1S:1S:1S:2S:2S:2S:2S,1L,1,0.03000300030003
798,3,2,0,2,1,::,:1N,,1S:1S:1S:2S:3S:3S:3S:3S,1L,1,0.03000300030003
799,3,2,0,2,1,::,:1N,,::1S:1S:2S:2S:2S:2S,1L,1,0.03000300030003
800,3,2,0,2,1,::,:1N,,:::1S:1S:2S:2S:2S,1L,1,0.03000300030003
801,3,1,0,1,1,::1O,,,,1L,1,0.03000300030003
802,3,1,0,1,0,::,1N,,,,1,0.03000300030003
803,2,6,0,1,2,1O:1O,:1N:1N:1N:1N:1N,,,1L:1L,1,0.03000300030003
804,2,6,0,2,2,:1O,::1N:1N:1N:1N,,:::1S:1S:2S:2S:2S,1L:1L,1,0.03000300030003
805,2,6,0,1,2,1O:1O,::1N:1N:1N:1N,,,1L:1L,1,0.03000300030003
806,2,6,0,1,2,:,::1N:1N:1N:1N,,,1L:1L,1,0.03000300030003
807,2,6,0,2,1,:,::::1N:1N,,1S:1S:1S:1S:2S:2S:2S:3S,1L,1,0.03000300030003
808,2,6,0,2,1,:1O,:::::1N,,1S:1S:1S:2S:3S:3S:3S:3S,1L,1,0.03000300030003
809,2,6,0,2,2,:,:1N:1N:1N:1N:1N,,1S:1S:1S:2S:3S:3S:3S:3S,1L:1L,1,0.03000300030003
810,2,6,0,2,2,:,::1N:1N:1N:1N,,2S:2S:2S:2S:2S:2S:3S:3S,1L:1L,1,0.03000300030003
811,2,6,0,2,2,:1O,::1N:1N:1N:1N,,1S:1S:1S:2S:3S:3S:3S:3S,1L:1L,1,0.03000300030003
812,2,6,0,2,2,:1O,::1N:1N:1N:1N,,::1S:1S:2S:2S:2S:2S,1L:1L,1,0.03000300030003
813,2,6,0,2,2,:1O,::::1N:1N,,:::1S:1S:2S:2S:2S,1L:1L,1,0.03000300030003
814,2,8,0,1,2,:1O,::1N:1N:1N:1N:1N:1N,,,1L:1L,1,0.03000300030003
815,2,6,1,1,1,:,::1N:1N:1N:1N,,,1L,1,0.03000300030003
816,2,6,1,1,1,:1O,:::1N:1N:1N,,,1L,1,0.03000300030003
817,2,6,1,1,1,:1O,::::1N:1N,,,1L,1,0.03000300030003
818,2,6,1,1,2,:,:1N:1N:1N:1N:1N,1O,,1L:1L,1,0.03000300030003
819,2,6,2,1,1,:,:::1N:1N:1N,:,,1L,1,0.03000300030003
820,2,7,0,1,1,:,:::1N:1N:1N:1N,,,1L,1,0.03000300030003
821,2,7,0,1,1,:1O,:::1N:1N:1N:1N,,,1L,1,0.03000300030003
822,2,7,0,1,2,:1O,:1N:1N:1N:1N:1N:1N,,,1L:1L,1,0.03000300030003
823,2,4,0,2,2,:1O,1N:1N:1N:1N,,::1S:1S:2S:2S:2S:2S,1L:1L,1,0.03000300030003
824,2,4,0,2,2,:,1N:1N:1N:1N,,:::1S:1S:2S:2S:2S,1L:1L,1,0.03000300030003
825,2,4,0,2,2,1O:1O,:1N:1N:1N,,2S:2S:2S:2S:2S:2S:2S:3S,1L:1L,1,0.03000300030003
826,2,3,0,2,1,:,::1N,,:1S:1S:1S:2S:2S:2S:2S,1L,1,0.03000300030003
827,2,3,0,1,1,1O:1O,::1N,,,1L,1,0.03000300030003
828,2,3,0,1,1,:2O,::,,,1L,1,0.03000300030003
829,2,3,0,1,2,:1O,1N:1N:1N,,,1L:1L,1,0.03000300030003
830,2,3,0,2,1,1O:1O,:1N:1N,,1S:1S:1S:1S:2S:2S:2S:2S,1L,1,0.03000300030003
831,2,3,0,2,1,1O:1O,::,,:::1S:1S:2S:2S:2S,1L,1,0.03000300030003
832,2,3,0,2,1,1O:1O,::1N,,1S:1S:1S:2S:2S:3S:3S:3S,1L,1,0.03000300030003
833,2,3,0,2,1,1O:1O,::1N,,:::1S:1S:2S:2S:2S,1L,1,0.03000300030003
834,2,3,0,2,1,:,:1N:1N,,:::1S:1S:2S:2S:2S,1L,1,0.03000300030003
835,2,3,0,2,1,:1O,:1N:1N,,:::1S:1S:2S:2S:2S,1L,1,0.03000300030003
836,2,3,0,1,0,1O:1O,::,,,,1,0.03000300030003
837,2,3,0,2,1,:1O,::1N,,1S:1S:1S:1S:2S:2S:2S:2S,1L,1,0.03000300030003
838,2,3,0,2,1,:1O,::1N,,1S:1S:1S:2S:3S:3S:3S:3S,1L,1,0.03000300030003
839,2,3,0,2,1,:1O,::1N,,2S:2S:2S:2S:2S:2S:2S:3S,1L,1,0.03000300030003
840,2,3,0,2,1,:1O,::1N,,2S:2S:2S:2S:2S:2S:3S:3S,1L,1,0.03000300030003
841,2,3,0,2,1,:1O,::1N,,:1S:1S:1S:2S:2S:2S:2S,1L,1,0.03000300030003
842,2,3,0,2,1,:1O,::1N,,::1S:1S:2S:2S:2S:2S,1L,1,0.03000300030003
843,2,3,0,2,2,1O:1O,1N:1N:1N,,::1S:1S:2S:2S:2S:2S,1L:1L,1,0.03000300030003
844,2,3,0,2,2,1O:1O,:1N:1N,,1S:1S:1S:1S:2S:2S:2S:2S,1L:1L,1,0.03000300030003
845,2,3,0,1,1,1O:1O,1N:1N:1N,,,1L,1,0.03000300030003
846,2,2,2,1,1,:1O,:1N,:,,1L,1,0.03000300030003
847,2,3,0,2,2,:1O,:1N:1N,,:::1S:1S:2S:2S:2S,1L:1L,1,0.03000300030003
848,2,2,0,2,1,:,:1N,,:1S:1S:2S:2S:2S:2S:3S,1L,1,0.03000300030003
849,1,8,0,1,2,1O,:::1N:1N:1N:1N:1N,,,1L:1L,1,0.03000300030003
850,2,1,0,2,1,:1O,,,1S:1S:1S:2S:3S:3S:3S:3S,1L,1,0.03000300030003
851,2,1,0,2,1,:1O,1N,,1S:1S:1S:2S:3S:3S:3S:3S,1L,1,0.03000300030003
852,2,2,0,1,0,:,1N:1N,,,,1,0.03000300030003
853,2,2,0,1,0,:,:,,,,1,0.03000300030003
854,2,2,0,1,0,:1O,:1N,,,,1,0.03000300030003
855,2,2,0,1,1,:,:1N,,,1L,1,0.03000300030003
856,2,2,0,2,1,:,1N:1N,,1S:1S:1S:2S:3S:3S:3S:3S,1L,1,0.03000300030003
857,2,2,0,2,1,:,:1N,,:::1S:1S:2S:2S:2S,1L,1,0.03000300030003
858,2,2,2,1,1,:,1N:1N,:,,1L,1,0.03000300030003
859,2,2,0,2,1,:1O,:1N,,1S:1S:1S:2S:3S:3S:3S:3S,1L,1,0.03000300030003
860,2,2,0,3,2,1O:1O,1N:1N,,:::1S:1S:1S:1S:1S:1S:1S:1S:1S:1S:2S:2S:2S,1L:1L,1,0.03000300030003
861,2,2,0,3,2,1O:1O,:1N,,:::1S:1S:1S:1S:1S:1S:1S:1S:1S:1S:2S:2S:2S,1L:1L,1,0.03000300030003
862,2,2,1,1,1,1O:1O,:1N,,,1L,1,0.03000300030003
863,2,2,1,1,1,:,:1N,1N1O1S,,1L,1,0.03000300030003
864,2,2,1,1,1,:1O,1N:1N,1O,,1L,1,0.03000300030003
865,2,2,1,2,1,:,1N:1N,,1S:1S:1S:1S:2S:2S:2S:3S,1L,1,0.03000300030003
866,2,2,1,2,2,1O:1O,:1N,1O,1S:1S:1S:1S:2S:2S:2S:2S,1L:1L,1,0.03000300030003
867,2,3,0,2,2,:1O,1N:1N:1N,,:::1S:1S:2S:2S:2S,1L:1L,1,0.03000300030003
868,2,3,0,2,2,:2O,1N:1N:1N,,2S:2S:2S:2S:2S:2S:2S:2S,1L:1L,1,0.03000300030003
869,2,4,0,2,2,1O:1O,:1N:1N:1N,,1S:1S:1S:2S:2S:2S:2S:2S,1L:1L,1,0.03000300030003
870,2,4,0,2,1,:,:::1N,,:::1S:1S:2S:2S:2S,1L,1,0.03000300030003
871,2,4,0,1,2,:2O,:1N:1N:1N,,,1L:1L,1,0.03000300030003
872,2,4,0,2,1,1O:1O,::1N:1N,,:::1S:1S:2S:2S:2S,1L,1,0.03000300030003
873,2,4,0,2,1,1O:1O,:::1N,,1S:1S:1S:2S:3S:3S:3S:3S,1L,1,0.03000300030003
874,2,4,0,2,1,1O:1O,:::1N,,:::1S:1S:2S:2S:2S,1L,1,0.03000300030003
875,2,4,0,2,1,:,:1N:1N:1N,,1S:1S:1S:1S:2S:2S:2S:3S,1L,1,0.03000300030003
876,2,4,0,2,1,:,::1N:1N,,1S:1S:1S:1S:2S:2S:2S:2S,1L,1,0.03000300030003
877,2,4,0,2,1,:,::1N:1N,,1S:1S:1S:2S:3S:3S:3S:3S,1L,1,0.03000300030003
878,2,4,0,2,1,:,:::1N,,::1S:1S:1S:2S:2S:2S,1L,1,0.03000300030003
879,2,4,0,2,1,:1O,:1N:1N:1N,,1S:1S:1S:2S:2S:2S:2S:3S,1L,1,0.03000300030003
880,2,4,0,1,2,:,1N:1N:1N:1N,,,1L:1L,1,0.03000300030003
881,2,4,0,2,1,:1O,::1N:1N,,1S:1S:1S:1S:2S:2S:2S:2S,1L,1,0.03000300030003
882,2,4,0,2,1,:1O,::1N:1N,,1S:1S:1S:2S:3S:3S:3S:3S,1L,1,0.03000300030003
883,2,4,0,2,1,:1O,::1N:1N,,2S:2S:2S:2S:3S:3S:4S:4S,1L,1,0.03000300030003
884,2,4,0,2,1,:1O,:::1N,,1S:1S:1S:1S:2S:2S:2S:3S,1L,1,0.03000300030003
885,2,4,0,2,1,:1O,:::1N,,1S:1S:1S:2S:3S:3S:3S:3S,1L,1,0.03000300030003
886,2,4,0,2,1,:1O,:::1N,,2S:2S:2S:2S:2S:2S:2S:3S,1L,1,0.03000300030003
887,2,4,0,2,1,:2O,:::1N,,:::1S:1S:2S:2S:2S,1L,1,0.03000300030003
888,2,4,0,2,2,1O:1O,:1N:1N:1N,,1S:1S:1S:1S:2S:2S:2S:2S,1L:1L,1,0.03000300030003
889,2,4,0,1,2,:1O,::1N:1N,,,1L:1L,1,0.03000300030003
890,2,4,0,1,1,:2O,:::1N,,,1L,1,0.03000300030003
891,2,3,1,1,0,:,::,,,,1,0.03000300030003
892,2,3,1,1,1,:1O,:1N:1N,,,1L,1,0.03000300030003
893,2,3,1,1,0,:1O,::,1O,,,1,0.03000300030003
894,2,3,1,1,1,1O:1O,:1N:1N,,,1L,1,0.03000300030003
895,2,3,1,1,1,1O:1O,:1N:1N,1O,,1L,1,0.03000300030003
896,2,3,1,1,1,1O:1O,::1N,,,1L,1,0.03000300030003
897,2,3,1,1,1,1O:1O,::1N,1O,,1L,1,0.03000300030003
898,2,3,1,1,1,:,1N:1N:1N,,,1L,1,0.03000300030003
899,2,3,1,1,1,:,:1N:1N,2O,,1L,1,0.03000300030003
900,2,3,1,1,1,:,::1N,,,1L,1,0.03000300030003
901,2,3,1,1,1,:1O,::1N,,,1L,1,0.03000300030003
902,2,4,0,1,1,:2O,:1N:1N:1N,,,1L,1,0.03000300030003
903,2,3,1,1,1,:1O,::1N,1O,,1L,1,0.03000300030003
904,2,3,1,1,2,:1O,1N:1N:1N,,,1L:1L,1,0.03000300030003
905,2,3,1,2,1,:1O,::1N,1O,1S:1S:1S:1S:2S:2S:2S:3S,1L,1,0.03000300030003
906,2,3,1,2,2,1O:1O,:1N:1N,1O,1S:1S:1S:1S:2S:2S:2S:2S,1L:1L,1,0.03000300030003
907,2,3,2,1,1,1O:1O,::,:1O,,1L,1,0.03000300030003
908,2,4,0,1,0,:,:1N:1N:1N,,,,1,0.03000300030003
909,2,4,0,1,1,1O:2O,::1N:1N,,,1L,1,0.03000300030003
910,2,4,0,1,1,1O:2O,:::1N,,,1L,1,0.03000300030003
911,7,3,0,1,1,::::::,1N:1N:1N,,,1L,1,0.03000300030003
