,num_dol,num_degdbe,num_tfsi,num_ps,num_li,atoms_dol,atoms_degdbe,atoms_tfsi,atoms_ps,atoms_li,count,%
0,3,1,1,1,2,1O:1O:1O,3O,1O,,1L:1L,71,2.13021302130213
1,2,2,0,1,1,:1O,:3O,,,1L,62,1.86018601860186
2,2,2,0,1,1,:,:3O,,,1L,57,1.7101710171017102
3,3,2,0,1,1,::1O,:2O,,,1L,52,1.56015601560156
4,5,1,0,1,1,::1O:1O:1O,,,,1L,50,1.5001500150015
5,2,2,0,1,2,1O:1O,2O:3O,,,1L:1L,45,1.35013501350135
6,2,3,0,1,1,:1O,::2O,,,1L,44,1.32013201320132
7,2,2,0,1,1,:1O,:2O,,,1L,44,1.32013201320132
8,4,2,0,1,1,:1O:1O:1O,:,,,1L,39,1.17011701170117
9,4,1,1,1,1,::1O:1O,,1O,,1L,38,1.14011401140114
10,3,2,1,1,1,:1O:1O,:,1O,,1L,36,1.08010801080108
11,3,2,0,1,1,::1O,:3O,,,1L,35,1.05010501050105
12,1,2,0,1,2,1O,2O:3O,,,1L:1L,34,1.02010201020102
13,3,1,1,1,2,1O:1O:1O,2O,1O,,1L:1L,33,0.99009900990099
14,1,3,0,1,1,,::3O,,,1L,32,0.96009600960096
15,4,1,0,1,1,:1O:1O:1O,,,,1L,27,0.8100810081008101
16,3,1,0,2,2,1O:1O:1O,3O,,1S:1S:1S:2S:3S:3S:3S:3S,1L:1L,25,0.7500750075007501
17,5,1,1,1,1,:::1O:1O,,1O,,1L,23,0.6900690069006901
18,4,1,0,1,2,1O:1O:1O:1O,3O,,,1L:1L,22,0.6600660066006601
19,6,0,0,1,1,:::1O:1O:1O,,,,1L,22,0.6600660066006601
20,3,1,1,1,2,1O:1O:1O,2O,2O,,1L:1L,22,0.6600660066006601
21,6,1,0,1,1,:::1O:1O:1O,,,,1L,21,0.6300630063006301
22,1,2,0,1,1,,:3O,,,1L,21,0.6300630063006301
23,1,2,0,1,2,1O,3O:3O,,,1L:1L,20,0.6000600060006
24,4,1,1,1,1,:1O:1O:1O,,1O,,1L,20,0.6000600060006
25,2,2,0,1,2,1O:1O,3O:3O,,,1L:1L,20,0.6000600060006
26,3,1,0,1,1,::1O,3O,,,1L,20,0.6000600060006
27,5,2,0,1,1,::1O:1O:1O,:,,,1L,19,0.57005700570057
28,1,3,1,1,1,,::2O,1O,,1L,19,0.57005700570057
29,4,1,1,1,2,:1O:1O:1O,2O,1O,,1L:1L,19,0.57005700570057
30,3,3,0,1,1,::1O,::2O,,,1L,18,0.54005400540054
31,2,2,0,1,2,1O:1O,2O:2O,,,1L:1L,18,0.54005400540054
32,4,2,1,1,1,::1O:1O,:,1O,,1L,17,0.51005100510051
33,4,1,0,1,1,:::1O,3O,,,1L,17,0.51005100510051
34,3,2,0,1,1,:1O:1O,:2O,,,1L,17,0.51005100510051
35,1,3,0,1,1,1O,::2O,,,1L,17,0.51005100510051
36,2,3,0,1,1,:,::3O,,,1L,16,0.48004800480048
37,5,1,0,1,1,:1O:1O:1O:1O,,,,1L,16,0.48004800480048
38,2,3,0,1,1,:1O,::3O,,,1L,15,0.45004500450045
39,1,2,1,1,1,,:2O,1O,,1L,14,0.42004200420042
40,1,2,1,1,1,,:3O,1O,,1L,14,0.42004200420042
41,2,2,1,1,1,:,:2O,1O,,1L,14,0.42004200420042
42,4,1,0,1,1,:::1O,2O,,,1L,13,0.39003900390039
43,3,2,0,1,1,::,:3O,,,1L,13,0.39003900390039
44,5,1,1,1,1,::1O:1O:1O,,1O,,1L,13,0.39003900390039
45,2,2,0,1,2,:1O,2O:3O,,,1L:1L,13,0.39003900390039
46,4,2,0,1,1,:::1O,:2O,,,1L,13,0.39003900390039
47,3,1,0,1,1,::,3O,,,1L,13,0.39003900390039
48,3,1,0,1,1,::1O,2O,,,1L,13,0.39003900390039
49,4,1,1,1,2,:1O:1O:1O,3O,1O,,1L:1L,12,0.36003600360036
50,1,2,0,1,1,1O,:3O,,,1L,12,0.36003600360036
51,3,1,1,1,2,1O:1O:1O,3O,2O,,1L:1L,12,0.36003600360036
52,5,0,0,1,1,::1O:1O:1O,,,,1L,12,0.36003600360036
53,6,1,0,1,1,::1O:1O:1O:1O,,,,1L,12,0.36003600360036
54,4,2,0,1,1,1O:1O:1O:1O,:,,,1L,11,0.33003300330033
55,2,2,1,1,1,:,:3O,1O,,1L,11,0.33003300330033
56,3,1,0,1,2,1O:1O:1O,3O,,,1L:1L,11,0.33003300330033
57,3,2,0,1,2,:1O:1O,2O:3O,,,1L:1L,10,0.3000300030003
58,3,2,0,1,1,1O:1O:1O,:,,,1L,10,0.3000300030003
59,2,1,0,1,1,:,3O,,,1L,10,0.3000300030003
60,4,2,0,1,1,::1O:1O,:,,,1L,9,0.27002700270027
61,5,0,1,1,2,1O:1O:1O:1O:1O,,1O,,1L:1L,9,0.27002700270027
62,2,1,0,1,1,:1O,3O,,,1L,9,0.27002700270027
63,6,0,0,1,1,::1O:1O:1O:1O,,,,1L,9,0.27002700270027
64,2,1,1,1,2,1O:1O,3O,1O,,1L:1L,9,0.27002700270027
65,3,2,0,1,1,:1O:1O,:3O,,,1L,9,0.27002700270027
66,1,2,0,1,1,1O,:2O,,,1L,9,0.27002700270027
67,3,1,0,2,2,1O:1O:1O,2O,,1S:1S:1S:2S:3S:3S:3S:3S,1L:1L,8,0.24002400240024
68,3,1,1,1,1,:1O:1O,,1O,,1L,8,0.24002400240024
69,1,3,1,1,1,,::3O,1O,,1L,8,0.24002400240024
70,4,3,0,1,1,:1O:1O:1O,::,,,1L,8,0.24002400240024
71,4,2,0,1,1,:::1O,:3O,,,1L,8,0.24002400240024
72,2,3,1,1,1,:,::2O,1O,,1L,8,0.24002400240024
73,5,0,0,1,1,:1O:1O:1O:1O,,,,1L,8,0.24002400240024
74,2,2,1,1,1,1O:1O,:,1O,,1L,8,0.24002400240024
75,4,0,1,1,2,1O:1O:1O:1O,,1O,,1L:1L,8,0.24002400240024
76,1,2,0,1,2,1O,2O:2O,,,1L:1L,8,0.24002400240024
77,5,2,1,1,1,:::1O:1O,:,1O,,1L,8,0.24002400240024
78,4,1,1,1,1,::1O:1O,,2O,,1L,8,0.24002400240024
79,3,1,1,1,2,:1O:1O,3O,1O,,1L:1L,8,0.24002400240024
80,3,1,1,1,2,1O:1O:1O,2O,2O1S,,1L:1L,7,0.21002100210021
81,5,0,0,2,2,1O:1O:1O:1O:1O,,,1S:1S:1S:1S:2S:2S:2S:2S,1L:1L,7,0.21002100210021
82,3,1,0,1,1,:1O:1O,3O,,,1L,7,0.21002100210021
83,4,2,0,1,1,:::,:3O,,,1L,7,0.21002100210021
84,7,0,0,1,1,::::1O:1O:1O,,,,1L,7,0.21002100210021
85,7,0,0,1,1,:::1O:1O:1O:1O,,,,1L,7,0.21002100210021
86,3,1,1,1,1,1O:1O:1O,,1O,,1L,7,0.21002100210021
87,5,1,1,1,1,::1O:1O:1O,,,,1L,7,0.21002100210021
88,4,2,1,1,1,::1O:1O,:,2O,,1L,7,0.21002100210021
89,3,1,0,2,2,1O:1O:1O,3O,,2S:2S:2S:3S:3S:4S:4S:4S,1L:1L,7,0.21002100210021
90,3,2,2,1,2,1O:1O:1O,:,1O:1O,,1L:1L,7,0.21002100210021
91,3,1,0,2,2,:1O:1O,2O,,2S:2S:2S:3S:3S:4S:4S:4S,1L:1L,7,0.21002100210021
92,4,1,2,1,1,::1O:1O,,:1O,,1L,7,0.21002100210021
93,2,3,1,1,1,1O:1O,::,1O,,1L,7,0.21002100210021
94,6,2,0,1,1,:::1O:1O:1O,:,,,1L,7,0.21002100210021
95,4,1,0,1,2,1O:1O:1O:1O,2O,,,1L:1L,7,0.21002100210021
96,2,2,0,1,1,1O:1O,:2O,,,1L,7,0.21002100210021
97,3,2,0,1,1,:1O:1O,:,,,1L,7,0.21002100210021
98,1,3,0,1,2,1O,:2O:3O,,,1L:1L,7,0.21002100210021
99,2,2,1,1,1,:1O,:2O,,,1L,6,0.18001800180018
100,3,3,1,1,1,:1O:1O,::,1O,,1L,6,0.18001800180018
101,2,2,0,1,1,:,1O:3O,,,1L,6,0.18001800180018
102,3,2,1,1,1,:1O:1O,:,2O,,1L,6,0.18001800180018
103,5,0,1,1,2,1O:1O:1O:1O:2O,,1O,,1L:1L,6,0.18001800180018
104,5,0,1,1,2,1O:1O:1O:1O:1O,,2O1S,,1L:1L,6,0.18001800180018
105,4,1,0,1,1,:1O:1O:2O,,,,1L,6,0.18001800180018
106,4,1,1,1,2,1O:1O:1O:1O,,1O,,1L:1L,6,0.18001800180018
107,2,2,0,1,1,:1O,1O:3O,,,1L,6,0.18001800180018
108,3,1,1,1,2,1O:1O:1O,3O,,,1L:1L,6,0.18001800180018
109,4,1,0,1,1,1O:1O:1O:1O,,,,1L,6,0.18001800180018
110,3,3,0,1,1,::1O,::3O,,,1L,6,0.18001800180018
111,4,1,0,1,1,::1O:1O,3O,,,1L,6,0.18001800180018
112,4,1,1,1,1,:1O:1O:1O,,,,1L,6,0.18001800180018
113,4,1,0,1,1,:::,3O,,,1L,6,0.18001800180018
114,4,1,0,2,1,::1O:1O,,,:::1S:1S:2S:2S:2S,1L,6,0.18001800180018
115,5,0,0,1,2,1O:1O:1O:1O:1O,,,,1L:1L,5,0.15001500150015
116,5,0,0,1,2,:1O:1O:1O:1O,,,,1L:1L,5,0.15001500150015
117,4,3,1,1,1,::1O:1O,::,1O,,1L,5,0.15001500150015
118,3,1,1,1,2,1O:1O:1O,,3O1S,,1L:1L,5,0.15001500150015
119,3,2,1,1,1,::1O,:,1O,,1L,5,0.15001500150015
120,2,2,0,1,1,:,:2O,,,1L,5,0.15001500150015
121,3,2,0,2,2,1O:1O:1O,:2O,,1S:1S:1S:2S:3S:3S:3S:3S,1L:1L,5,0.15001500150015
122,3,2,0,2,2,1O:1O:1O,:3O,,1S:1S:1S:2S:3S:3S:3S:3S,1L:1L,5,0.15001500150015
123,4,2,1,1,1,:1O:1O:1O,:,1O,,1L,5,0.15001500150015
124,1,3,0,1,1,1O,::3O,,,1L,5,0.15001500150015
125,3,1,1,1,1,1O:1O:1O,,2O,,1L,5,0.15001500150015
126,3,1,0,1,1,:1O:1O,2O,,,1L,5,0.15001500150015
127,4,0,1,1,2,:1O:1O:1O,,1O,,1L:1L,5,0.15001500150015
128,4,0,1,1,2,:1O:1O:1O,,2O,,1L:1L,5,0.15001500150015
129,6,0,1,1,2,::1O:1O:1O:1O,,1O,,1L:1L,5,0.15001500150015
130,6,0,1,1,1,:::1O:1O:1O,,1O,,1L,5,0.15001500150015
131,4,0,2,1,2,1O:1O:1O:1O,,1O:2O,,1L:1L,5,0.15001500150015
132,6,0,0,1,2,1O:1O:1O:1O:1O:1O,,,,1L:1L,5,0.15001500150015
133,1,3,0,1,1,,:1O:3O,,,1L,5,0.15001500150015
134,2,3,1,1,1,:1O,::,2O,,1L,5,0.15001500150015
135,5,1,0,2,1,:::1O:1O,,,1S:1S:1S:1S:2S:2S:2S:3S,1L,5,0.15001500150015
136,2,3,0,1,2,1O:1O,:2O:3O,,,1L:1L,5,0.15001500150015
137,1,4,1,1,1,,:::2O,1O,,1L,5,0.15001500150015
138,3,2,1,1,2,1O:1O:1O,:2O,1O,,1L:1L,5,0.15001500150015
139,3,1,1,1,2,1O:1O:1O,3O,2O1S,,1L:1L,5,0.15001500150015
140,4,1,0,2,2,:1O:1O:1O,2O,,1S:1S:1S:2S:3S:3S:3S:3S,1L:1L,5,0.15001500150015
141,2,1,0,2,2,1O:1O,3O,,1S:1S:1S:2S:3S:3S:3S:3S,1L:1L,5,0.15001500150015
142,3,2,0,2,1,:1O:1O,:,,:::1S:1S:2S:2S:2S,1L,5,0.15001500150015
143,4,1,0,2,2,:1O:1O:1O,3O,,1S:1S:1S:2S:3S:3S:3S:3S,1L:1L,5,0.15001500150015
144,3,2,2,1,1,:1O:1O,:,:1O,,1L,5,0.15001500150015
145,5,0,1,1,2,:1O:1O:1O:1O,,1O,,1L:1L,5,0.15001500150015
146,2,2,0,2,2,1O:1O,:3O,,1S:1S:1S:2S:3S:3S:3S:3S,1L:1L,4,0.12001200120012
147,3,2,1,1,2,1O:1O:1O,:3O,1O,,1L:1L,4,0.12001200120012
148,3,0,2,1,2,1O:1O:1O,,1O:1O,,1L:1L,4,0.12001200120012
149,3,2,2,1,1,::1O,:,1O:1O,,1L,4,0.12001200120012
150,4,0,1,1,2,:1O:1O:1O,,3O1S,,1L:1L,4,0.12001200120012
151,3,1,0,1,1,1O:1O:1O,,,,1L,4,0.12001200120012
152,2,2,1,1,1,:1O,:2O,1O,,1L,4,0.12001200120012
153,4,0,1,1,2,1O:1O:1O:1O,,,,1L:1L,4,0.12001200120012
154,4,0,1,1,1,::1O:1O,,1O,,1L,4,0.12001200120012
155,4,0,2,1,2,1O:1O:1O:1O,,1O:1O,,1L:1L,4,0.12001200120012
156,3,3,0,1,1,:1O:1O,::2O,,,1L,4,0.12001200120012
157,3,3,0,1,1,::,::3O,,,1L,4,0.12001200120012
158,4,1,0,1,1,::1O:1O,,,,1L,4,0.12001200120012
159,2,3,0,1,1,1O:1O,::2O,,,1L,4,0.12001200120012
160,2,3,1,1,1,:1O,::2O,1O,,1L,4,0.12001200120012
161,2,2,1,1,1,1O:1O,:,2O,,1L,4,0.12001200120012
162,3,2,1,1,1,:1O:1O,:1O,1O,,1L,4,0.12001200120012
163,2,2,1,1,1,:1O,:3O,,,1L,4,0.12001200120012
164,3,1,0,2,2,:1O:1O,3O,,1S:1S:1S:2S:3S:3S:3S:3S,1L:1L,4,0.12001200120012
165,4,1,2,1,2,1O:1O:1O:1O,,1O:1O,,1L:1L,4,0.12001200120012
166,4,1,0,1,2,1O:1O:1O:2O,2O,,,1L:1L,4,0.12001200120012
167,2,3,1,1,1,1O:1O,::,2O,,1L,4,0.12001200120012
168,4,1,0,1,2,1O:1O:1O:2O,3O,,,1L:1L,4,0.12001200120012
169,3,1,1,1,1,:1O:1O,,2O,,1L,4,0.12001200120012
170,3,1,2,1,2,1O:1O:1O,,1O:1O,,1L:1L,4,0.12001200120012
171,2,2,0,1,2,:1O,3O:3O,,,1L:1L,4,0.12001200120012
172,2,1,1,1,2,1O:1O,3O,3O1S,,1L:1L,4,0.12001200120012
173,5,0,1,1,2,:1O:1O:1O:1O,,2O,,1L:1L,4,0.12001200120012
174,5,0,1,1,2,:1O:1O:1O:2O,,1O,,1L:1L,4,0.12001200120012
175,5,0,2,1,2,1O:1O:1O:1O:1O,,1O:1O,,1L:1L,4,0.12001200120012
176,5,0,2,1,2,:1O:1O:1O:1O,,1O:1O,,1L:1L,4,0.12001200120012
177,2,1,0,1,1,:1O,2O,,,1L,4,0.12001200120012
178,5,1,0,1,1,::1O:1O:2O,,,,1L,4,0.12001200120012
179,2,2,0,1,2,:1O,2O:2O,,,1L:1L,4,0.12001200120012
180,3,2,0,1,2,1O:1O:1O,:2O,,,1L:1L,4,0.12001200120012
181,1,3,0,1,2,1O,:2O:2O,,,1L:1L,4,0.12001200120012
182,1,3,0,1,1,,::2O,,,1L,4,0.12001200120012
183,6,0,0,1,2,:1O:1O:1O:1O:1O,,,,1L:1L,4,0.12001200120012
184,3,1,1,1,2,:1O:1O,3O,2O,,1L:1L,4,0.12001200120012
185,6,0,0,2,2,:1O:1O:1O:1O:1O,,,1S:1S:1S:1S:2S:2S:2S:2S,1L:1L,4,0.12001200120012
186,6,0,1,1,1,::1O:1O:1O:1O,,1O,,1L,4,0.12001200120012
187,6,1,1,1,1,:::1O:1O:1O,,1O,,1L,4,0.12001200120012
188,3,2,0,1,1,1O:1O:1O,:1O,,,1L,4,0.12001200120012
189,0,4,1,1,1,,:::2O,1O,,1L,4,0.12001200120012
190,7,0,0,1,2,:1O:1O:1O:1O:1O:1O,,,,1L:1L,4,0.12001200120012
191,7,1,0,1,1,::::1O:1O:1O,,,,1L,4,0.12001200120012
192,0,3,0,1,1,,::3O,,,1L,4,0.12001200120012
193,0,2,1,1,1,,:3O,1O,,1L,4,0.12001200120012
194,5,0,0,2,2,:1O:1O:1O:1O,,,1S:1S:1S:1S:2S:2S:2S:2S,1L:1L,4,0.12001200120012
195,0,2,0,1,1,,:3O,,,1L,4,0.12001200120012
196,4,2,1,1,1,:1O:1O:1O,:,,,1L,4,0.12001200120012
197,4,2,2,1,1,::1O:1O,:,:1O,,1L,4,0.12001200120012
198,2,2,0,1,1,:1O,1O:2O,,,1L,4,0.12001200120012
199,3,2,1,1,1,1O:1O:1O,:,,,1L,4,0.12001200120012
200,2,2,0,1,2,1O:2O,2O:3O,,,1L:1L,4,0.12001200120012
201,5,0,0,1,2,1O:1O:1O:1O:2O,,,,1L:1L,3,0.09000900090009
202,4,2,0,2,1,::1O:1O,:,,:::1S:1S:2S:2S:2S,1L,3,0.09000900090009
203,3,2,1,1,1,:1O:1O,:,2O1S,,1L,3,0.09000900090009
204,3,0,1,1,2,1O:1O:1O,,1O,,1L:1L,3,0.09000900090009
205,6,0,0,2,2,1O:1O:1O:1O:1O:1O,,,1S:1S:1S:1S:2S:2S:2S:3S,1L:1L,3,0.09000900090009
206,1,2,1,1,1,,:3O,,,1L,3,0.09000900090009
207,6,0,0,2,1,:::1O:1O:1O,,,1S:1S:1S:1S:2S:2S:2S:3S,1L,3,0.09000900090009
208,2,4,0,1,1,:1O,:::2O,,,1L,3,0.09000900090009
209,4,1,0,1,1,::1O:1O,2O,,,1L,3,0.09000900090009
210,6,0,1,1,1,::::1O:1O,,1O,,1L,3,0.09000900090009
211,4,1,2,1,2,:1O:1O:1O,,1O:2O,,1L:1L,3,0.09000900090009
212,4,1,2,1,2,:1O:1O:1O,,1O:1O,,1L:1L,3,0.09000900090009
213,5,2,0,1,1,:::1O:1O,:,,,1L,3,0.09000900090009
214,4,1,0,1,1,::1O:2O,,,,1L,3,0.09000900090009
215,3,2,0,1,1,::2O,:2O,,,1L,3,0.09000900090009
216,3,1,1,1,2,:1O:1O,2O,2O,,1L:1L,3,0.09000900090009
217,1,3,1,1,1,,::1O,1O,,1L,3,0.09000900090009
218,5,1,1,1,1,:::1O:1O,,2O,,1L,3,0.09000900090009
219,6,0,1,1,1,:::1O:1O:1O,,,,1L,3,0.09000900090009
220,4,0,1,2,2,1O:1O:1O:1O,,1O,1S:1S:1S:1S:2S:2S:2S:2S,1L:1L,3,0.09000900090009
221,6,0,1,1,2,1O:1O:1O:1O:1O:1O,,1O,,1L:1L,3,0.09000900090009
222,3,1,1,1,2,:1O:1O,2O,1O,,1L:1L,3,0.09000900090009
223,3,4,0,1,1,::1O,:::2O,,,1L,3,0.09000900090009
224,4,2,0,1,1,:::,:2O,,,1L,3,0.09000900090009
225,4,0,0,1,2,1O:1O:1O:1O,,,,1L:1L,3,0.09000900090009
226,4,0,0,2,1,::1O:1O,,,:::1S:1S:2S:2S:2S,1L,3,0.09000900090009
227,4,0,1,1,1,:1O:1O:1O,,1O,,1L,3,0.09000900090009
228,3,1,2,1,2,1O:1O:1O,2O,1O:1O,,1L:1L,3,0.09000900090009
229,3,1,0,1,2,:1O:1O,3O,,,1L:1L,3,0.09000900090009
230,3,3,1,1,1,1O:1O:1O,::,1O,,1L,3,0.09000900090009
231,4,2,0,2,1,::1O:1O,:,,1S:1S:1S:1S:2S:2S:2S:3S,1L,3,0.09000900090009
232,0,3,1,1,1,,::2O,2O,,1L,3,0.09000900090009
233,4,2,0,1,1,::1O:1O,:2O,,,1L,3,0.09000900090009
234,3,1,0,1,1,::,2O,,,1L,3,0.09000900090009
235,3,1,1,1,2,1O:1O:1O,,1O,,1L:1L,3,0.09000900090009
236,3,3,0,2,1,:1O:1O,::,,:::1S:1S:2S:2S:2S,1L,3,0.09000900090009
237,4,2,0,1,1,:1O:1O:2O,:,,,1L,3,0.09000900090009
238,6,1,0,2,1,::::1O:1O,,,1S:1S:1S:1S:2S:2S:2S:3S,1L,3,0.09000900090009
239,1,2,0,1,1,,1O:3O,,,1L,3,0.09000900090009
240,3,1,1,2,2,:1O:1O,2O,1O,1S:1S:1S:2S:3S:3S:3S:3S,1L:1L,3,0.09000900090009
241,1,2,0,2,2,1O,2O:2O,,:::1S:1S:2S:2S:2S,1L:1L,3,0.09000900090009
242,5,1,1,1,1,:1O:1O:1O:1O,,1O,,1L,3,0.09000900090009
243,5,1,1,1,2,1O:1O:1O:1O:1O,,1O,,1L:1L,3,0.09000900090009
244,3,2,0,1,2,1O:1O:1O,1O:3O,,,1L:1L,3,0.09000900090009
245,3,1,1,1,1,::1O,,1O,,1L,3,0.09000900090009
246,3,2,0,2,1,:1O:1O,:,,1S:1S:1S:2S:3S:3S:3S:3S,1L,3,0.09000900090009
247,5,0,1,1,2,::1O:1O:1O,,1O,,1L:1L,3,0.09000900090009
248,5,1,0,2,2,1O:1O:1O:1O:1O,,,1S:1S:1S:1S:2S:2S:2S:2S,1L:1L,3,0.09000900090009
249,4,1,1,1,1,:1O:1O:2O,,,,1L,3,0.09000900090009
250,3,2,1,1,1,::,:2O,1O,,1L,3,0.09000900090009
251,2,1,1,1,1,:,2O,1O,,1L,3,0.09000900090009
252,2,1,1,1,1,:1O,2O,,,1L,3,0.09000900090009
253,4,1,1,1,1,:::1O,2O,,,1L,3,0.09000900090009
254,5,0,1,1,2,1O:1O:1O:1O:1O,,,,1L:1L,3,0.09000900090009
255,4,1,1,1,2,1O:1O:1O:1O,,2O,,1L:1L,3,0.09000900090009
256,5,0,1,1,1,:::1O:1O,,1O,,1L,3,0.09000900090009
257,4,1,1,1,2,1O:1O:1O:1O,2O,1O,,1L:1L,3,0.09000900090009
258,4,1,1,1,2,1O:1O:1O:1O,3O,1O,,1L:1L,3,0.09000900090009
259,5,0,1,1,1,::1O:1O:1O,,1O,,1L,3,0.09000900090009
260,4,1,1,1,2,:1O:1O:1O,,1O,,1L:1L,3,0.09000900090009
261,3,2,1,1,1,::1O,:2O,,,1L,3,0.09000900090009
262,5,0,1,1,1,:1O:1O:1O:1O,,,,1L,3,0.09000900090009
263,2,2,1,1,1,:1O,:,1O,,1L,3,0.09000900090009
264,2,1,1,2,2,1O:1O,2O,1O,2S:2S:2S:3S:3S:4S:4S:4S,1L:1L,3,0.09000900090009
265,4,3,0,1,1,:::1O,::2O,,,1L,3,0.09000900090009
266,4,1,1,1,1,:1O:1O:1O,1O,1O,,1L,3,0.09000900090009
267,3,2,0,2,1,:1O:1O,:,,1S:1S:1S:1S:2S:2S:2S:3S,1L,3,0.09000900090009
268,5,1,0,1,2,1O:1O:1O:1O:1O,,,,1L:1L,3,0.09000900090009
269,1,4,0,1,1,,:::3O,,,1L,3,0.09000900090009
270,2,3,0,2,1,:1O,::,,::1S:1S:2S:2S:2S:2S,1L,3,0.09000900090009
271,3,2,1,1,1,1O:1O:1O,:,1O,,1L,3,0.09000900090009
272,4,1,0,2,1,:1O:1O:1O,,,:::1S:1S:2S:2S:2S,1L,3,0.09000900090009
273,3,1,1,1,2,1O:1O:2O,2O,2O,,1L:1L,3,0.09000900090009
274,5,1,0,1,2,:1O:1O:1O:1O,2O,,,1L:1L,3,0.09000900090009
275,5,1,0,2,1,:::1O:1O,,,2S:2S:2S:2S:2S:2S:3S:3S,1L,3,0.09000900090009
276,3,2,0,2,2,:1O:1O,:2O,,1S:1S:1S:2S:3S:3S:3S:3S,1L:1L,3,0.09000900090009
277,4,1,0,2,1,:::1O,,,:::1S:1S:2S:2S:2S,1L,3,0.09000900090009
278,5,1,0,1,1,::::1O,2O,,,1L,3,0.09000900090009
279,4,1,0,2,1,::1O:1O,,,::1S:1S:2S:2S:2S:2S,1L,3,0.09000900090009
280,3,2,0,1,2,1O:1O:1O,:3O,,,1L:1L,2,0.06000600060006
281,3,2,0,1,2,1O:1O:1O,2O:3O,,,1L:1L,2,0.06000600060006
282,3,2,0,2,1,::1O,:,,:::1S:1S:2S:2S:2S,1L,2,0.06000600060006
283,3,2,1,1,1,::1O,:,2O,,1L,2,0.06000600060006
284,3,3,0,1,1,1O:1O:1O,::,,,1L,2,0.06000600060006
285,3,2,1,1,1,::1O,:2O,1O,,1L,2,0.06000600060006
286,3,2,0,1,1,:1O:1O,:1O,,,1L,2,0.06000600060006
287,3,2,1,1,2,:1O:1O,:2O,2O,,1L:1L,2,0.06000600060006
288,3,2,0,1,1,::,:2O,,,1L,2,0.06000600060006
289,3,1,2,1,2,1O:1O:1O,3O,1O:1O,,1L:1L,2,0.06000600060006
290,3,3,1,1,1,:1O:1O,::,2O,,1L,2,0.06000600060006
291,3,2,0,1,1,:1O:2O,:,,,1L,2,0.06000600060006
292,3,3,0,2,1,:1O:1O,::,,1S:1S:1S:2S:3S:3S:3S:3S,1L,2,0.06000600060006
293,3,1,2,1,2,:1O:1O,2O,1O:1O,,1L:1L,2,0.06000600060006
294,3,3,0,1,1,:1O:1O,::,,,1L,2,0.06000600060006
295,3,2,0,1,2,:1O:1O,2O:2O,,,1L:1L,2,0.06000600060006
296,3,3,0,2,1,:1O:1O,::,,::1S:1S:2S:2S:2S:2S,1L,2,0.06000600060006
297,3,2,1,1,1,::,:3O,1O,,1L,2,0.06000600060006
298,3,1,2,1,2,1O:1O:1O,2O,:1O,,1L:1L,2,0.06000600060006
299,0,2,0,1,1,,:2O,,,1L,2,0.06000600060006
300,3,3,1,1,1,::,::2O,1O,,1L,2,0.06000600060006
301,5,1,0,1,1,1O:1O:1O:1O:1O,,,,1L,2,0.06000600060006
302,5,1,0,2,2,::1O:1O:1O,2O,,1S:1S:1S:2S:3S:3S:3S:3S,1L:1L,2,0.06000600060006
303,5,1,0,2,1,:::1O:1O,,,:::1S:1S:2S:2S:2S,1L,2,0.06000600060006
304,5,1,0,2,1,:::1O:1O,,,::1S:1S:2S:2S:2S:2S,1L,2,0.06000600060006
305,5,1,0,2,1,::1O:1O:1O,,,:::1S:1S:2S:2S:2S,1L,2,0.06000600060006
306,5,1,0,1,2,:1O:1O:1O:1O,3O,,,1L:1L,2,0.06000600060006
307,5,1,0,1,1,::::1O,3O,,,1L,2,0.06000600060006
308,5,1,0,1,1,::::,2O,,,1L,2,0.06000600060006
309,5,1,0,1,1,:1O:1O:1O:2O,,,,1L,2,0.06000600060006
310,5,0,2,1,2,:1O:1O:1O:1O,,1O:2O,,1L:1L,2,0.06000600060006
311,4,3,0,1,1,::1O:1O,::2O,,,1L,2,0.06000600060006
312,5,0,2,1,1,::1O:1O:1O,,:1O,,1L,2,0.06000600060006
313,5,0,1,1,2,::1O:1O:1O,,3O1S,,1L:1L,2,0.06000600060006
314,5,0,1,1,2,:1O:1O:1O:1O,,2O1S,,1L:1L,2,0.06000600060006
315,5,0,1,1,2,:1O:1O:1O:1O,,,,1L:1L,2,0.06000600060006
316,5,0,1,1,2,1O:1O:1O:1O:1O,,2O,,1L:1L,2,0.06000600060006
317,5,0,0,2,1,:::1O:1O,,,:::1S:1S:2S:2S:2S,1L,2,0.06000600060006
318,5,0,0,2,1,::1O:1O:1O,,,1S:1S:1S:1S:2S:2S:2S:3S,1L,2,0.06000600060006
319,5,0,0,1,1,:::1O:1O,,,,1L,2,0.06000600060006
320,5,1,1,1,1,:1O:1O:1O:1O,,,,1L,2,0.06000600060006
321,5,1,1,2,1,:::1O:1O,,,2S:2S:2S:2S:2S:2S:3S:3S,1L,2,0.06000600060006
322,5,2,0,1,1,:1O:1O:1O:1O,:,,,1L,2,0.06000600060006
323,5,2,0,1,1,:::1O:1O,:2O,,,1L,2,0.06000600060006
324,8,0,0,1,1,::::1O:1O:1O:1O,,,,1L,2,0.06000600060006
325,7,1,0,1,1,:::1O:1O:1O:1O,,,,1L,2,0.06000600060006
326,7,0,0,2,2,:1O:1O:1O:1O:1O:1O,,,1S:1S:1S:1S:2S:2S:2S:2S,1L:1L,2,0.06000600060006
327,7,0,0,1,1,::1O:1O:1O:1O:1O,,,,1L,2,0.06000600060006
328,6,1,1,1,1,::::1O:1O,,2O,,1L,2,0.06000600060006
329,6,1,1,1,1,::::1O:1O,,1O,,1L,2,0.06000600060006
330,6,1,1,1,1,:::1O:1O:1O,,,,1L,2,0.06000600060006
331,6,1,0,1,2,:1O:1O:1O:1O:1O,,,,1L:1L,2,0.06000600060006
332,6,1,0,1,1,::::1O:1O,,,,1L,2,0.06000600060006
333,6,0,1,1,2,:1O:1O:1O:1O:1O,,2O,,1L:1L,2,0.06000600060006
334,6,0,1,1,2,:1O:1O:1O:1O:1O,,1O,,1L:1L,2,0.06000600060006
335,6,0,1,1,1,::1O:1O:1O:1O,,,,1L,2,0.06000600060006
336,6,0,0,2,2,1O:1O:1O:1O:1O:1O,,,1S:1S:1S:1S:2S:2S:2S:2S,1L:1L,2,0.06000600060006
337,6,0,0,2,1,::::1O:1O,,,:::1S:1S:2S:2S:2S,1L,2,0.06000600060006
338,6,0,0,2,1,::::1O:1O,,,2S:2S:2S:2S:2S:2S:3S:3S,1L,2,0.06000600060006
339,6,0,0,1,2,:1O:1O:1O:1O:2O,,,,1L:1L,2,0.06000600060006
340,5,2,0,1,1,::::1O,:2O,,,1L,2,0.06000600060006
341,4,3,1,1,1,::1O:1O,::,2O,,1L,2,0.06000600060006
342,4,3,0,1,1,:1O:1O:2O,::,,,1L,2,0.06000600060006
343,4,0,0,1,1,:1O:1O:1O,,,,1L,2,0.06000600060006
344,4,0,2,1,2,1O:1O:1O:1O,,:1O,,1L:1L,2,0.06000600060006
345,4,1,0,2,1,::1O:1O,,,1S:1S:1S:1S:2S:2S:2S:3S,1L,2,0.06000600060006
346,4,1,0,2,1,:1O:1O:1O,,,1S:1S:1S:1S:2S:3S:3S:3S,1L,2,0.06000600060006
347,4,1,0,1,2,:1O:1O:1O,3O,,,1L:1L,2,0.06000600060006
348,4,1,0,1,2,:1O:1O:1O,2O,,,1L:1L,2,0.06000600060006
349,4,1,0,1,1,:::1O,,,,1L,2,0.06000600060006
350,4,1,0,1,1,:1O:1O:1O,2O,,,1L,2,0.06000600060006
351,4,1,0,1,1,:1O:1O:1O,1O,,,1L,2,0.06000600060006
352,4,0,2,1,2,:1O:1O:1O,,1O:2O,,1L:1L,2,0.06000600060006
353,4,0,2,1,2,1O:1O:1O:1O,,1O:2O1S,,1L:1L,2,0.06000600060006
354,4,2,1,1,2,:1O:1O:1O,:,1O,,1L:1L,2,0.06000600060006
355,4,0,1,2,2,:1O:1O:1O,,2O,1S:1S:1S:1S:2S:2S:2S:2S,1L:1L,2,0.06000600060006
356,4,0,1,2,2,:1O:1O:1O,,1O,1S:1S:1S:1S:2S:2S:2S:2S,1L:1L,2,0.06000600060006
357,4,0,1,1,2,:1O:1O:2O,,2O1S,,1L:1L,2,0.06000600060006
358,4,0,1,1,2,:1O:1O:1O,,2O1S,,1L:1L,2,0.06000600060006
359,4,0,1,1,2,1O:1O:1O:1O,,3O1S,,1L:1L,2,0.06000600060006
360,4,0,1,1,2,1O:1O:1O:1O,,2O1S,,1L:1L,2,0.06000600060006
361,4,0,1,1,2,1O:1O:1O:1O,,2O,,1L:1L,2,0.06000600060006
362,4,0,1,1,1,::1O:2O,,1O,,1L,2,0.06000600060006
363,4,1,0,2,1,::1O:1O,,,2S:2S:2S:2S:2S:2S:3S:3S,1L,2,0.06000600060006
364,4,1,1,1,1,:1O:1O:1O,,2O,,1L,2,0.06000600060006
365,4,1,1,1,1,:1O:1O:2O,,1O,,1L,2,0.06000600060006
366,4,1,1,1,1,::1O:1O,,3O1S,,1L,2,0.06000600060006
367,4,2,1,1,1,::1O:1O,:1O,1O,,1L,2,0.06000600060006
368,4,2,1,1,1,:1O:1O:1O,:,2O,,1L,2,0.06000600060006
369,4,2,0,2,1,::1O:1O,:,,1S:1S:1S:2S:3S:3S:3S:3S,1L,2,0.06000600060006
370,4,2,0,1,1,:::1O,1O:2O,,,1L,2,0.06000600060006
371,4,2,0,1,1,::1O:1O,:3O,,,1L,2,0.06000600060006
372,4,1,2,1,2,:1O:1O:1O,,2O:2O,,1L:1L,2,0.06000600060006
373,4,1,2,1,2,1O:1O:1O:1O,,1O:2O,,1L:1L,2,0.06000600060006
374,4,1,2,1,1,::1O:1O,,1O:1O,,1L,2,0.06000600060006
375,3,1,2,1,1,::1O,,1O:2O1S,,1L,2,0.06000600060006
376,4,1,1,1,2,:1O:1O:2O,3O,1O,,1L:1L,2,0.06000600060006
377,4,1,1,1,2,:1O:1O:1O,3O,2O,,1L:1L,2,0.06000600060006
378,4,1,1,1,2,:1O:1O:1O,2O,2O,,1L:1L,2,0.06000600060006
379,4,1,1,1,2,:1O:1O:1O,,2O1S,,1L:1L,2,0.06000600060006
380,4,1,1,1,2,:1O:1O:1O,,2O,,1L:1L,2,0.06000600060006
381,4,1,1,1,2,1O:1O:1O:2O,,1O,,1L:1L,2,0.06000600060006
382,4,1,1,1,2,1O:1O:1O:1O,,2O1S,,1L:1L,2,0.06000600060006
383,4,1,1,1,1,:::1O,,2O,,1L,2,0.06000600060006
384,4,1,1,2,2,:1O:1O:1O,,1O,1S:1S:1S:1S:2S:2S:2S:2S,1L:1L,2,0.06000600060006
385,8,0,0,1,1,:::::1O:1O:1O,,,,1L,2,0.06000600060006
386,3,0,2,1,2,:1O:1O,,1O:1O,,1L:1L,2,0.06000600060006
387,1,2,2,1,2,1O,:,1O:1O,,1L:1L,2,0.06000600060006
388,1,4,1,1,1,1O,:::2O,1O,,1L,2,0.06000600060006
389,1,4,1,1,1,1O,:::,2O,,1L,2,0.06000600060006
390,3,0,2,1,1,:1O:1O,,:1O,,1L,2,0.06000600060006
391,1,4,1,1,1,,:::2O,2O,,1L,2,0.06000600060006
392,1,4,0,1,1,1O,:::2O,,,1L,2,0.06000600060006
393,3,1,0,1,1,:1O:1O,,,,1L,2,0.06000600060006
394,1,3,1,1,1,1O,::,2O,,1L,2,0.06000600060006
395,1,3,1,1,1,,::3O,,,1L,2,0.06000600060006
396,1,3,1,1,1,,::2O,2O1S,,1L,2,0.06000600060006
397,3,1,0,2,1,:1O:1O,,,:::1S:1S:2S:2S:2S,1L,2,0.06000600060006
398,1,2,2,1,2,1O,:,1O:2O,,1L:1L,2,0.06000600060006
399,3,1,0,2,2,:1O:1O,2O,,1S:1S:1S:2S:3S:3S:3S:3S,1L:1L,2,0.06000600060006
400,2,1,0,1,1,1O:1O,3O,,,1L,2,0.06000600060006
401,3,1,0,2,2,:1O:1O,3O,,2S:2S:2S:3S:3S:4S:4S:4S,1L:1L,2,0.06000600060006
402,3,1,1,1,1,1O:1O:1O,,,,1L,2,0.06000600060006
403,3,1,1,1,1,1O:1O:1O,,2O1S,,1L,2,0.06000600060006
404,1,2,1,1,1,1O,:3O,1O,,1L,2,0.06000600060006
405,1,2,1,1,1,,:2O,2O,,1L,2,0.06000600060006
406,3,1,1,1,1,:1O:1O,,1N1O1S,,1L,2,0.06000600060006
407,3,1,1,1,1,:1O:2O,,1O,,1L,2,0.06000600060006
408,3,1,1,1,1,::,2O,1O,,1L,2,0.06000600060006
409,3,1,1,1,1,::1O,,2O,,1L,2,0.06000600060006
410,3,1,1,1,1,::1O,2O,,,1L,2,0.06000600060006
411,3,1,1,1,1,::1O,2O,1O,,1L,2,0.06000600060006
412,3,0,1,1,2,1O:1O:1O,,3O1S,,1L:1L,2,0.06000600060006
413,2,1,0,1,2,1O:1O,3O,,,1L:1L,2,0.06000600060006
414,3,1,1,1,2,1O:1O:1O,2O,1O1S,,1L:1L,2,0.06000600060006
415,2,1,1,1,2,1O:2O,3O,1O,,1L:1L,2,0.06000600060006
416,2,2,0,2,2,1O:1O,:2O,,2S:2S:2S:3S:3S:4S:4S:4S,1L:1L,2,0.06000600060006
417,2,2,0,2,2,:1O,:3O,,2S:2S:2S:3S:3S:4S:4S:4S,1L:1L,2,0.06000600060006
418,2,2,0,1,2,1O:1O,:3O,,,1L:1L,2,0.06000600060006
419,2,2,0,1,2,1O:1O,1O:2O,,,1L:1L,2,0.06000600060006
420,2,2,1,1,1,:,:3O,2O,,1L,2,0.06000600060006
421,2,2,0,1,1,1O:1O,1O:2O,,,1L,2,0.06000600060006
422,2,2,1,1,1,:1O,:3O,1O,,1L,2,0.06000600060006
423,2,1,2,1,1,:1O,,1O:1O,,1L,2,0.06000600060006
424,2,1,2,1,1,1O:1O,,1O:1O,,1L,2,0.06000600060006
425,2,1,1,2,2,1O:1O,3O,1O,2S:2S:2S:3S:3S:4S:4S:4S,1L:1L,2,0.06000600060006
426,2,1,1,2,2,1O:1O,2O,1O,1S:1S:1S:2S:3S:3S:3S:3S,1L:1L,2,0.06000600060006
427,2,1,1,1,2,1O:1O,3O,2O,,1L:1L,2,0.06000600060006
428,2,4,0,1,1,1O:1O,:::,,,1L,2,0.06000600060006
429,2,3,0,1,1,1O:1O,::3O,,,1L,2,0.06000600060006
430,2,3,0,1,1,:1O,:1O:2O,,,1L,2,0.06000600060006
431,2,1,1,1,2,1O:1O,2O,2O,,1L:1L,2,0.06000600060006
432,2,1,1,1,2,1O:1O,2O,1O,,1L:1L,2,0.06000600060006
433,2,3,0,1,2,1O:1O,:1O:3O,,,1L:1L,2,0.06000600060006
434,2,3,0,1,2,1O:1O,:2O:2O,,,1L:1L,2,0.06000600060006
435,2,1,1,1,1,1O:1O,,2O,,1L,2,0.06000600060006
436,2,1,0,2,2,1O:1O,3O,,2S:2S:2S:3S:3S:4S:4S:4S,1L:1L,2,0.06000600060006
437,2,3,1,1,1,:,::2O,2O,,1L,2,0.06000600060006
438,2,3,1,1,1,:,::2O,2O1S,,1L,2,0.06000600060006
439,2,3,1,1,1,:1O,::,1O,,1L,2,0.06000600060006
440,1,2,0,1,2,1O,1O:3O,,,1L:1L,2,0.06000600060006
441,2,2,0,2,2,:1O,2O:3O,,:::1S:1S:2S:2S:2S,1L:1L,2,0.06000600060006
442,3,1,1,1,2,1O:1O:1O,3O,3O,,1L:1L,2,0.06000600060006
443,3,1,1,1,2,1O:1O:2O,2O,1O,,1L:1L,2,0.06000600060006
444,1,1,0,1,1,,3O,,,1L,2,0.06000600060006
445,3,1,2,1,1,:1O:1O,,:1O,,1L,2,0.06000600060006
446,3,1,1,2,2,1O:1O:1O,,2O,1S:1S:1S:1S:2S:2S:2S:2S,1L:1L,2,0.06000600060006
447,3,1,1,1,2,1O:1O:2O,3O,1O,,1L:1L,2,0.06000600060006
448,0,3,1,1,1,,::2O,1O,,1L,2,0.06000600060006
449,3,1,1,1,2,:1O:1O,2O,3O1S,,1L:1L,2,0.06000600060006
450,3,1,1,1,2,1O:1O:1O,3O,1N1O,,1L:1L,2,0.06000600060006
451,7,0,0,2,1,::::1O:1O:1O,,,1S:1S:1S:1S:2S:2S:2S:3S,1L,1,0.03000300030003
452,5,0,1,1,2,1O:1O:1O:1O:1O,,1N2O1S,,1L:1L,1,0.03000300030003
453,7,0,0,2,1,:::1O:1O:1O:1O,,,1S:1S:1S:1S:2S:2S:2S:3S,1L,1,0.03000300030003
454,6,1,0,1,2,1O:1O:1O:1O:1O:1O,,,,1L:1L,1,0.03000300030003
455,2,1,1,1,2,1O:1O,2O,1N3O2S,,1L:1L,1,0.03000300030003
456,2,1,1,1,1,:1O,3O,,,1L,1,0.03000300030003
457,5,0,1,1,2,1O:1O:1O:1O:1O,,3O1S,,1L:1L,1,0.03000300030003
458,2,1,1,1,1,:1O,2O,1O1S,,1L,1,0.03000300030003
459,7,0,0,1,2,::1O:1O:1O:1O:1O,,,,1L:1L,1,0.03000300030003
460,5,0,1,1,2,1O:1O:1O:2O:2O,,2O,,1L:1L,1,0.03000300030003
461,2,1,1,1,1,:1O,2O,1O,,1L,1,0.03000300030003
462,2,1,1,1,1,:,3O,,,1L,1,0.03000300030003
463,5,0,1,1,1,::::1O,,2O,,1L,1,0.03000300030003
464,5,0,1,1,1,:::1O:1O,,1N1O1S,,1L,1,0.03000300030003
465,2,1,1,1,2,1O:1O,2O,2O1S,,1L:1L,1,0.03000300030003
466,5,0,0,3,2,::1O:1O:1O,,,1S:1S:1S:1S:2S:2S:2S:2S:2S:2S:2S:2S:2S:2S:2S:2S,1L:1L,1,0.03000300030003
467,5,0,0,2,2,1O:1O:1O:1O:2O,,,1S:1S:1S:1S:2S:2S:2S:3S,1L:1L,1,0.03000300030003
468,2,1,1,1,2,1O:1O,3O,2O1S,,1L:1L,1,0.03000300030003
469,5,0,0,2,2,:1O:1O:1O:2O,,,1S:1S:1S:1S:2S:2S:2S:2S,1L:1L,1,0.03000300030003
470,5,0,0,2,2,:1O:1O:1O:2O,,,1S:1S:1S:1S:2S:2S:2S:3S,1L:1L,1,0.03000300030003
471,5,0,0,2,2,::1O:1O:1O,,,1S:1S:1S:1S:2S:2S:2S:3S,1L:1L,1,0.03000300030003
472,5,0,0,2,2,::1O:1O:1O,,,2S:2S:2S:2S:2S:2S:2S:3S,1L:1L,1,0.03000300030003
473,7,0,0,3,2,:::1O:1O:1O:1O,,,1S:1S:1S:1S:1S:1S:1S:1S:1S:1S:1S:1S:2S:2S:2S:2S,1L:1L,1,0.03000300030003
474,7,0,0,1,2,:1O:1O:1O:1O:1O:2O,,,,1L:1L,1,0.03000300030003
475,5,0,1,1,1,:1O:1O:1O:1O,,1O,,1L,1,0.03000300030003
476,5,0,1,1,1,::1O:1O:1O,,,,1L,1,0.03000300030003
477,2,1,1,1,2,1O:1O,2O,3O2S,,1L:1L,1,0.03000300030003
478,7,0,0,2,2,::1O:1O:1O:1O:1O,,,1S:1S:1S:1S:2S:2S:2S:2S,1L:1L,1,0.03000300030003
479,5,0,1,1,1,::1O:1O:1O,,2O,,1L,1,0.03000300030003
480,5,0,1,1,1,::1O:1O:2O,,,,1L,1,0.03000300030003
481,7,0,0,1,2,:1O:1O:1O:1O:2O:2O,,,,1L:1L,1,0.03000300030003
482,5,0,1,1,2,:1O:1O:1O:2O,,2O,,1L:1L,1,0.03000300030003
483,2,1,0,2,2,1O:2O,3O,,1S:1S:1S:2S:3S:3S:3S:3S,1L:1L,1,0.03000300030003
484,5,0,2,1,2,1O:1O:1O:1O:2O,,:1O,,1L:1L,1,0.03000300030003
485,1,1,0,1,1,,2O,,,1L,1,0.03000300030003
486,5,0,2,1,2,1O:1O:1O:1O:1O,,1O:2O,,1L:1L,1,0.03000300030003
487,5,0,2,1,2,1O:1O:1O:1O:1O,,1O:3O,,1L:1L,1,0.03000300030003
488,5,0,2,1,2,1O:1O:1O:1O:1O,,:1O,,1L:1L,1,0.03000300030003
489,7,0,0,1,1,:::1O:1O:1O:2O,,,,1L,1,0.03000300030003
490,5,0,2,1,2,1O:1O:1O:1O:1O,,:2O,,1L:1L,1,0.03000300030003
491,5,0,2,1,2,:1O:1O:1O:1O,,1N3O1S:1O,,1L:1L,1,0.03000300030003
492,0,4,1,1,1,,:::,3O1S,,1L,1,0.03000300030003
493,2,1,0,2,1,:1O,,,::1S:1S:2S:2S:2S:2S,1L,1,0.03000300030003
494,5,0,2,1,2,:1O:1O:1O:1O,,1O:1O1S,,1L:1L,1,0.03000300030003
495,2,1,0,2,1,1O:1O,1O,,::1S:1S:2S:2S:2S:2S,1L,1,0.03000300030003
496,5,0,2,1,2,:1O:1O:1O:1O,,1O:2O1S,,1L:1L,1,0.03000300030003
497,5,0,2,1,2,:1O:1O:1O:1O,,:1O,,1L:1L,1,0.03000300030003
498,5,0,2,1,2,::1O:1O:1O,,1O:1O,,1L:1L,1,0.03000300030003
499,2,1,0,2,2,1O:1O,2O,,1S:1S:1S:2S:2S:3S:3S:3S,1L:1L,1,0.03000300030003
500,7,0,0,1,1,::::1O:1O:2O,,,,1L,1,0.03000300030003
501,2,1,0,2,2,1O:1O,2O,,1S:1S:1S:2S:3S:3S:3S:3S,1L:1L,1,0.03000300030003
502,5,0,2,1,1,::1O:1O:1O,,1O:1O,,1L,1,0.03000300030003
503,5,0,2,1,1,:1O:1O:1O:1O,,:,,1L,1,0.03000300030003
504,5,0,1,2,2,::1O:1O:1O,,3O,1S:1S:1S:1S:2S:2S:2S:2S,1L:1L,1,0.03000300030003
505,5,0,1,2,2,:1O:1O:1O:2O,,1O,1S:1S:1S:1S:2S:2S:2S:2S,1L:1L,1,0.03000300030003
506,5,0,1,2,2,:1O:1O:1O:1O,,2O,1S:1S:1S:1S:2S:2S:2S:2S,1L:1L,1,0.03000300030003
507,5,0,1,2,2,:1O:1O:1O:1O,,1O,1S:1S:1S:1S:2S:2S:2S:2S,1L:1L,1,0.03000300030003
508,5,0,1,2,2,1O:1O:1O:1O:2O,,1O,1S:1S:1S:1S:2S:2S:2S:2S,1L:1L,1,0.03000300030003
509,5,0,1,2,2,1O:1O:1O:1O:1O,,2O1S,1S:1S:1S:1S:2S:2S:2S:2S,1L:1L,1,0.03000300030003
510,2,1,0,2,2,1O:1O,2O,,2S:2S:2S:3S:3S:4S:4S:4S,1L:1L,1,0.03000300030003
511,5,0,1,1,2,::1O:1O:1O,,2O1S,,1L:1L,1,0.03000300030003
512,5,0,1,1,2,::1O:1O:1O,,2O,,1L:1L,1,0.03000300030003
513,2,1,0,2,2,1O:1O,3O,,2S:2S:2S:3S:3S:3S:4S:4S,1L:1L,1,0.03000300030003
514,5,0,1,1,2,::1O:1O:1O,,,,1L:1L,1,0.03000300030003
515,5,0,0,2,2,1O:1O:1O:1O:1O,,,::1S:1S:2S:2S:2S:3S,1L:1L,1,0.03000300030003
516,5,0,0,2,2,1O:1O:1O:1O:2O,,,1S:1S:1S:1S:2S:2S:2S:2S,1L:1L,1,0.03000300030003
517,5,0,0,2,2,1O:1O:1O:1O:1O,,,1S:1S:1S:1S:2S:2S:2S:3S,1L:1L,1,0.03000300030003
518,5,0,0,2,2,1O:1O:1O:1O:1O,,,2S:2S:2S:2S:2S:2S:3S:3S,1L:1L,1,0.03000300030003
519,0,3,1,1,1,,:1O:2O,1O,,1L,1,0.03000300030003
520,2,2,0,1,1,1O:2O,1O:2O,,,1L,1,0.03000300030003
521,4,2,0,2,1,::1O:1O,:1O,,:::1S:1S:2S:2S:2S,1L,1,0.03000300030003
522,4,2,0,2,1,:::1O,:,,1S:1S:1S:1S:2S:2S:2S:3S,1L,1,0.03000300030003
523,4,2,0,2,2,:1O:1O:1O,:2O,,1S:1S:1S:2S:3S:3S:3S:3S,1L:1L,1,0.03000300030003
524,2,2,0,1,1,1O:1O,:3O,,,1L,1,0.03000300030003
525,2,2,0,1,1,1O:1O,:,,,1L,1,0.03000300030003
526,4,2,1,1,1,:1O:1O:1O,:1O,1O,,1L,1,0.03000300030003
527,7,1,1,1,1,:::1O:1O:1O:1O,,1O,,1L,1,0.03000300030003
528,2,1,2,1,2,:2O,,1O:3O1S,,1L:1L,1,0.03000300030003
529,2,1,2,1,2,:1O,,1O:3O1S,,1L:1L,1,0.03000300030003
530,4,2,1,1,1,::1O:1O,:,2O1S,,1L,1,0.03000300030003
531,2,1,2,1,2,:1O,,1O:2O,,1L:1L,1,0.03000300030003
532,4,2,1,1,1,:::1O,:,1O,,1L,1,0.03000300030003
533,4,2,1,1,1,:::1O,:,2O,,1L,1,0.03000300030003
534,4,2,0,2,1,::1O:1O,:,,::1S:1S:2S:2S:2S:2S,1L,1,0.03000300030003
535,2,2,0,1,2,1O:1O,1O:3O,,,1L:1L,1,0.03000300030003
536,5,0,0,2,2,1O:1O:1O:1O:1O,,,2S:2S:2S:2S:2S:2S:2S:2S,1L:1L,1,0.03000300030003
537,4,2,0,1,1,:::1O,:,,,1L,1,0.03000300030003
538,8,0,0,1,1,::::1O:1O:1O:2O,,,,1L,1,0.03000300030003
539,4,2,0,1,1,::1O:2O,:,,,1L,1,0.03000300030003
540,0,3,0,1,1,,:1O:3O,,,1L,1,0.03000300030003
541,2,2,0,2,2,1O:1O,:2O,,1S:1S:1S:2S:3S:3S:3S:3S,1L:1L,1,0.03000300030003
542,2,2,0,2,1,:1O,:1O,,:1S:1S:2S:2S:2S:2S:2S,1L,1,0.03000300030003
543,2,2,0,2,1,:1O,:,,2S:2S:2S:2S:2S:2S:3S:3S,1L,1,0.03000300030003
544,4,2,0,1,1,:::1O,:1O,,,1L,1,0.03000300030003
545,4,2,0,2,1,::1O:1O,:,,1S:1S:1S:1S:2S:2S:2S:2S,1L,1,0.03000300030003
546,2,2,0,1,2,1O:2O,1O:2O,,,1L:1L,1,0.03000300030003
547,7,2,1,1,1,:::::1O:1O,:,1O,,1L,1,0.03000300030003
548,4,2,0,1,2,1O:1O:1O:1O,:3O,,,1L:1L,1,0.03000300030003
549,4,2,0,1,2,:1O:1O:1O,:3O,,,1L:1L,1,0.03000300030003
550,4,2,0,2,1,:1O:1O:1O,:,,1S:1S:1S:1S:2S:2S:2S:3S,1L,1,0.03000300030003
551,4,2,0,2,1,:1O:1O:1O,:,,:::1S:1S:2S:2S:2S,1L,1,0.03000300030003
552,2,1,2,1,2,1O:1O,3O,:2O,,1L:1L,1,0.03000300030003
553,4,2,1,1,2,:1O:1O:1O,:2O,2O,,1L:1L,1,0.03000300030003
554,4,2,1,2,1,:::1O,:,,:::1S:1S:2S:2S:2S,1L,1,0.03000300030003
555,5,0,0,2,1,::1O:1O:1O,,,:::1S:1S:2S:2S:2S,1L,1,0.03000300030003
556,2,1,1,1,2,:1O,3O,1O,,1L:1L,1,0.03000300030003
557,2,1,1,1,2,:1O,2O,1O,,1L:1L,1,0.03000300030003
558,2,1,1,1,2,:1O,2O,1N3O1S,,1L:1L,1,0.03000300030003
559,2,1,1,1,2,1O:2O,3O,3O1S,,1L:1L,1,0.03000300030003
560,5,0,0,1,2,:1O:1O:1O:2O,,,,1L:1L,1,0.03000300030003
561,2,1,1,1,2,1O:2O,3O,2O,,1L:1L,1,0.03000300030003
562,5,0,0,2,1,:::1O:1O,,,1S:1S:1S:1S:2S:2S:2S:3S,1L,1,0.03000300030003
563,4,2,2,1,1,::1O:1O,:,1O:1O,,1L,1,0.03000300030003
564,5,0,0,2,1,:::1O:1O,,,2S:2S:2S:3S:3S:4S:4S:4S,1L,1,0.03000300030003
565,7,0,0,3,2,::::1O:1O:1O,,,1S:1S:1S:1S:1S:1S:1S:1S:1S:1S:1S:1S:2S:2S:2S:2S,1L:1L,1,0.03000300030003
566,5,0,0,2,1,::::1O,,,1S:1S:1S:1S:2S:2S:2S:3S,1L,1,0.03000300030003
567,5,0,0,2,1,::::1O,,,::1S:1S:2S:2S:2S:2S,1L,1,0.03000300030003
568,2,1,1,1,2,1O:2O,2O,1N1O1S,,1L:1L,1,0.03000300030003
569,2,1,0,1,2,:1O,3O,,,1L:1L,1,0.03000300030003
570,2,1,1,1,2,:1O,3O,2O,,1L:1L,1,0.03000300030003
571,7,0,1,1,1,:::1O:1O:1O:1O,,,,1L,1,0.03000300030003
572,4,4,0,1,1,:::1O,:::2O,,,1L,1,0.03000300030003
573,2,1,1,2,2,1O:1O,3O,1O,1S:1S:1S:2S:3S:3S:3S:3S,1L:1L,1,0.03000300030003
574,7,0,1,1,2,:1O:1O:1O:1O:1O:1O,,,,1L:1L,1,0.03000300030003
575,4,3,1,1,1,:1O:1O:1O,::,1O,,1L,1,0.03000300030003
576,4,3,0,2,1,::1O:1O,::,,:::1S:1S:2S:2S:2S,1L,1,0.03000300030003
577,4,3,0,2,1,::1O:1O,::,,1S:1S:1S:2S:3S:3S:3S:3S,1L,1,0.03000300030003
578,7,0,1,1,2,::1O:1O:1O:1O:1O,,1O,,1L:1L,1,0.03000300030003
579,4,3,0,1,1,:::,::2O,,,1L,1,0.03000300030003
580,7,1,0,1,1,::1O:1O:1O:1O:1O,,,,1L,1,0.03000300030003
581,4,3,0,1,1,::1O:1O,::,,,1L,1,0.03000300030003
582,2,1,2,1,1,:1O,,1O:2O1S,,1L,1,0.03000300030003
583,0,3,1,1,1,,::1O,2O,,1L,1,0.03000300030003
584,2,1,2,1,2,1O:1O,2O,1O:1O,,1L:1L,1,0.03000300030003
585,4,2,2,1,2,:1O:1O:1O,:,1O:1O,,1L:1L,1,0.03000300030003
586,2,1,2,1,2,1O:1O,2O,:1O,,1L:1L,1,0.03000300030003
587,5,0,2,1,2,::1O:1O:2O,,1O:1O,,1L:1L,1,0.03000300030003
588,2,1,0,1,1,:,2O,,,1L,1,0.03000300030003
589,2,1,0,1,2,1O:2O,2O,,,1L:1L,1,0.03000300030003
590,1,2,1,1,2,1O,2O:3O,,,1L:1L,1,0.03000300030003
591,6,0,0,1,2,1O:1O:1O:1O:2O:2O,,,,1L:1L,1,0.03000300030003
592,1,2,1,1,2,1O,:3O,2O,,1L:1L,1,0.03000300030003
593,1,2,1,1,2,1O,:,1N3O2S,,1L:1L,1,0.03000300030003
594,6,0,0,1,2,:1O:1O:1O:2O:2O,,,,1L:1L,1,0.03000300030003
595,1,1,1,1,2,1O,3O,1O,,1L:1L,1,0.03000300030003
596,6,0,0,2,1,:1O:1O:1O:1O:1O,,,1S:1S:1S:1S:2S:2S:2S:3S,1L,1,0.03000300030003
597,6,0,0,2,1,:::1O:1O:1O,,,:::1S:1S:2S:2S:2S,1L,1,0.03000300030003
598,6,0,0,2,2,:1O:1O:1O:1O:1O,,,2S:2S:2S:2S:2S:2S:2S:2S,1L:1L,1,0.03000300030003
599,6,0,0,2,1,:::1O:1O:2O,,,1S:1S:1S:1S:2S:2S:2S:2S,1L,1,0.03000300030003
600,1,2,1,1,2,1O,1O:3O,2O,,1L:1L,1,0.03000300030003
601,6,1,1,1,1,::1O:1O:1O:1O,,1O,,1L,1,0.03000300030003
602,1,2,1,1,1,1O,:3O,,,1L,1,0.03000300030003
603,1,2,1,1,1,,:2O,2O1S,,1L,1,0.03000300030003
604,6,1,1,1,1,:1O:1O:1O:1O:1O,,,,1L,1,0.03000300030003
605,6,0,0,1,2,1O:1O:1O:1O:1O:2O,,,,1L:1L,1,0.03000300030003
606,1,1,1,1,2,1O,2O,1O,,1L:1L,1,0.03000300030003
607,1,2,1,2,2,1O,:3O,1O,1S:1S:1S:2S:3S:3S:3S:3S,1L:1L,1,0.03000300030003
608,1,1,1,1,1,,2O,1O,,1L,1,0.03000300030003
609,6,0,0,1,1,:1O:1O:1O:1O:1O,,,,1L,1,0.03000300030003
610,5,3,1,1,1,:::1O:1O,::,1O,,1L,1,0.03000300030003
611,5,3,0,2,1,::1O:1O:1O,::,,1S:1S:1S:2S:3S:3S:3S:3S,1L,1,0.03000300030003
612,5,3,0,1,1,::1O:1O:1O,::,,,1L,1,0.03000300030003
613,1,3,0,1,1,1O,:1O:2O,,,1L,1,0.03000300030003
614,5,2,1,1,1,::1O:1O:2O,:,1O,,1L,1,0.03000300030003
615,5,2,1,1,1,::1O:1O:1O,:,2O,,1L,1,0.03000300030003
616,5,2,1,1,1,::1O:1O:1O,:,1O,,1L,1,0.03000300030003
617,5,2,1,1,1,::1O:1O:1O,:,,,1L,1,0.03000300030003
618,5,2,1,1,1,:1O:1O:1O:1O,:,1O,,1L,1,0.03000300030003
619,5,2,0,2,1,::::1O,:,,:1S:1S:1S:2S:2S:2S:2S,1L,1,0.03000300030003
620,5,2,0,2,1,:::1O:1O,:,,:::1S:1S:2S:2S:2S,1L,1,0.03000300030003
621,5,2,0,2,1,:::1O:1O,:,,2S:2S:2S:2S:2S:2S:3S:3S,1L,1,0.03000300030003
622,6,0,0,2,2,:1O:1O:1O:1O:1O,,,1S:1S:1S:1S:2S:2S:2S:3S,1L:1L,1,0.03000300030003
623,6,0,0,2,2,:1O:1O:1O:1O:1O,,,2S:2S:2S:2S:2S:2S:3S:3S,1L:1L,1,0.03000300030003
624,5,2,0,2,1,::1O:1O:1O,:,,1S:1S:1S:1S:2S:2S:2S:3S,1L,1,0.03000300030003
625,1,2,0,1,1,,:2O,,,1L,1,0.03000300030003
626,6,0,1,1,2,1O:1O:1O:1O:1O:2O,,1O,,1L:1L,1,0.03000300030003
627,1,2,0,2,1,1O,:,,::1S:1S:2S:2S:2S:2S,1L,1,0.03000300030003
628,1,2,0,2,1,1O,:,,:1S:1S:2S:2S:2S:2S:3S,1L,1,0.03000300030003
629,6,0,1,1,2,:1O:1O:1O:1O:1O,,3O1S,,1L:1L,1,0.03000300030003
630,6,0,1,1,2,:1O:1O:1O:1O:2O,,1O,,1L:1L,1,0.03000300030003
631,6,0,1,1,2,:1O:1O:1O:1O:2O,,2O,,1L:1L,1,0.03000300030003
632,6,0,1,1,2,::1O:1O:1O:1O,,2O,,1L:1L,1,0.03000300030003
633,6,1,0,2,2,:1O:1O:1O:1O:1O,,,1S:1S:1S:1S:2S:2S:2S:3S,1L:1L,1,0.03000300030003
634,6,0,2,1,2,1O:1O:1O:1O:1O:1O,,1O:1O,,1L:1L,1,0.03000300030003
635,6,0,2,1,2,:1O:1O:1O:1O:1O,,1O:1O,,1L:1L,1,0.03000300030003
636,1,2,0,1,2,1O,1O:2O,,,1L:1L,1,0.03000300030003
637,1,2,0,1,1,1O,2O:2O,,,1L,1,0.03000300030003
638,1,2,0,1,1,1O,1O:3O,,,1L,1,0.03000300030003
639,6,1,0,1,2,1O:1O:1O:1O:1O:2O,,,,1L:1L,1,0.03000300030003
640,1,2,0,2,2,1O,:3O,,1S:1S:1S:2S:3S:3S:3S:3S,1L:1L,1,0.03000300030003
641,6,1,0,2,1,::1O:1O:1O:1O,,,1S:1S:1S:2S:2S:2S:3S:3S,1L,1,0.03000300030003
642,6,0,1,1,2,1O:1O:1O:1O:1O:1O,,,,1L:1L,1,0.03000300030003
643,6,1,0,2,1,:::1O:1O:1O,,,1S:1S:1S:1S:2S:2S:2S:3S,1L,1,0.03000300030003
644,1,2,0,2,2,2O,:3O,,1S:1S:1S:2S:3S:3S:3S:3S,1L:1L,1,0.03000300030003
645,6,0,1,1,1,:::1O:1O:2O,,1O,,1L,1,0.03000300030003
646,6,0,1,1,1,:::1O:1O:1O,,1O1S,,1L,1,0.03000300030003
647,1,2,0,2,2,2O,:3O,,2S:2S:2S:3S:3S:4S:4S:4S,1L:1L,1,0.03000300030003
648,6,0,1,1,1,:::1O:1O:1O,,1N3O2S,,1L,1,0.03000300030003
649,1,1,2,1,2,1O,,1O:2O,,1L:1L,1,0.03000300030003
650,6,1,0,2,2,:1O:1O:1O:1O:1O,,,1S:1S:1S:1S:2S:2S:2S:2S,1L:1L,1,0.03000300030003
651,1,2,1,1,1,,1O:3O,1O,,1L,1,0.03000300030003
652,1,2,1,1,1,,:1O,1N2O1S,,1L,1,0.03000300030003
653,1,2,1,1,1,,:2O,,,1L,1,0.03000300030003
654,6,0,0,3,2,::1O:1O:1O:1O,,,1S:1S:1S:1S:2S:2S:2S:2S:2S:2S:2S:2S:2S:2S:2S:2S,1L:1L,1,0.03000300030003
655,6,0,0,2,2,::1O:1O:1O:1O,,,1S:1S:1S:1S:2S:2S:2S:2S,1L:1L,1,0.03000300030003
656,6,0,0,2,2,:1O:1O:1O:1O:2O,,,1S:1S:1S:1S:2S:2S:2S:3S,1L:1L,1,0.03000300030003
657,5,2,0,2,1,:::1O:1O,:,,1S:1S:1S:1S:2S:2S:2S:3S,1L,1,0.03000300030003
658,1,3,0,1,1,2O,::2O,,,1L,1,0.03000300030003
659,6,1,0,1,1,::::1O:1O,1O,,,1L,1,0.03000300030003
660,1,4,1,1,1,,:::3O,1O,,1L,1,0.03000300030003
661,5,1,0,1,2,::1O:1O:1O,3O,,,1L:1L,1,0.03000300030003
662,5,1,0,2,1,:1O:1O:1O:1O,,,2S:2S:2S:3S:3S:4S:4S:4S,1L,1,0.03000300030003
663,5,1,0,2,1,::1O:1O:1O,,,1S:1S:1S:1S:2S:2S:2S:3S,1L,1,0.03000300030003
664,5,1,0,2,1,::1O:1O:1O,,,1S:1S:1S:1S:2S:2S:3S:3S,1L,1,0.03000300030003
665,5,1,0,2,1,::1O:1O:1O,,,1S:1S:1S:2S:2S:3S:3S:3S,1L,1,0.03000300030003
666,5,1,0,2,1,::1O:1O:1O,,,::1S:1S:2S:2S:2S:2S,1L,1,0.03000300030003
667,6,2,0,1,1,::::1O:1O,:,,,1L,1,0.03000300030003
668,1,3,2,1,1,1O,::,:2O,,1L,1,0.03000300030003
669,1,4,0,1,1,1O,:::1O,,,1L,1,0.03000300030003
670,2,2,0,2,2,:1O,2O:2O,,:::1S:1S:2S:2S:2S,1L:1L,1,0.03000300030003
671,1,4,0,1,1,,:::2O,,,1L,1,0.03000300030003
672,5,1,0,2,1,::::1O,,,2S:2S:2S:2S:2S:2S:3S:3S,1L,1,0.03000300030003
673,5,1,0,2,1,::::1O,,,::1S:1S:2S:2S:2S:2S,1L,1,0.03000300030003
674,1,4,0,1,1,,:::1O,,,1L,1,0.03000300030003
675,1,4,1,1,1,1O,:::,1N2O,,1L,1,0.03000300030003
676,6,2,0,1,2,1O:1O:1O:1O:1O:2O,:,,,1L:1L,1,0.03000300030003
677,6,2,0,2,1,:::1O:1O:1O,:,,2S:2S:2S:2S:2S:2S:3S:3S,1L,1,0.03000300030003
678,5,1,0,1,2,:1O:1O:1O:1O,1O,,,1L:1L,1,0.03000300030003
679,5,1,0,1,2,1O:1O:1O:1O:1O,2O,,,1L:1L,1,0.03000300030003
680,6,2,0,2,1,::::1O:1O,:,,:::1S:1S:2S:2S:2S,1L,1,0.03000300030003
681,1,5,1,1,1,,::::1O,1O,,1L,1,0.03000300030003
682,1,5,1,1,1,1O,::::,1O,,1L,1,0.03000300030003
683,5,1,0,1,1,::::1O,,,,1L,1,0.03000300030003
684,2,0,2,1,2,1O:1O,,1O:2O,,1L:1L,1,0.03000300030003
685,5,1,0,1,1,:::1O:2O,,,,1L,1,0.03000300030003
686,6,2,1,1,1,:::1O:1O:1O,:,1O,,1L,1,0.03000300030003
687,5,1,0,1,1,:::1O:1O,3O,,,1L,1,0.03000300030003
688,5,1,0,1,1,:::1O:1O,2O,,,1L,1,0.03000300030003
689,5,1,0,1,1,:::1O:1O,1O,,,1L,1,0.03000300030003
690,5,1,0,1,1,:::1O:1O,,,,1L,1,0.03000300030003
691,1,1,0,1,1,1O,3O,,,1L,1,0.03000300030003
692,5,1,0,2,2,:1O:1O:1O:2O,,,1S:1S:1S:1S:2S:2S:2S:2S,1L:1L,1,0.03000300030003
693,5,1,0,2,2,::1O:1O:1O,3O,,1S:1S:1S:2S:3S:3S:3S:3S,1L:1L,1,0.03000300030003
694,1,1,0,2,2,1O,2O,,1S:1S:1S:2S:3S:3S:3S:3S,1L:1L,1,0.03000300030003
695,5,1,1,2,2,:1O:1O:1O:2O,,2O,1S:1S:1S:1S:2S:2S:2S:2S,1L:1L,1,0.03000300030003
696,5,1,1,1,2,::1O:1O:1O,3O,,,1L:1L,1,0.03000300030003
697,5,1,1,1,2,::1O:1O:1O,3O,1O,,1L:1L,1,0.03000300030003
698,1,3,0,2,2,1O,:2O:3O,,:::1S:1S:2S:2S:2S,1L:1L,1,0.03000300030003
699,5,1,1,2,1,:::1O:1O,,1O,1S:1S:1S:2S:3S:3S:3S:3S,1L,1,0.03000300030003
700,5,1,1,2,1,::::1O,,1O,1S:1S:1S:1S:2S:2S:2S:3S,1L,1,0.03000300030003
701,5,1,1,2,2,:1O:1O:1O:1O,,,1S:1S:1S:1S:2S:2S:2S:2S,1L:1L,1,0.03000300030003
702,5,1,1,2,2,::1O:1O:1O,,2O1S,1S:1S:1S:1S:2S:2S:2S:2S,1L:1L,1,0.03000300030003
703,1,1,0,1,2,2O,3O,,,1L:1L,1,0.03000300030003
704,5,1,2,1,2,::1O:1O:1O,,1O:1O,,1L:1L,1,0.03000300030003
705,1,3,0,2,2,1O,:1O:3O,,:::1S:1S:2S:2S:2S,1L:1L,1,0.03000300030003
706,1,3,0,2,1,1O,::,,::1S:1S:2S:2S:2S:2S,1L,1,0.03000300030003
707,5,2,0,1,1,::1O:1O:1O,:1O,,,1L,1,0.03000300030003
708,1,3,0,1,2,2O,:2O:3O,,,1L:1L,1,0.03000300030003
709,1,3,0,1,2,1O,:3O:3O,,,1L:1L,1,0.03000300030003
710,5,1,1,1,2,::1O:1O:1O,,2O,,1L:1L,1,0.03000300030003
711,1,3,1,1,1,,:1O:3O,1O,,1L,1,0.03000300030003
712,5,1,1,1,2,1O:1O:1O:1O:1O,,1N1O,,1L:1L,1,0.03000300030003
713,5,1,1,1,1,::::1O,,1O,,1L,1,0.03000300030003
714,5,1,1,1,1,:::1O:1O,1O,2O,,1L,1,0.03000300030003
715,5,1,1,1,1,:::1O:1O,1O,1O,,1L,1,0.03000300030003
716,5,1,1,1,1,:::1O:1O,,2O1S,,1L,1,0.03000300030003
717,1,3,1,1,1,,::2O,2O,,1L,1,0.03000300030003
718,5,1,1,1,1,:::1O:1O,,1O1S,,1L,1,0.03000300030003
719,6,1,2,1,2,::1O:1O:1O:1O,,1O:1O,,1L:1L,1,0.03000300030003
720,5,1,1,1,1,:::1O:1O,,1N2O,,1L,1,0.03000300030003
721,5,1,1,1,1,::1O:1O:2O,,1O,,1L,1,0.03000300030003
722,5,1,1,1,1,::1O:1O:1O,1O,1O,,1L,1,0.03000300030003
723,6,2,0,1,1,::1O:1O:1O:1O,:,,,1L,1,0.03000300030003
724,6,2,0,1,1,::1O:1O:1O:2O,:,,,1L,1,0.03000300030003
725,1,3,1,1,1,2O,::2O,2O1S,,1L,1,0.03000300030003
726,1,3,1,1,2,1O,:1O:2O,2O,,1L:1L,1,0.03000300030003
727,3,1,2,1,1,::1O,,1O:1O,,1L,1,0.03000300030003
728,4,1,1,2,2,::1O:1O,3O,1O,2S:2S:2S:3S:3S:4S:4S:4S,1L:1L,1,0.03000300030003
729,2,2,0,2,2,:1O,:3O,,1S:1S:1S:2S:3S:3S:3S:3S,1L:1L,1,0.03000300030003
730,3,3,0,2,1,::1O,::,,1S:1S:1S:1S:1S:2S:2S:2S,1L,1,0.03000300030003
731,3,3,0,2,1,1O:1O:1O,::,,1S:1S:1S:1S:2S:2S:2S:3S,1L,1,0.03000300030003
732,3,3,0,2,1,1O:1O:1O,::,,:::1S:1S:2S:2S:2S,1L,1,0.03000300030003
733,3,1,0,2,2,1O:1O:1O,2O,,2S:2S:2S:3S:3S:4S:4S:4S,1L:1L,1,0.03000300030003
734,3,1,0,2,1,::1O,1O,,2S:2S:2S:3S:3S:4S:4S:4S,1L,1,0.03000300030003
735,3,1,0,2,1,::1O,,,:::1S:1S:2S:2S:2S,1L,1,0.03000300030003
736,3,3,0,2,1,:1O:1O,::1O,,1S:1S:1S:2S:3S:3S:3S:3S,1L,1,0.03000300030003
737,3,3,0,2,1,:1O:2O,::,,2S:2S:2S:2S:2S:2S:3S:3S,1L,1,0.03000300030003
738,3,3,0,2,1,::1O,::,,::1S:1S:2S:2S:2S:2S,1L,1,0.03000300030003
739,3,2,1,1,2,1O:1O:1O,:2O,2O,,1L:1L,1,0.03000300030003
740,3,3,0,2,1,::1O,::,,:::1S:1S:2S:2S:2S,1L,1,0.03000300030003
741,3,1,0,2,1,::1O,,,::1S:1S:1S:2S:2S:2S,1L,1,0.03000300030003
742,3,3,1,1,1,:1O:1O,::,1N2O,,1L,1,0.03000300030003
743,3,1,0,2,1,::1O,,,2S:3S:3S:3S:4S:4S:4S:5S,1L,1,0.03000300030003
744,3,1,0,2,1,::1O,,,1S:1S:1S:2S:2S:2S:3S:3S,1L,1,0.03000300030003
745,3,1,0,2,1,:1O:2O,,,2S:2S:2S:2S:2S:2S:2S:3S,1L,1,0.03000300030003
746,3,3,1,1,2,1O:1O:1O,::2O,1O,,1L:1L,1,0.03000300030003
747,3,1,0,2,2,1O:1O:1O,3O,,2S:2S:2S:3S:3S:3S:4S:4S,1L:1L,1,0.03000300030003
748,3,1,0,2,2,1O:1O:2O,3O,,1S:1S:1S:2S:3S:3S:3S:3S,1L:1L,1,0.03000300030003
749,3,3,0,1,1,::1O,::1O,,,1L,1,0.03000300030003
750,3,3,0,1,1,::1O,::,,,1L,1,0.03000300030003
751,3,1,1,1,1,:1O:1O,,,,1L,1,0.03000300030003
752,3,2,1,1,2,1O:1O:1O,:3O,2O,,1L:1L,1,0.03000300030003
753,3,2,1,1,2,1O:1O:2O,:2O,1O,,1L:1L,1,0.03000300030003
754,3,2,1,1,2,:1O:1O,1O:3O,1O,,1L:1L,1,0.03000300030003
755,3,2,1,1,2,:1O:1O,:,2O,,1L:1L,1,0.03000300030003
756,3,1,1,1,1,1O:1O:2O,,,,1L,1,0.03000300030003
757,3,2,1,2,2,1O:1O:1O,:,2O,1S:1S:1S:1S:2S:2S:2S:2S,1L:1L,1,0.03000300030003
758,3,2,2,1,1,1O:1O:1O,:,:1O,,1L,1,0.03000300030003
759,3,1,1,1,1,1O:1O:1O,1O,1O,,1L,1,0.03000300030003
760,3,2,2,1,1,:1O:1O,:,:2O1S,,1L,1,0.03000300030003
761,3,2,2,1,1,::1O,:,1O:2O,,1L,1,0.03000300030003
762,3,2,2,1,2,1O:1O:1O,:,1O:2O,,1L:1L,1,0.03000300030003
763,3,1,0,2,2,:1O:1O,3O,,1S:1S:1S:2S:2S:3S:3S:3S,1L:1L,1,0.03000300030003
764,3,1,0,2,2,:1O:1O,2O,,2S:2S:2S:3S:3S:3S:4S:4S,1L:1L,1,0.03000300030003
765,3,3,0,1,1,:1O:1O,::3O,,,1L,1,0.03000300030003
766,3,4,0,1,1,1O:1O:1O,:::,,,1L,1,0.03000300030003
767,3,1,0,2,1,:1O:1O,,,::1S:1S:1S:2S:2S:2S,1L,1,0.03000300030003
768,3,4,0,2,1,:1O:1O,:::,,:::1S:1S:2S:2S:2S,1L,1,0.03000300030003
769,3,1,0,2,1,1O:1O:1O,,,:::1S:1S:2S:2S:2S,1L,1,0.03000300030003
770,3,1,0,2,1,1O:1O:1O,,,1S:1S:1S:1S:2S:3S:3S:3S,1L,1,0.03000300030003
771,4,0,1,1,1,::1O:1O,,2O,,1L,1,0.03000300030003
772,4,0,1,1,1,::1O:1O,,3O,,1L,1,0.03000300030003
773,3,1,0,1,2,1O:1O:1O,2O,,,1L:1L,1,0.03000300030003
774,3,1,0,1,1,::2O,3O,,,1L,1,0.03000300030003
775,4,0,1,1,2,1O:1O:1O:1O,,1N3O1S,,1L:1L,1,0.03000300030003
776,3,1,0,1,1,::1O,,,,1L,1,0.03000300030003
777,3,0,3,1,2,1O:1O:1O,,1O:1O:2O1S,,1L:1L,1,0.03000300030003
778,4,0,1,1,2,1O:1O:1O:1O,,3O,,1L:1L,1,0.03000300030003
779,3,0,2,1,2,:1O:1O,,2O:2O,,1L:1L,1,0.03000300030003
780,4,0,1,1,2,1O:1O:1O:2O,,2O,,1L:1L,1,0.03000300030003
781,4,0,1,1,2,1O:1O:1O:2O,,3O1S,,1L:1L,1,0.03000300030003
782,4,0,1,1,2,1O:1O:1O:2O,,3O2S,,1L:1L,1,0.03000300030003
783,4,0,1,1,2,:1O:1O:1O,,1N3O2S,,1L:1L,1,0.03000300030003
784,3,0,2,1,2,1O:1O:1O,,:1N3O2S,,1L:1L,1,0.03000300030003
785,4,0,1,1,1,::1O:1O,,1N2O,,1L,1,0.03000300030003
786,4,0,1,1,1,1O:1O:1O:1O,,2O,,1L,1,0.03000300030003
787,3,4,1,1,1,1O:1O:1O,:::,1O,,1L,1,0.03000300030003
788,4,0,0,3,2,:1O:1O:2O,,,1S:1S:1S:1S:2S:2S:2S:2S:2S:2S:2S:2S:2S:2S:2S:2S,1L:1L,1,0.03000300030003
789,3,4,1,1,1,::,:::2O,1O,,1L,1,0.03000300030003
790,4,0,0,1,1,1O:1O:1O:1O,,,,1L,1,0.03000300030003
791,3,1,0,2,1,:1O:1O,,,:1S:1S:2S:2S:2S:2S:3S,1L,1,0.03000300030003
792,4,0,0,1,1,::1O:1O,,,,1L,1,0.03000300030003
793,3,1,0,2,1,:1O:1O,,,2S:3S:3S:3S:3S:3S:4S:4S,1L,1,0.03000300030003
794,4,0,0,1,2,1O:1O:1O:2O,,,,1L:1L,1,0.03000300030003
795,4,0,0,2,1,:1O:1O:2O,,,1S:1S:1S:1S:2S:2S:2S:3S,1L,1,0.03000300030003
796,4,0,0,2,1,::1O:1O,,,1S:1S:1S:1S:2S:2S:2S:3S,1L,1,0.03000300030003
797,4,0,0,2,1,::1O:1O,,,2S:2S:2S:2S:2S:2S:3S:3S,1L,1,0.03000300030003
798,4,0,0,2,1,::1O:1O,,,2S:2S:2S:3S:3S:4S:4S:4S,1L,1,0.03000300030003
799,4,0,0,2,1,::1O:1O,,,2S:2S:3S:3S:3S:3S:3S:3S,1L,1,0.03000300030003
800,3,1,0,2,1,:1O:1O,,,1S:1S:1S:2S:2S:2S:2S:3S,1L,1,0.03000300030003
801,4,0,0,2,1,::1O:2O,,,1S:1S:1S:1S:2S:2S:2S:2S,1L,1,0.03000300030003
802,4,0,0,2,1,:::1O,,,2S:2S:2S:2S:2S:2S:3S:3S,1L,1,0.03000300030003
803,4,0,0,3,2,:1O:1O:1O,,,1S:1S:1S:1S:1S:1S:1S:1S:1S:1S:1S:1S:2S:2S:2S:2S,1L:1L,1,0.03000300030003
804,3,2,1,1,2,1O:1O:1O,:2O,2O1S,,1L:1L,1,0.03000300030003
805,3,2,1,1,2,1O:1O:1O,:1O,2O,,1L:1L,1,0.03000300030003
806,4,2,0,1,1,:1O:1O:1O,:1O,,,1L,1,0.03000300030003
807,3,2,0,1,1,::1O,1O:2O,,,1L,1,0.03000300030003
808,3,1,1,2,2,:1O:1O,1O,2O,2S:2S:2S:3S:3S:4S:4S:4S,1L:1L,1,0.03000300030003
809,3,1,1,2,1,::1O,,1O,1S:1S:1S:2S:3S:3S:3S:3S,1L,1,0.03000300030003
810,3,2,0,1,1,:1O:2O,:2O,,,1L,1,0.03000300030003
811,3,2,0,1,1,::,1O:3O,,,1L,1,0.03000300030003
812,3,2,0,1,1,::,:,,,1L,1,0.03000300030003
813,3,1,1,2,1,:1O:1O,,1O,1S:1S:1S:2S:3S:3S:3S:3S,1L,1,0.03000300030003
814,3,1,1,1,2,:1O:2O,3O,2O,,1L:1L,1,0.03000300030003
815,3,2,0,1,1,::1O,1O:3O,,,1L,1,0.03000300030003
816,3,1,1,1,1,:1O:1O,,2O1S,,1L,1,0.03000300030003
817,3,1,1,1,2,:1O:1O,3O,2O1S,,1L:1L,1,0.03000300030003
818,3,1,1,1,2,:1O:1O,3O,1N3O2S,,1L:1L,1,0.03000300030003
819,3,2,0,1,1,::2O,:3O,,,1L,1,0.03000300030003
820,3,2,0,1,2,1O:1O:1O,1O:2O,,,1L:1L,1,0.03000300030003
821,3,1,1,1,2,:1O:1O,2O,1N3O2S,,1L:1L,1,0.03000300030003
822,3,2,0,1,2,1O:1O:1O,2O:2O,,,1L:1L,1,0.03000300030003
823,3,1,1,1,2,:1O:1O,,1O,,1L:1L,1,0.03000300030003
824,3,1,1,2,2,:1O:1O,2O,1N3O1S,1S:1S:1S:2S:3S:3S:3S:3S,1L:1L,1,0.03000300030003
825,3,1,1,2,2,:1O:1O,2O,1O,2S:2S:2S:3S:3S:4S:4S:4S,1L:1L,1,0.03000300030003
826,3,2,0,1,1,:1O:1O,1O:3O,,,1L,1,0.03000300030003
827,3,2,0,1,1,1O:1O:2O,:,,,1L,1,0.03000300030003
828,3,1,2,1,2,1O:1O:1O,,1O:2O1S,,1L:1L,1,0.03000300030003
829,3,1,2,1,2,1O:1O:1O,,2O:2O,,1L:1L,1,0.03000300030003
830,3,1,2,1,2,1O:1O:1O,1O,1O:1O,,1L:1L,1,0.03000300030003
831,3,1,2,1,1,:1O:1O,,:2O,,1L,1,0.03000300030003
832,3,1,2,1,1,:1O:1O,,1O:1O,,1L,1,0.03000300030003
833,3,1,2,1,2,1O:1O:1O,3O,:1O,,1L:1L,1,0.03000300030003
834,3,1,2,1,2,1O:1O:2O,,1O:1O,,1L:1L,1,0.03000300030003
835,3,1,2,1,2,1O:1O:2O,,1O:2O1S,,1L:1L,1,0.03000300030003
836,3,1,2,1,2,:1O:1O,,1O:1O,,1L:1L,1,0.03000300030003
837,3,1,2,1,2,:1O:1O,,1O:2O,,1L:1L,1,0.03000300030003
838,3,1,2,1,2,:1O:1O,,1O:3O1S,,1L:1L,1,0.03000300030003
839,3,1,2,1,2,:1O:1O,,:3O1S,,1L:1L,1,0.03000300030003
840,3,1,2,1,1,1O:1O:1O,,:1O,,1L,1,0.03000300030003
841,3,1,1,2,2,:1O:1O,3O,1O,2S:2S:2S:3S:3S:4S:4S:4S,1L:1L,1,0.03000300030003
842,3,1,1,2,2,:1O:1O,2O,1O1S,1S:1S:1S:2S:3S:3S:3S:3S,1L:1L,1,0.03000300030003
843,3,1,1,1,2,1O:1O:2O,2O,2O1S,,1L:1L,1,0.03000300030003
844,3,2,0,1,2,1O:1O:2O,:2O,,,1L:1L,1,0.03000300030003
845,3,2,0,1,2,:1O:1O,3O:3O,,,1L:1L,1,0.03000300030003
846,3,1,1,1,2,1O:1O:1O,1O,2O,,1L:1L,1,0.03000300030003
847,3,2,0,2,2,:1O:1O,:3O,,1S:1S:1S:2S:3S:3S:3S:3S,1L:1L,1,0.03000300030003
848,3,1,1,1,2,1O:1O:1O,1O,1O,,1L:1L,1,0.03000300030003
849,3,1,1,1,2,1O:1O:1O,,2O1S,,1L:1L,1,0.03000300030003
850,3,2,1,1,1,1O:1O:1O,:,2O1S,,1L,1,0.03000300030003
851,3,2,1,1,1,:1O:1O,:,,,1L,1,0.03000300030003
852,3,2,1,1,1,:1O:1O,:,1O1S,,1L,1,0.03000300030003
853,3,1,1,1,1,::1O,,3O,,1L,1,0.03000300030003
854,3,2,1,1,1,:1O:1O,:,3O,,1L,1,0.03000300030003
855,3,2,1,1,1,:1O:1O,:1O,2O,,1L,1,0.03000300030003
856,3,2,1,1,1,:1O:1O,:2O,,,1L,1,0.03000300030003
857,3,2,1,1,1,:1O:1O,:2O,1O,,1L,1,0.03000300030003
858,3,1,1,1,1,:1O:1O,3O,1O,,1L,1,0.03000300030003
859,3,1,1,1,1,:1O:1O,1O,1N1O1S,,1L,1,0.03000300030003
860,3,2,1,1,1,::1O,:,3O1S,,1L,1,0.03000300030003
861,3,1,1,1,1,:1O:1O,,3O1S,,1L,1,0.03000300030003
862,3,2,0,2,2,:1O:1O,:3O,,1S:1S:1S:2S:2S:3S:3S:3S,1L:1L,1,0.03000300030003
863,3,2,0,2,2,1O:1O:2O,:3O,,1S:1S:1S:2S:3S:3S:3S:3S,1L:1L,1,0.03000300030003
864,3,2,0,1,2,:1O:2O,:2O,,,1L:1L,1,0.03000300030003
865,3,1,1,1,2,1O:1O:1O,2O,,,1L:1L,1,0.03000300030003
866,3,2,0,2,1,1O:1O:1O,:,,1S:1S:1S:1S:2S:3S:3S:3S,1L,1,0.03000300030003
867,3,2,0,2,1,1O:1O:1O,:,,::1S:1S:2S:2S:2S:2S,1L,1,0.03000300030003
868,3,2,0,2,1,:1O:1O,:,,1S:1S:1S:1S:2S:2S:2S:2S,1L,1,0.03000300030003
869,3,1,1,1,2,1O:1O:1O,3O,1O1S,,1L:1L,1,0.03000300030003
870,3,2,0,2,1,:1O:1O,:,,2S:2S:2S:2S:2S:2S:3S:3S,1L,1,0.03000300030003
871,3,2,0,2,1,:1O:1O,:,,2S:2S:2S:3S:3S:4S:4S:4S,1L,1,0.03000300030003
872,3,1,1,1,2,1O:1O:1O,2O,3O1S,,1L:1L,1,0.03000300030003
873,3,2,0,2,1,::1O,:,,1S:1S:1S:2S:2S:2S:2S:2S,1L,1,0.03000300030003
874,3,2,0,2,1,::1O,:,,2S:2S:2S:2S:2S:2S:2S:2S,1L,1,0.03000300030003
875,3,2,0,2,1,::1O,:,,:1S:1S:2S:2S:2S:2S:3S,1L,1,0.03000300030003
876,3,2,0,2,1,::1O,:1O,,2S:2S:2S:2S:3S:3S:3S:3S,1L,1,0.03000300030003
877,3,2,0,2,1,::1O,:1O,,:::1S:1S:2S:2S:2S,1L,1,0.03000300030003
878,3,2,0,2,1,::2O,:,,2S:2S:2S:2S:2S:2S:2S:3S,1L,1,0.03000300030003
879,3,2,0,2,2,1O:1O:1O,:1O,,1S:1S:1S:2S:3S:3S:3S:3S,1L:1L,1,0.03000300030003
880,3,1,1,1,2,1O:1O:1O,2O,1N1O1S,,1L:1L,1,0.03000300030003
881,3,0,2,1,2,1O:1O:1O,,1O:3O2S,,1L:1L,1,0.03000300030003
882,3,0,2,1,2,1O:1O:1O,,1O:2O1S,,1L:1L,1,0.03000300030003
883,4,0,1,1,2,:1O:1O:2O,,1O,,1L:1L,1,0.03000300030003
884,2,2,1,1,2,1O:1O,:2O,3O1S,,1L:1L,1,0.03000300030003
885,4,1,1,1,1,:::1O,,1O,,1L,1,0.03000300030003
886,2,2,1,2,2,1O:1O,:2O,1O1S,1S:1S:1S:2S:3S:3S:3S:3S,1L:1L,1,0.03000300030003
887,2,2,1,2,1,1O:2O,:,1O,1S:1S:1S:2S:2S:2S:2S:3S,1L,1,0.03000300030003
888,2,2,1,1,2,:1O,1O:3O,2O,,1L:1L,1,0.03000300030003
889,2,2,1,1,2,1O:2O,:3O,2O,,1L:1L,1,0.03000300030003
890,2,2,1,1,2,1O:1O,:3O,2O,,1L:1L,1,0.03000300030003
891,4,1,1,1,2,1O:1O:1O:1O,2O,,,1L:1L,1,0.03000300030003
892,4,1,1,1,2,1O:1O:1O:1O,3O,,,1L:1L,1,0.03000300030003
893,4,0,1,1,2,:1O:1O:2O,,1O1S,,1L:1L,1,0.03000300030003
894,2,2,1,1,2,1O:1O,:2O,2O,,1L:1L,1,0.03000300030003
895,2,2,1,1,2,1O:1O,:2O,1O,,1L:1L,1,0.03000300030003
896,4,1,1,1,2,:1O:1O:1O,,1N1O1S,,1L:1L,1,0.03000300030003
897,4,1,1,1,2,:1O:1O:1O,,1N2O1S,,1L:1L,1,0.03000300030003
898,2,2,1,1,2,1O:1O,2O:3O,,,1L:1L,1,0.03000300030003
899,2,2,1,1,2,1O:1O,2O:2O,,,1L:1L,1,0.03000300030003
900,2,2,1,1,2,1O:1O,1O:3O,,,1L:1L,1,0.03000300030003
901,4,1,1,1,1,::1O:2O,,1O,,1L,1,0.03000300030003
902,4,1,1,1,1,::1O:1O,1O,2O,,1L,1,0.03000300030003
903,4,1,1,1,1,::1O:1O,1O,1O,,1L,1,0.03000300030003
904,2,2,2,1,1,1O:1O,:,1O:1O,,1L,1,0.03000300030003
905,4,1,1,1,1,1O:1O:1O:1O,,2O1S,,1L,1,0.03000300030003
906,2,3,0,1,1,1O:1O,::,,,1L,1,0.03000300030003
907,2,2,2,1,1,:1O,:2O,1O:1O,,1L,1,0.03000300030003
908,2,2,2,1,1,:1O,:,1O:1O1S,,1L,1,0.03000300030003
909,2,2,2,1,1,:1O,:,1O:1O,,1L,1,0.03000300030003
910,2,2,2,1,1,:1O,:,1N1O1S:1O,,1L,1,0.03000300030003
911,2,2,2,1,1,:,:,1O:2O,,1L,1,0.03000300030003
912,4,1,1,1,1,::1O:1O,,,,1L,1,0.03000300030003
913,4,1,1,1,1,::1O:1O,,1N1O,,1L,1,0.03000300030003
914,4,1,1,1,1,::1O:1O,,1N1O1S,,1L,1,0.03000300030003
915,4,1,1,1,1,::1O:1O,,1N2O2S,,1L,1,0.03000300030003
916,2,2,2,1,1,1O:1O,:,:2O1S,,1L,1,0.03000300030003
917,4,1,1,1,1,::1O:1O,,1O1S,,1L,1,0.03000300030003
918,2,2,2,1,1,1O:1O,:,:2O,,1L,1,0.03000300030003
919,4,1,1,1,1,::1O:1O,,2O1S,,1L,1,0.03000300030003
920,2,2,1,1,2,1O:1O,1O:2O,2O,,1L:1L,1,0.03000300030003
921,4,1,1,1,2,:1O:1O:1O,2O,1O1S,,1L:1L,1,0.03000300030003
922,2,2,1,1,1,:1O,:1O,1O,,1L,1,0.03000300030003
923,4,1,1,2,2,:1O:1O:1O,,2O,1S:1S:1S:1S:2S:2S:2S:2S,1L:1L,1,0.03000300030003
924,4,1,1,2,2,:1O:1O:1O,2O,1O,1S:1S:1S:2S:3S:3S:3S:3S,1L:1L,1,0.03000300030003
925,3,1,2,1,2,1O:1O:1O,,1O:2O,,1L:1L,1,0.03000300030003
926,4,1,2,1,1,1O:1O:1O:1O,,:1O,,1L,1,0.03000300030003
927,4,1,2,1,1,:1O:1O:1O,,:1O,,1L,1,0.03000300030003
928,2,2,1,1,1,:,:3O,,,1L,1,0.03000300030003
929,2,2,1,1,1,:,:2O,2O1S,,1L,1,0.03000300030003
930,4,1,2,1,1,::1O:2O,,1O:1O,,1L,1,0.03000300030003
931,4,1,2,1,1,:::1O,,1O:1O,,1L,1,0.03000300030003
932,2,2,1,1,1,:,:2O,,,1L,1,0.03000300030003
933,2,2,1,1,1,:,:1O,1O,,1L,1,0.03000300030003
934,2,2,1,1,1,1O:2O,:,2O1S,,1L,1,0.03000300030003
935,2,2,1,1,1,1O:1O,:1O,1O,,1L,1,0.03000300030003
936,2,2,1,1,1,1O:1O,:,1N1O,,1L,1,0.03000300030003
937,2,2,1,1,1,1O:1O,:,,,1L,1,0.03000300030003
938,4,2,0,1,1,1O:1O:1O:1O,:1O,,,1L,1,0.03000300030003
939,4,1,1,2,2,:1O:1O:1O,,3O1S,1S:1S:1S:1S:2S:2S:2S:2S,1L:1L,1,0.03000300030003
940,4,1,1,2,2,:1O:1O:1O,,1O,2S:2S:2S:2S:2S:2S:2S:2S,1L:1L,1,0.03000300030003
941,2,2,1,1,1,:1O,:,3O2S,,1L,1,0.03000300030003
942,4,1,1,2,2,1O:1O:1O:1O,,2O1S,1S:1S:1S:1S:2S:2S:2S:2S,1L:1L,1,0.03000300030003
943,4,1,1,1,2,:1O:1O:2O,1O,1O,,1L:1L,1,0.03000300030003
944,2,2,1,1,1,:1O,1O:2O,,,1L,1,0.03000300030003
945,4,1,1,1,2,::1O:1O,,2O,,1L:1L,1,0.03000300030003
946,4,1,1,1,2,::1O:1O,1O,2O1S,,1L:1L,1,0.03000300030003
947,4,1,1,1,2,::1O:1O,2O,,,1L:1L,1,0.03000300030003
948,4,1,1,1,2,::1O:1O,2O,1O,,1L:1L,1,0.03000300030003
949,4,1,1,1,2,::1O:1O,3O,2O,,1L:1L,1,0.03000300030003
950,4,1,1,2,1,:1O:1O:1O,,,1S:1S:1S:1S:2S:3S:3S:3S,1L,1,0.03000300030003
951,4,1,1,2,1,::1O:1O,,,1S:1S:1S:1S:2S:2S:2S:3S,1L,1,0.03000300030003
952,4,1,1,2,1,::1O:1O,,,:::1S:1S:2S:2S:2S,1L,1,0.03000300030003
953,4,1,1,2,1,::1O:1O,,1O,1S:1S:1S:2S:3S:3S:3S:3S,1L,1,0.03000300030003
954,4,1,1,2,1,:::1O,,1O,1S:1S:1S:1S:2S:2S:2S:3S,1L,1,0.03000300030003
955,4,1,1,2,1,:::1O,,1O,1S:1S:1S:2S:3S:3S:3S:3S,1L,1,0.03000300030003
956,4,1,1,2,2,1O:1O:1O:1O,,1O,1S:1S:1S:1S:2S:2S:2S:3S,1L:1L,1,0.03000300030003
957,4,1,1,2,2,1O:1O:1O:1O,,2O,1S:1S:1S:1S:2S:2S:2S:2S,1L:1L,1,0.03000300030003
958,4,1,1,1,1,1O:1O:1O:1O,,1O,,1L,1,0.03000300030003
959,4,1,1,1,1,1O:1O:1O:1O,,,,1L,1,0.03000300030003
960,4,1,0,2,2,::1O:1O,3O,,1S:1S:1S:2S:3S:3S:3S:3S,1L:1L,1,0.03000300030003
961,4,0,2,1,2,1O:1O:1O:1O,,1O:3O,,1L:1L,1,0.03000300030003
962,4,0,2,1,2,1O:1O:1O:1O,,:,,1L:1L,1,0.03000300030003
963,3,0,1,1,2,1O:1O:1O,,1O1S,,1L:1L,1,0.03000300030003
964,4,0,2,1,2,:1O:1O:1O,,1O1S:3O1S,,1L:1L,1,0.03000300030003
965,4,0,2,1,2,:1O:1O:1O,,1O:1O,,1L:1L,1,0.03000300030003
966,3,0,1,1,2,1O:1O:1O,,1N2O2S,,1L:1L,1,0.03000300030003
967,4,0,2,1,2,:1O:1O:1O,,:2O1S,,1L:1L,1,0.03000300030003
968,4,0,2,1,2,:1O:1O:1O,,:3O1S,,1L:1L,1,0.03000300030003
969,4,0,2,1,2,:1O:1O:2O,,1O:2O,,1L:1L,1,0.03000300030003
970,4,0,3,1,2,:1O:1O:1O,,:1O:1O,,1L:1L,1,0.03000300030003
971,3,0,0,2,1,::2O,,,:1S:1S:1S:2S:2S:2S:2S,1L,1,0.03000300030003
972,2,4,1,1,1,:,:::2O,1O,,1L,1,0.03000300030003
973,2,4,0,2,1,:1O,:::,,::1S:1S:2S:2S:2S:2S,1L,1,0.03000300030003
974,2,4,0,2,1,:1O,:::,,::1S:1S:1S:2S:2S:2S,1L,1,0.03000300030003
975,2,4,0,1,1,:,:::3O,,,1L,1,0.03000300030003
976,4,1,0,1,1,:1O:1O:2O,1O,,,1L,1,0.03000300030003
977,4,0,2,1,2,1O:1O:1O:1O,,2O:2O1S,,1L:1L,1,0.03000300030003
978,3,0,1,1,2,1O:1O:1O,,2O,,1L:1L,1,0.03000300030003
979,2,3,2,1,1,:1O,::,1O:2O,,1L,1,0.03000300030003
980,3,0,1,1,2,1O:1O:1O,,2O2S,,1L:1L,1,0.03000300030003
981,3,0,2,1,2,1O:1O:1O,,1O:2O,,1L:1L,1,0.03000300030003
982,4,0,1,1,2,::1O:1O,,2O,,1L:1L,1,0.03000300030003
983,4,0,1,1,2,::1O:2O,,1N2O1S,,1L:1L,1,0.03000300030003
984,4,0,1,1,2,::1O:2O,,3O1S,,1L:1L,1,0.03000300030003
985,4,0,1,2,1,:1O:1O:1O,,,1S:1S:1S:1S:2S:2S:2S:2S,1L,1,0.03000300030003
986,4,0,1,2,1,::1O:1O,,,::1S:1S:2S:2S:2S:2S,1L,1,0.03000300030003
987,4,0,1,2,2,1O:1O:1O:1O,,2O,1S:1S:1S:1S:2S:2S:2S:2S,1L:1L,1,0.03000300030003
988,4,0,1,2,2,1O:1O:1O:2O,,1O1S,1S:1S:1S:1S:2S:2S:2S:2S,1L:1L,1,0.03000300030003
989,3,0,1,2,2,1O:1O:1O,,1N3O2S,1S:1S:1S:1S:2S:2S:2S:2S,1L:1L,1,0.03000300030003
990,3,0,1,1,2,:1O:1O,,2O,,1L:1L,1,0.03000300030003
991,4,0,1,2,2,:1O:1O:1O,,3O1S,1S:1S:1S:1S:2S:2S:2S:2S,1L:1L,1,0.03000300030003
992,4,0,2,1,1,::1O:1O,,:1O,,1L,1,0.03000300030003
993,4,0,2,1,2,1O:1O:1O:1O,,1N1O1S:1O,,1L:1L,1,0.03000300030003
994,4,0,2,1,2,1O:1O:1O:1O,,1N1O:1O,,1L:1L,1,0.03000300030003
995,4,0,2,1,2,1O:1O:1O:1O,,1N3O2S:1O,,1L:1L,1,0.03000300030003
996,4,1,0,1,1,::1O:1O,1O,,,1L,1,0.03000300030003
997,2,3,1,1,1,:1O,::2O,,,1L,1,0.03000300030003
998,4,1,0,2,2,::1O:1O,2O,,2S:2S:2S:3S:3S:3S:4S:4S,1L:1L,1,0.03000300030003
999,4,1,0,2,1,:1O:1O:2O,,,1S:1S:1S:1S:2S:2S:2S:3S,1L,1,0.03000300030003
1000,4,1,0,2,1,::1O:1O,,,2S:2S:2S:2S:2S:2S:2S:2S,1L,1,0.03000300030003
1001,4,1,0,2,1,::1O:1O,,,2S:2S:2S:2S:2S:2S:2S:3S,1L,1,0.03000300030003
1002,4,1,0,2,1,::1O:1O,,,:1S:1S:1S:2S:2S:2S:2S,1L,1,0.03000300030003
1003,4,1,0,2,1,::1O:1O,,,:1S:1S:2S:2S:2S:2S:3S,1L,1,0.03000300030003
1004,2,3,0,1,1,:1O,::1O,,,1L,1,0.03000300030003
1005,2,3,0,1,1,:1O,:1O:3O,,,1L,1,0.03000300030003
1006,4,1,0,2,1,::1O:2O,,,::1S:1S:1S:2S:2S:2S,1L,1,0.03000300030003
1007,4,1,0,2,1,:::1O,,,1S:1S:2S:2S:3S:3S:3S:3S,1L,1,0.03000300030003
1008,4,1,0,2,1,:::1O,,,2S:2S:3S:3S:3S:3S:3S:3S,1L,1,0.03000300030003
1009,4,1,0,2,1,:::1O,,,:1S:1S:2S:2S:2S:2S:2S,1L,1,0.03000300030003
1010,4,1,0,2,1,:::1O,,,:1S:1S:2S:2S:2S:2S:3S,1L,1,0.03000300030003
1011,4,1,0,2,1,:::1O,,,::1S:1S:2S:2S:2S:2S,1L,1,0.03000300030003
1012,4,1,0,2,2,:1O:1O:1O,,,1S:1S:1S:1S:2S:2S:2S:3S,1L:1L,1,0.03000300030003
1013,2,3,0,1,1,:,:1O:3O,,,1L,1,0.03000300030003
1014,4,1,0,2,2,::1O:1O,2O,,1S:1S:1S:2S:3S:3S:3S:3S,1L:1L,1,0.03000300030003
1015,4,1,0,2,1,::1O:1O,,,1S:1S:1S:1S:2S:3S:3S:3S,1L,1,0.03000300030003
1016,2,3,0,1,2,:1O,:2O:3O,,,1L:1L,1,0.03000300030003
1017,2,3,1,1,1,:,::3O,1O,,1L,1,0.03000300030003
1018,2,3,0,2,1,1O:1O,::,,:::1S:1S:2S:2S:2S,1L,1,0.03000300030003
1019,2,3,1,1,1,:,::2O,,,1L,1,0.03000300030003
1020,4,1,0,1,1,:::2O,2O,,,1L,1,0.03000300030003
1021,2,3,1,1,1,:,::1O,1O,,1L,1,0.03000300030003
1022,2,3,1,1,1,1O:1O,::2O,,,1L,1,0.03000300030003
1023,4,1,0,1,2,1O:1O:1O:2O,,,,1L:1L,1,0.03000300030003
1024,4,1,0,1,2,1O:1O:1O:2O,1O,,,1L:1L,1,0.03000300030003
1025,2,3,1,1,1,1O:1O,::1O,1O,,1L,1,0.03000300030003
1026,2,3,1,1,1,1O:1O,::,1N1O,,1L,1,0.03000300030003
1027,2,3,0,2,1,:2O,::,,::1S:1S:1S:2S:2S:2S,1L,1,0.03000300030003
1028,2,3,0,2,1,:1O,::,,1S:1S:1S:1S:2S:2S:2S:3S,1L,1,0.03000300030003
1029,4,1,0,2,1,1O:1O:1O:1O,,,1S:1S:1S:1S:2S:2S:3S:3S,1L,1,0.03000300030003
1030,4,1,0,2,1,1O:1O:1O:1O,,,::1S:1S:2S:2S:2S:2S,1L,1,0.03000300030003
1031,4,1,0,2,1,1O:1O:1O:1O,,,:::1S:1S:2S:2S:2S,1L,1,0.03000300030003
1032,4,1,0,2,1,:1O:1O:1O,,,1S:1S:1S:1S:2S:2S:2S:2S,1L,1,0.03000300030003
1033,4,1,0,2,1,:1O:1O:1O,,,1S:1S:1S:1S:2S:2S:2S:3S,1L,1,0.03000300030003
1034,3,3,1,1,1,::1O,::1O,,,1L,1,0.03000300030003
