,num_dol,num_dme,num_tfsi,num_ps,num_li,atoms_dol,atoms_dme,atoms_tfsi,atoms_ps,atoms_li,count,%
0,3,3,0,1,1,::1O,::2O,,,1L,84,2.52025202520252
1,4,2,0,1,1,::1O:1O,:2O,,,1L,57,1.7101710171017102
2,4,2,0,1,1,:::1O,:2O,,,1L,57,1.7101710171017102
3,3,3,0,1,1,:1O:1O,::2O,,,1L,54,1.62016201620162
4,2,4,0,1,1,:1O,:::2O,,,1L,52,1.56015601560156
5,4,3,0,1,1,::1O:1O,::2O,,,1L,49,1.47014701470147
6,3,4,0,1,1,::1O,:::2O,,,1L,47,1.41014101410141
7,3,2,0,1,1,::1O,:2O,,,1L,46,1.38013801380138
8,4,3,0,1,1,:::1O,::2O,,,1L,43,1.29012901290129
9,2,3,0,1,1,:1O,::2O,,,1L,36,1.08010801080108
10,5,2,0,1,1,::::1O,:2O,,,1L,35,1.05010501050105
11,3,2,0,1,1,:1O:1O,:2O,,,1L,34,1.02010201020102
12,5,2,0,1,1,:::1O:1O,:2O,,,1L,30,0.9000900090009001
13,3,3,0,1,1,::1O,:1O:2O,,,1L,30,0.9000900090009001
14,2,4,0,1,1,:1O,::1O:2O,,,1L,28,0.8400840084008401
15,1,3,0,1,2,1O,2O:2O:2O,,,1L:1L,25,0.7500750075007501
16,2,3,0,1,1,:1O,:1O:2O,,,1L,25,0.7500750075007501
17,3,4,0,1,1,:1O:1O,:::2O,,,1L,24,0.7200720072007201
18,3,2,0,1,2,:1O:1O,2O:2O,,,1L:1L,21,0.6300630063006301
19,3,3,0,1,1,:1O:1O,:1O:2O,,,1L,21,0.6300630063006301
20,3,4,0,1,1,::1O,::1O:2O,,,1L,19,0.57005700570057
21,3,2,0,1,2,1O:1O:1O,2O:2O,,,1L:1L,18,0.54005400540054
22,5,3,0,1,1,::::1O,::2O,,,1L,17,0.51005100510051
23,4,3,0,1,1,::1O:1O,:1O:2O,,,1L,17,0.51005100510051
24,5,1,0,1,1,:::1O:1O,2O,,,1L,16,0.48004800480048
25,4,2,0,1,1,::1O:1O,1O:2O,,,1L,16,0.48004800480048
26,1,4,0,1,1,1O,:::2O,,,1L,16,0.48004800480048
27,3,3,0,1,2,:1O:1O,:2O:2O,,,1L:1L,16,0.48004800480048
28,6,1,0,1,1,::::1O:1O,2O,,,1L,15,0.45004500450045
29,2,2,1,1,2,1O:1O,2O:2O,1O,,1L:1L,15,0.45004500450045
30,4,2,0,1,1,:1O:1O:1O,:2O,,,1L,15,0.45004500450045
31,1,4,0,1,2,1O,:1O:2O:2O,,,1L:1L,15,0.45004500450045
32,3,2,1,1,2,:1O:1O,2O:2O,1O,,1L:1L,15,0.45004500450045
33,4,3,0,1,1,:::1O,:1O:2O,,,1L,15,0.45004500450045
34,2,3,1,1,1,:1O,::2O,,,1L,15,0.45004500450045
35,1,4,1,1,1,1O,:::2O,,,1L,15,0.45004500450045
36,2,3,0,1,2,:1O,1O:2O:2O,,,1L:1L,14,0.42004200420042
37,2,3,0,1,2,:1O,2O:2O:2O,,,1L:1L,14,0.42004200420042
38,5,2,0,1,1,::1O:1O:1O,:2O,,,1L,14,0.42004200420042
39,1,5,0,1,1,1O,::::2O,,,1L,13,0.39003900390039
40,2,4,0,1,1,:,::1O:2O,,,1L,13,0.39003900390039
41,5,3,0,1,1,:::1O:1O,::2O,,,1L,13,0.39003900390039
42,2,2,0,1,2,1O:1O,2O:2O,,,1L:1L,13,0.39003900390039
43,2,3,0,1,2,1O:1O,1O:2O:2O,,,1L:1L,13,0.39003900390039
44,4,2,1,1,1,:::1O,:2O,,,1L,13,0.39003900390039
45,2,3,0,1,1,1O:1O,::2O,,,1L,12,0.36003600360036
46,3,3,1,1,1,::1O,::2O,,,1L,12,0.36003600360036
47,4,4,0,1,1,:::1O,:::2O,,,1L,12,0.36003600360036
48,3,3,0,1,1,::2O,::2O,,,1L,12,0.36003600360036
49,4,2,0,1,1,:::1O,1O:2O,,,1L,12,0.36003600360036
50,4,3,0,1,1,:1O:1O:1O,::2O,,,1L,11,0.33003300330033
51,4,2,0,1,2,:1O:1O:1O,2O:2O,,,1L:1L,11,0.33003300330033
52,3,2,1,1,1,::1O,:2O,,,1L,11,0.33003300330033
53,2,4,1,1,1,:1O,:::2O,,,1L,11,0.33003300330033
54,2,5,0,1,1,:1O,:::1O:2O,,,1L,10,0.3000300030003
55,2,2,0,1,1,:1O,:2O,,,1L,10,0.3000300030003
56,5,1,0,1,1,::::1O,2O,,,1L,10,0.3000300030003
57,2,3,1,1,1,:,::2O,1O,,1L,10,0.3000300030003
58,2,3,0,1,1,1O:1O,:1O:2O,,,1L,10,0.3000300030003
59,5,1,0,1,1,::1O:1O:1O,2O,,,1L,10,0.3000300030003
60,3,3,0,1,1,:1O:2O,::2O,,,1L,10,0.3000300030003
61,1,3,1,1,2,1O,:2O:2O,1O,,1L:1L,10,0.3000300030003
62,1,3,0,1,2,1O,1O:2O:2O,,,1L:1L,10,0.3000300030003
63,3,2,0,1,1,::1O,1O:2O,,,1L,10,0.3000300030003
64,3,2,1,1,1,::1O,:2O,1O,,1L,9,0.27002700270027
65,4,2,0,1,1,::1O:2O,:2O,,,1L,9,0.27002700270027
66,2,3,0,1,1,:,:1O:2O,,,1L,9,0.27002700270027
67,6,1,0,1,1,:::::1O,2O,,,1L,9,0.27002700270027
68,3,2,0,1,1,:1O:1O,1O:2O,,,1L,9,0.27002700270027
69,2,3,0,1,2,1O:1O,:2O:2O,,,1L:1L,9,0.27002700270027
70,3,2,0,1,2,:1O:2O,2O:2O,,,1L:1L,9,0.27002700270027
71,6,2,0,1,1,::::1O:1O,:2O,,,1L,9,0.27002700270027
72,2,4,0,1,1,1O:1O,:::2O,,,1L,9,0.27002700270027
73,3,2,1,1,1,:1O:1O,:2O,1O,,1L,8,0.24002400240024
74,1,5,0,1,1,1O,:::1O:2O,,,1L,8,0.24002400240024
75,2,4,0,1,2,:1O,:1O:2O:2O,,,1L:1L,8,0.24002400240024
76,2,2,0,1,2,:1O,2O:2O,,,1L:1L,8,0.24002400240024
77,3,3,1,1,1,:1O:1O,::2O,,,1L,8,0.24002400240024
78,2,2,1,1,2,1O:1O,2O:2O,,,1L:1L,7,0.21002100210021
79,4,2,0,1,1,:::2O,:2O,,,1L,7,0.21002100210021
80,2,3,0,1,1,:2O,::2O,,,1L,7,0.21002100210021
81,3,3,0,1,2,::1O,1O:2O:2O,,,1L:1L,7,0.21002100210021
82,2,3,1,1,1,1O:1O,::2O,,,1L,7,0.21002100210021
83,1,4,0,1,1,1O,::1O:2O,,,1L,7,0.21002100210021
84,4,1,0,1,1,:1O:1O:1O,2O,,,1L,7,0.21002100210021
85,2,3,1,1,2,1O:1O,:2O:2O,1O,,1L:1L,7,0.21002100210021
86,2,5,0,1,1,:1O,::::2O,,,1L,7,0.21002100210021
87,2,5,0,1,1,:1O,::1O:1O:2O,,,1L,7,0.21002100210021
88,1,4,0,1,1,1O,:1O:1O:2O,,,1L,6,0.18001800180018
89,5,3,0,1,1,::1O:1O:1O,::2O,,,1L,6,0.18001800180018
90,3,3,0,1,1,::,:1O:2O,,,1L,6,0.18001800180018
91,1,3,1,1,2,1O,1O:2O:2O,1O,,1L:1L,6,0.18001800180018
92,3,4,0,1,1,:1O:1O,::1O:2O,,,1L,6,0.18001800180018
93,2,4,0,1,1,:2O,:::2O,,,1L,6,0.18001800180018
94,3,5,0,1,1,::1O,::::2O,,,1L,6,0.18001800180018
95,4,2,1,1,1,:::1O,:2O,1O,,1L,6,0.18001800180018
96,4,1,0,1,1,::1O:1O,2O,,,1L,6,0.18001800180018
97,2,2,0,1,2,1O:2O,2O:2O,,,1L:1L,6,0.18001800180018
98,3,5,0,1,1,::1O,:::1O:2O,,,1L,6,0.18001800180018
99,3,2,0,1,1,1O:1O:1O,:2O,,,1L,6,0.18001800180018
100,1,3,0,1,2,1O,:2O:2O,,,1L:1L,6,0.18001800180018
101,4,4,0,1,1,::1O:1O,:::2O,,,1L,6,0.18001800180018
102,2,4,0,1,1,:,::2O:2O,,,1L,6,0.18001800180018
103,2,5,0,1,1,:,:::2O:2O,,,1L,6,0.18001800180018
104,4,1,1,1,1,:::1O,2O,,,1L,6,0.18001800180018
105,2,3,1,1,2,1O:1O,:2O:2O,,,1L:1L,6,0.18001800180018
106,6,2,0,1,1,:::::1O,:2O,,,1L,5,0.15001500150015
107,1,3,1,1,2,1O,1O:2O:2O,,,1L:1L,5,0.15001500150015
108,3,3,0,1,1,1O:1O:1O,::2O,,,1L,5,0.15001500150015
109,3,2,1,1,2,::1O,2O:2O,1O,,1L:1L,5,0.15001500150015
110,1,4,0,1,1,,::2O:2O,,,1L,5,0.15001500150015
111,1,3,0,1,2,,2O:2O:2O,,,1L:1L,5,0.15001500150015
112,1,4,0,1,2,,1O:2O:2O:2O,,,1L:1L,5,0.15001500150015
113,2,3,1,1,1,:1O,::2O,1O,,1L,5,0.15001500150015
114,2,3,0,2,2,:1O,:2O:2O,,1S:1S:1S:1S:2S:2S:2S:2S,1L:1L,5,0.15001500150015
115,4,2,1,1,2,::1O:1O,2O:2O,1O,,1L:1L,5,0.15001500150015
116,2,3,1,1,2,:1O,:2O:2O,1O,,1L:1L,5,0.15001500150015
117,3,3,0,1,1,::,:2O:2O,,,1L,5,0.15001500150015
118,2,3,0,1,2,1O:2O,:2O:2O,,,1L:1L,5,0.15001500150015
119,1,2,1,1,2,1O,2O:2O,1O,,1L:1L,5,0.15001500150015
120,5,1,1,1,1,::::1O,2O,,,1L,5,0.15001500150015
121,2,2,1,1,1,:1O,:2O,,,1L,5,0.15001500150015
122,4,3,1,1,1,::1O:1O,::2O,,,1L,5,0.15001500150015
123,2,4,0,1,2,:1O,:2O:2O:2O,,,1L:1L,5,0.15001500150015
124,4,2,0,1,1,:1O:1O:2O,:2O,,,1L,5,0.15001500150015
125,5,2,0,1,1,::::2O,:2O,,,1L,5,0.15001500150015
126,1,5,0,1,1,,:::1O:2O,,,1L,5,0.15001500150015
127,2,2,0,1,1,:1O,1O:2O,,,1L,5,0.15001500150015
128,3,2,1,1,1,::,:2O,1O,,1L,5,0.15001500150015
129,1,5,1,1,1,,::::2O,1O,,1L,5,0.15001500150015
130,3,2,0,1,2,1O:1O:2O,2O:2O,,,1L:1L,5,0.15001500150015
131,1,4,1,1,1,,:::2O,1O,,1L,5,0.15001500150015
132,3,3,0,1,2,:1O:1O,1O:2O:2O,,,1L:1L,5,0.15001500150015
133,4,1,0,1,1,:::1O,2O,,,1L,5,0.15001500150015
134,2,4,1,1,1,:1O,::1O:2O,,,1L,5,0.15001500150015
135,3,4,0,1,1,::,::1O:2O,,,1L,5,0.15001500150015
136,2,4,0,1,1,:1O,::2O:2O,,,1L,5,0.15001500150015
137,3,2,1,1,1,:1O:1O,:2O,,,1L,5,0.15001500150015
138,1,3,1,1,2,,2O:2O:2O,1O,,1L:1L,4,0.12001200120012
139,2,3,1,1,1,:1O,:1O:2O,,,1L,4,0.12001200120012
140,1,6,0,1,1,1O,::::1O:2O,,,1L,4,0.12001200120012
141,4,3,0,1,1,::1O:2O,::2O,,,1L,4,0.12001200120012
142,2,2,0,1,1,1O:1O,1O:2O,,,1L,4,0.12001200120012
143,2,2,0,1,1,:,:2O,,,1L,4,0.12001200120012
144,2,2,1,1,1,:1O,1O:2O,,,1L,4,0.12001200120012
145,4,2,0,1,1,:1O:1O:1O,1O:2O,,,1L,4,0.12001200120012
146,3,4,0,1,1,:1O:2O,:::2O,,,1L,4,0.12001200120012
147,3,5,0,1,1,:1O:1O,::::2O,,,1L,4,0.12001200120012
148,2,3,1,1,1,1O:1O,::2O,1O,,1L,4,0.12001200120012
149,1,4,0,1,1,,:::2O,,,1L,4,0.12001200120012
150,2,4,1,1,1,:1O,:::2O,1O,,1L,4,0.12001200120012
151,2,4,0,1,1,1O:1O,::1O:2O,,,1L,4,0.12001200120012
152,2,3,1,1,2,:1O,1O:2O:2O,1O,,1L:1L,4,0.12001200120012
153,1,5,0,1,1,2O,::::2O,,,1L,4,0.12001200120012
154,4,2,0,1,2,1O:1O:1O:1O,2O:2O,,,1L:1L,4,0.12001200120012
155,1,4,1,1,2,1O,:1O:2O:2O,1O,,1L:1L,4,0.12001200120012
156,3,3,1,1,1,::,::2O,1O,,1L,4,0.12001200120012
157,1,4,0,1,2,1O,:2O:2O:2O,,,1L:1L,4,0.12001200120012
158,3,3,0,1,2,:1O:2O,:2O:2O,,,1L:1L,4,0.12001200120012
159,3,3,0,1,2,1O:1O:1O,:2O:2O,,,1L:1L,4,0.12001200120012
160,3,3,0,1,1,::,::2O,,,1L,4,0.12001200120012
161,1,3,1,1,1,1O,::2O,,,1L,4,0.12001200120012
162,3,3,1,1,1,::1O,::2O,1O,,1L,4,0.12001200120012
163,5,2,0,1,1,::::1O,1O:2O,,,1L,4,0.12001200120012
164,3,2,0,1,1,::2O,:2O,,,1L,4,0.12001200120012
165,4,4,0,1,1,::1O:1O,::1O:2O,,,1L,4,0.12001200120012
166,5,2,0,1,1,:1O:1O:1O:1O,:2O,,,1L,4,0.12001200120012
167,1,2,0,3,2,,2O:2O,,:::1S:1S:1S:1S:1S:2S:2S:2S:2S:3S:3S:3S:3S,1L:1L,4,0.12001200120012
168,5,2,0,1,2,:::1O:1O,2O:2O,,,1L:1L,4,0.12001200120012
169,3,1,0,1,1,::1O,2O,,,1L,4,0.12001200120012
170,1,3,0,1,1,1O,::2O,,,1L,4,0.12001200120012
171,0,3,0,3,2,,:2O:2O,,:::1S:1S:1S:1S:1S:2S:2S:2S:2S:3S:3S:3S:3S,1L:1L,4,0.12001200120012
172,4,4,0,1,1,:1O:1O:1O,:::2O,,,1L,4,0.12001200120012
173,0,4,1,1,2,,:2O:2O:2O,1O,,1L:1L,4,0.12001200120012
174,5,2,0,1,1,:::1O:1O,1O:2O,,,1L,4,0.12001200120012
175,3,3,0,1,1,::1O,:2O:2O,,,1L,3,0.09000900090009
176,2,4,0,1,1,1O:2O,:::2O,,,1L,3,0.09000900090009
177,3,4,1,1,1,::1O,:::2O,1O,,1L,3,0.09000900090009
178,1,4,1,1,1,,::1O:2O,1O,,1L,3,0.09000900090009
179,5,1,0,1,1,:::1O:2O,2O,,,1L,3,0.09000900090009
180,2,2,1,1,2,1O:2O,2O:2O,1O,,1L:1L,3,0.09000900090009
181,2,4,1,1,1,:,:::2O,1O,,1L,3,0.09000900090009
182,2,4,0,1,1,:,:1O:1O:2O,,,1L,3,0.09000900090009
183,3,2,0,1,1,::,:2O,,,1L,3,0.09000900090009
184,2,2,1,1,2,:1O,2O:2O,1O,,1L:1L,3,0.09000900090009
185,1,3,0,1,1,,:2O:2O,,,1L,3,0.09000900090009
186,2,4,0,1,1,:,:1O:2O:2O,,,1L,3,0.09000900090009
187,1,3,0,1,1,,::2O,,,1L,3,0.09000900090009
188,1,3,0,1,1,1O,:1O:2O,,,1L,3,0.09000900090009
189,3,4,1,1,1,::1O,::1O:2O,,,1L,3,0.09000900090009
190,1,4,0,2,1,,:::2O,,1S:1S:1S:1S:2S:2S:2S:3S,1L,3,0.09000900090009
191,1,3,0,1,2,,1O:2O:2O,,,1L:1L,3,0.09000900090009
192,5,1,0,1,1,:1O:1O:1O:1O,2O,,,1L,3,0.09000900090009
193,3,3,0,1,1,:1O:2O,:1O:2O,,,1L,3,0.09000900090009
194,4,2,1,1,2,:1O:1O:1O,2O:2O,,,1L:1L,3,0.09000900090009
195,3,4,1,1,1,:1O:1O,:::2O,,,1L,3,0.09000900090009
196,1,4,0,1,2,1O,1O:1O:2O:2O,,,1L:1L,3,0.09000900090009
197,2,3,0,1,1,1O:2O,::2O,,,1L,3,0.09000900090009
198,0,4,1,1,2,,:1O:2O:2O,1O,,1L:1L,3,0.09000900090009
199,2,2,0,2,2,:1O,2O:2O,,1S:1S:1S:2S:3S:3S:3S:3S,1L:1L,3,0.09000900090009
200,1,4,1,1,1,1O,::1O:2O,,,1L,3,0.09000900090009
201,3,2,1,1,2,1O:1O:1O,2O:2O,1O,,1L:1L,3,0.09000900090009
202,1,6,0,1,1,1O,:::::2O,,,1L,3,0.09000900090009
203,5,2,1,1,1,:::1O:1O,:2O,,,1L,3,0.09000900090009
204,0,5,1,1,1,,::::2O,1O,,1L,3,0.09000900090009
205,1,5,1,1,1,1O,::::2O,,,1L,3,0.09000900090009
206,3,2,0,1,1,:1O:2O,:2O,,,1L,3,0.09000900090009
207,0,6,0,1,1,,:::1O:1O:2O,,,1L,3,0.09000900090009
208,5,2,1,1,1,::::1O,:2O,,,1L,3,0.09000900090009
209,3,2,0,1,1,::1O,2O:2O,,,1L,3,0.09000900090009
210,1,5,0,1,2,1O,::1O:2O:2O,,,1L:1L,3,0.09000900090009
211,4,2,0,1,1,:::,1O:2O,,,1L,3,0.09000900090009
212,2,4,0,2,1,:,:::2O,,1S:1S:1S:2S:3S:3S:3S:3S,1L,3,0.09000900090009
213,2,2,0,1,1,:2O,:2O,,,1L,3,0.09000900090009
214,3,2,1,1,1,::1O,:2O,2O,,1L,3,0.09000900090009
215,5,2,0,1,1,:::1O:2O,:2O,,,1L,3,0.09000900090009
216,1,5,0,1,1,,:::2O:2O,,,1L,3,0.09000900090009
217,5,2,0,1,1,::1O:1O:2O,:2O,,,1L,3,0.09000900090009
218,5,3,0,1,1,::::1O,:1O:2O,,,1L,3,0.09000900090009
219,5,2,0,1,0,::::,:,,,,3,0.09000900090009
220,4,2,0,1,2,::1O:1O,2O:2O,,,1L:1L,3,0.09000900090009
221,4,1,0,1,1,::1O:2O,2O,,,1L,3,0.09000900090009
222,3,2,0,1,2,::1O,2O:2O,,,1L:1L,3,0.09000900090009
223,4,1,0,1,1,:1O:1O:2O,2O,,,1L,3,0.09000900090009
224,3,2,0,2,1,:1O:1O,:,,1S:1S:1S:2S:3S:3S:3S:3S,1L,3,0.09000900090009
225,2,3,0,1,1,:1O,1O:1O:2O,,,1L,3,0.09000900090009
226,2,4,0,1,1,:,:::2O,,,1L,3,0.09000900090009
227,2,3,0,1,1,:,:2O:2O,,,1L,3,0.09000900090009
228,1,6,0,1,1,,::::1O:2O,,,1L,3,0.09000900090009
229,3,4,0,2,1,::,:::2O,,1S:1S:1S:2S:3S:3S:3S:3S,1L,3,0.09000900090009
230,1,3,0,2,2,1O,:2O:2O,,1S:1S:1S:1S:2S:2S:2S:2S,1L:1L,3,0.09000900090009
231,3,1,0,1,1,:1O:1O,2O,,,1L,3,0.09000900090009
232,3,2,0,2,2,::1O,2O:2O,,1S:1S:1S:1S:2S:2S:2S:3S,1L:1L,3,0.09000900090009
233,4,3,0,1,1,:1O:1O:1O,:1O:2O,,,1L,3,0.09000900090009
234,0,4,0,1,2,,1O:2O:2O:2O,,,1L:1L,3,0.09000900090009
235,2,3,0,1,1,:1O,1O:2O:2O,,,1L,3,0.09000900090009
236,1,4,0,1,1,,:1O:1O:2O,,,1L,3,0.09000900090009
237,3,2,0,2,1,::1O,:2O,,1S:1S:1S:1S:2S:2S:2S:2S,1L,3,0.09000900090009
238,2,3,1,1,2,:1O,:2O:2O,2O,,1L:1L,3,0.09000900090009
239,2,3,0,1,2,:2O,1O:2O:2O,,,1L:1L,3,0.09000900090009
240,1,4,0,1,1,,::1O:2O,,,1L,3,0.09000900090009
241,3,4,0,1,1,1O:1O:2O,:::2O,,,1L,3,0.09000900090009
242,2,3,0,1,2,1O:1O,2O:2O:2O,,,1L:1L,3,0.09000900090009
243,0,4,0,3,2,,::2O:2O,,:::1S:1S:1S:1S:1S:2S:2S:2S:2S:3S:3S:3S:3S,1L:1L,3,0.09000900090009
244,2,3,1,1,1,:,::2O,1O1S,,1L,3,0.09000900090009
245,2,3,1,1,1,:,::2O,2O,,1L,3,0.09000900090009
246,2,3,0,1,2,:2O,2O:2O:2O,,,1L:1L,3,0.09000900090009
247,1,3,0,3,2,,:2O:2O,,:::1S:1S:2S:2S:2S:2S:2S:2S:3S:3S:4S:4S:4S,1L:1L,3,0.09000900090009
248,2,3,0,1,1,:2O,:1O:2O,,,1L,3,0.09000900090009
249,2,3,1,1,1,:1O,:1O:2O,1O,,1L,3,0.09000900090009
250,3,3,1,1,2,:1O:1O,:2O:2O,1O,,1L:1L,3,0.09000900090009
251,3,4,0,1,2,::1O,:1O:2O:2O,,,1L:1L,3,0.09000900090009
252,7,1,0,1,1,::::::1O,2O,,,1L,3,0.09000900090009
253,3,2,0,2,1,::,:2O,,1S:1S:1S:1S:2S:2S:2S:3S,1L,3,0.09000900090009
254,3,4,0,1,1,::1O,::2O:2O,,,1L,3,0.09000900090009
255,2,3,1,1,2,:1O,2O:2O:2O,1O,,1L:1L,2,0.06000600060006
256,5,3,0,1,1,::::,:1O:2O,,,1L,2,0.06000600060006
257,2,3,0,1,1,:,::2O,,,1L,2,0.06000600060006
258,3,3,0,2,1,::,::2O,,2S:2S:2S:2S:2S:2S:3S:3S,1L,2,0.06000600060006
259,3,3,0,2,1,::,::2O,,2S:2S:2S:3S:3S:4S:4S:4S,1L,2,0.06000600060006
260,0,3,1,1,2,,2O:2O:2O,1O,,1L:1L,2,0.06000600060006
261,2,2,0,2,1,:1O,:2O,,1S:1S:1S:2S:3S:3S:3S:3S,1L,2,0.06000600060006
262,2,3,0,2,2,:,1O:2O:2O,,1S:1S:1S:2S:3S:3S:3S:3S,1L:1L,2,0.06000600060006
263,4,1,0,2,2,1O:1O:1O:1O,2O,,2S:2S:2S:3S:3S:4S:4S:4S,1L:1L,2,0.06000600060006
264,2,4,0,1,1,:2O,::1O:2O,,,1L,2,0.06000600060006
265,3,4,0,1,1,::,:1O:2O:2O,,,1L,2,0.06000600060006
266,3,2,0,2,2,:1O:1O,2O:2O,,1S:1S:1S:2S:3S:3S:3S:3S,1L:1L,2,0.06000600060006
267,3,3,1,1,1,::,::2O,2O1S,,1L,2,0.06000600060006
268,3,3,1,1,2,::1O,:1O:2O,1O,,1L:1L,2,0.06000600060006
269,0,5,0,1,2,,:1O:2O:2O:2O,,,1L:1L,2,0.06000600060006
270,2,3,1,1,2,:1O,1O:2O:2O,,,1L:1L,2,0.06000600060006
271,4,3,1,1,1,::1O:2O,::2O,,,1L,2,0.06000600060006
272,7,1,0,1,1,:::::1O:1O,2O,,,1L,2,0.06000600060006
273,3,3,0,2,1,::,::2O,,1S:1S:1S:1S:2S:2S:2S:2S,1L,2,0.06000600060006
274,3,3,0,2,1,::,::2O,,1S:1S:1S:1S:2S:2S:2S:3S,1L,2,0.06000600060006
275,2,3,1,1,1,:,::2O,,,1L,2,0.06000600060006
276,2,2,0,1,1,1O:1O,:2O,,,1L,2,0.06000600060006
277,4,1,1,1,1,:::1O,2O,1O,,1L,2,0.06000600060006
278,0,5,1,1,1,,:::1O:2O,1O1S,,1L,2,0.06000600060006
279,6,3,0,1,1,:::::1O,::2O,,,1L,2,0.06000600060006
280,2,3,1,1,1,:,:1O:2O,1O,,1L,2,0.06000600060006
281,2,4,0,1,2,1O:2O,:1O:2O:2O,,,1L:1L,2,0.06000600060006
282,6,3,0,1,1,:::1O:1O:1O,::2O,,,1L,2,0.06000600060006
283,2,3,1,1,1,1O:1O,::1O,1O,,1L,2,0.06000600060006
284,3,3,1,1,1,::1O,:1O:2O,1O,,1L,2,0.06000600060006
285,2,3,0,2,2,1O:1O,:2O:2O,,1S:1S:1S:1S:2S:2S:2S:2S,1L:1L,2,0.06000600060006
286,2,3,1,1,2,:,2O:2O:2O,1O,,1L:1L,2,0.06000600060006
287,3,3,1,2,1,::,::2O,,1S:1S:1S:1S:2S:2S:2S:2S,1L,2,0.06000600060006
288,0,5,0,1,1,,::1O:2O:2O,,,1L,2,0.06000600060006
289,2,4,0,1,1,:1O,:1O:2O:2O,,,1L,2,0.06000600060006
290,0,5,0,1,1,,::1O:1O:2O,,,1L,2,0.06000600060006
291,6,1,0,1,1,:::::2O,2O,,,1L,2,0.06000600060006
292,2,3,0,1,2,:,1O:2O:2O,,,1L:1L,2,0.06000600060006
293,3,2,0,2,1,::,:2O,,1S:1S:1S:2S:3S:3S:3S:3S,1L,2,0.06000600060006
294,2,2,1,1,2,:1O,2O:2O,1N3O2S,,1L:1L,2,0.06000600060006
295,2,3,0,1,2,1O:2O,2O:2O:2O,,,1L:1L,2,0.06000600060006
296,2,3,0,1,2,1O:2O,1O:2O:2O,,,1L:1L,2,0.06000600060006
297,3,4,1,1,1,::1O,:::2O,,,1L,2,0.06000600060006
298,4,1,1,2,1,:::1O,,1O,1S:1S:1S:2S:3S:3S:3S:3S,1L,2,0.06000600060006
299,2,2,1,2,2,1O:1O,:2O,,1S:1S:1S:2S:3S:3S:3S:3S,1L:1L,2,0.06000600060006
300,2,3,0,1,2,1O:1O,1O:1O:2O,,,1L:1L,2,0.06000600060006
301,3,2,0,2,1,::1O,:2O,,1S:1S:1S:2S:3S:3S:3S:3S,1L,2,0.06000600060006
302,6,1,0,1,1,:::1O:1O:1O,2O,,,1L,2,0.06000600060006
303,2,2,1,2,2,:1O,2O:2O,,1S:1S:1S:2S:3S:3S:3S:3S,1L:1L,2,0.06000600060006
304,2,2,1,2,2,:1O,2O:2O,,:::1S:1S:2S:2S:2S,1L:1L,2,0.06000600060006
305,3,3,0,2,2,:1O:1O,:2O:2O,,1S:1S:1S:1S:2S:2S:2S:3S,1L:1L,2,0.06000600060006
306,0,4,1,1,1,,:::2O,1O,,1L,2,0.06000600060006
307,0,4,0,3,2,,::2O:2O,,:::1S:1S:2S:2S:2S:2S:2S:2S:3S:3S:4S:4S:4S,1L:1L,2,0.06000600060006
308,6,1,0,1,0,:::::1O,,,,,2,0.06000600060006
309,0,4,1,1,1,,::1O:2O,1O,,1L,2,0.06000600060006
310,3,3,0,2,2,1O:1O:1O,::2O,,1S:1S:1S:2S:3S:3S:3S:3S,1L:1L,2,0.06000600060006
311,3,4,0,2,1,:1O:2O,:::,,1S:1S:1S:2S:3S:3S:3S:3S,1L,2,0.06000600060006
312,2,3,0,1,2,:1O,:2O:2O,,,1L:1L,2,0.06000600060006
313,2,2,1,1,2,1O:1O,2O:2O,2O1S,,1L:1L,2,0.06000600060006
314,3,4,0,1,1,::,::2O:2O,,,1L,2,0.06000600060006
315,2,3,0,2,1,:1O,::2O,,1S:1S:1S:2S:3S:3S:3S:3S,1L,2,0.06000600060006
316,3,2,0,2,1,:1O:1O,:,,2S:2S:2S:3S:3S:3S:4S:4S,1L,2,0.06000600060006
317,2,2,0,2,2,:1O,2O:2O,,1S:1S:1S:1S:2S:2S:2S:3S,1L:1L,2,0.06000600060006
318,2,3,0,2,1,:,::2O,,1S:1S:1S:1S:2S:2S:2S:3S,1L,2,0.06000600060006
319,2,2,0,2,2,:1O,2O:2O,,2S:2S:2S:2S:2S:2S:2S:2S,1L:1L,2,0.06000600060006
320,2,4,0,1,1,:1O,:1O:1O:2O,,,1L,2,0.06000600060006
321,0,4,0,1,1,,::2O:2O,,,1L,2,0.06000600060006
322,3,2,1,1,1,::,:2O,2O,,1L,2,0.06000600060006
323,2,2,1,1,1,:,1O:2O,1O,,1L,2,0.06000600060006
324,5,4,0,1,1,::::1O,::1O:2O,,,1L,2,0.06000600060006
325,3,5,0,1,1,::,:::1O:2O,,,1L,2,0.06000600060006
326,5,4,0,1,1,::::1O,:::2O,,,1L,2,0.06000600060006
327,3,4,0,1,1,::2O,:::2O,,,1L,2,0.06000600060006
328,2,2,1,1,1,:1O,:2O,1O,,1L,2,0.06000600060006
329,0,4,1,1,2,,:1O:1O:2O,1O,,1L:1L,2,0.06000600060006
330,3,3,0,2,1,::1O,::2O,,1S:1S:1S:2S:3S:3S:3S:3S,1L,2,0.06000600060006
331,2,2,1,2,1,:,:2O,,2S:2S:2S:3S:3S:4S:4S:4S,1L,2,0.06000600060006
332,1,3,0,3,2,2O,:2O:2O,,:::1S:1S:1S:1S:1S:2S:2S:2S:2S:3S:3S:3S:3S,1L:1L,2,0.06000600060006
333,1,5,2,1,1,,::::2O,:1O,,1L,2,0.06000600060006
334,3,2,1,1,2,:1O:1O,2O:2O,2O,,1L:1L,2,0.06000600060006
335,1,3,0,2,1,,::2O,,2S:2S:2S:2S:2S:2S:3S:3S,1L,2,0.06000600060006
336,1,4,0,1,1,1O,::2O:2O,,,1L,2,0.06000600060006
337,3,1,0,2,2,1O:1O:1O,2O,,1S:1S:1S:2S:3S:3S:3S:3S,1L:1L,2,0.06000600060006
338,1,4,0,1,1,2O,::1O:2O,,,1L,2,0.06000600060006
339,1,4,0,1,1,2O,:::2O,,,1L,2,0.06000600060006
340,1,3,0,2,1,,:1O:2O,,2S:2S:2S:3S:3S:4S:4S:4S,1L,2,0.06000600060006
341,1,3,0,1,2,2O,2O:2O:2O,,,1L:1L,2,0.06000600060006
342,4,2,1,1,2,::1O:1O,2O:2O,,,1L:1L,2,0.06000600060006
343,3,2,0,1,1,::,2O:2O,,,1L,2,0.06000600060006
344,1,4,0,1,2,1O,1O:2O:2O:2O,,,1L:1L,2,0.06000600060006
345,1,3,0,1,2,2O,1O:2O:2O,,,1L:1L,2,0.06000600060006
346,1,4,0,1,2,1O,::2O:2O,,,1L:1L,2,0.06000600060006
347,3,2,1,1,2,::1O,2O:2O,2O,,1L:1L,2,0.06000600060006
348,3,3,0,1,1,:2O:2O,::2O,,,1L,2,0.06000600060006
349,1,3,0,1,1,1O,:2O:2O,,,1L,2,0.06000600060006
350,2,4,1,1,2,1O:1O,::2O:2O,,,1L:1L,2,0.06000600060006
351,4,2,1,1,1,::1O:1O,:2O,1O,,1L,2,0.06000600060006
352,2,3,1,1,2,1O:1O,1O:2O:2O,,,1L:1L,2,0.06000600060006
353,4,2,1,1,1,::1O:1O,:2O,,,1L,2,0.06000600060006
354,3,2,1,1,2,:1O:1O,2O:2O,,,1L:1L,2,0.06000600060006
355,1,4,0,3,2,,::2O:2O,,:::1S:1S:2S:2S:2S:2S:2S:2S:3S:3S:4S:4S:4S,1L:1L,2,0.06000600060006
356,2,4,1,1,1,:,:::2O,1O1S,,1L,2,0.06000600060006
357,1,4,1,1,1,,::1O:2O,2O,,1L,2,0.06000600060006
358,1,2,2,1,2,1O,2O:2O,:1O,,1L:1L,2,0.06000600060006
359,3,2,1,1,2,:1O:2O,2O:2O,1O,,1L:1L,2,0.06000600060006
360,4,3,0,1,0,:::,::,,,,2,0.06000600060006
361,2,4,1,1,1,:,::1O:2O,1O,,1L,2,0.06000600060006
362,1,3,0,3,2,,:2O:2O,,:::1S:1S:1S:1S:1S:2S:2S:2S:2S:3S:3S:3S:3S,1L:1L,2,0.06000600060006
363,2,6,0,1,1,:1O,::::1O:2O,,,1L,2,0.06000600060006
364,1,3,1,1,1,,:1O:2O,1O,,1L,2,0.06000600060006
365,1,3,1,1,1,,::2O,,,1L,2,0.06000600060006
366,1,3,1,1,1,,::2O,1O1S,,1L,2,0.06000600060006
367,4,3,1,1,1,::1O:1O,::,1O,,1L,2,0.06000600060006
368,1,3,1,1,1,1O,:1O:2O,1O,,1L,2,0.06000600060006
369,3,2,1,2,1,:1O:1O,:,2O1S,2S:2S:2S:3S:3S:4S:4S:4S,1L,2,0.06000600060006
370,3,2,1,2,2,1O:1O:1O,:2O,1O,1S:1S:1S:2S:3S:3S:3S:3S,1L:1L,2,0.06000600060006
371,2,5,1,1,1,:1O,::::2O,1O,,1L,2,0.06000600060006
372,1,3,1,1,2,,1O:2O:2O,1O,,1L:1L,2,0.06000600060006
373,1,3,1,1,2,,:2O:2O,1O,,1L:1L,2,0.06000600060006
374,1,3,1,1,2,1O,2O:2O:2O,,,1L:1L,2,0.06000600060006
375,4,3,0,1,1,1O:1O:1O:1O,::2O,,,1L,2,0.06000600060006
376,1,3,1,1,2,1O,:2O:2O,2O,,1L:1L,2,0.06000600060006
377,4,3,1,1,1,:::1O,::2O,,,1L,2,0.06000600060006
378,2,5,0,1,1,:,:::1O:2O,,,1L,2,0.06000600060006
379,4,3,0,1,1,:::2O,::2O,,,1L,2,0.06000600060006
380,1,3,0,2,2,1O,:2O:2O,,2S:2S:2S:2S:2S:2S:3S:3S,1L:1L,2,0.06000600060006
381,2,5,0,1,1,:,::1O:1O:2O,,,1L,2,0.06000600060006
382,4,3,0,1,1,:::,:2O:2O,,,1L,2,0.06000600060006
383,4,3,0,1,1,:::,:1O:2O,,,1L,2,0.06000600060006
384,1,3,0,2,2,1O,:2O:2O,,1S:1S:1S:2S:3S:3S:3S:3S,1L:1L,2,0.06000600060006
385,4,3,0,1,1,:1O:1O:2O,::2O,,,1L,2,0.06000600060006
386,2,5,0,1,1,1O:1O,::::2O,,,1L,2,0.06000600060006
387,1,4,1,1,1,,:::2O,2O,,1L,2,0.06000600060006
388,3,2,0,2,2,:1O:1O,2O:2O,,1S:1S:1S:1S:2S:2S:2S:2S,1L:1L,2,0.06000600060006
389,4,2,0,2,2,::1O:2O,1O:2O,,1S:1S:1S:1S:2S:2S:2S:2S,1L:1L,2,0.06000600060006
390,3,3,0,1,2,::1O,:1O:2O,,,1L:1L,2,0.06000600060006
391,1,4,1,1,2,,:1O:2O:2O,1O,,1L:1L,2,0.06000600060006
392,5,1,0,2,2,::1O:1O:1O,2O,,1S:1S:1S:2S:3S:3S:3S:3S,1L:1L,2,0.06000600060006
393,0,6,1,1,1,,:::::2O,1O,,1L,2,0.06000600060006
394,4,2,0,1,1,::1O:1O,2O:2O,,,1L,2,0.06000600060006
395,3,2,1,1,1,::2O,:2O,1O,,1L,2,0.06000600060006
396,1,4,1,1,2,1O,:2O:2O:2O,1O,,1L:1L,2,0.06000600060006
397,1,2,1,1,2,1O,2O:2O,,,1L:1L,2,0.06000600060006
398,1,4,1,1,2,1O,::2O:2O,1O1S,,1L:1L,2,0.06000600060006
399,1,4,1,1,2,1O,::2O:2O,1O,,1L:1L,2,0.06000600060006
400,1,2,1,2,2,,2O:2O,1O,1S:1S:1S:1S:2S:2S:2S:2S,1L:1L,2,0.06000600060006
401,1,5,0,2,1,,::::2O,,1S:1S:1S:1S:2S:2S:2S:2S,1L,2,0.06000600060006
402,2,4,1,1,1,1O:1O,:::2O,,,1L,2,0.06000600060006
403,4,2,0,1,1,:1O:1O:1O,:1O,,,1L,2,0.06000600060006
404,1,5,0,1,1,,::1O:1O:2O,,,1L,2,0.06000600060006
405,1,5,1,1,1,1O,::::2O,1O,,1L,2,0.06000600060006
406,1,5,0,1,1,1O,::1O:1O:2O,,,1L,2,0.06000600060006
407,3,2,1,1,2,1O:1O:1O,2O:2O,,,1L:1L,2,0.06000600060006
408,1,2,1,1,2,1O,2O:2O,2O1S,,1L:1L,2,0.06000600060006
409,1,4,1,1,1,1O,::1O:2O,1O,,1L,2,0.06000600060006
410,1,5,0,1,1,1O,:::2O:2O,,,1L,2,0.06000600060006
411,3,3,0,2,1,::,:1O:2O,,1S:1S:1S:1S:2S:2S:2S:3S,1L,2,0.06000600060006
412,3,3,0,1,2,::1O,2O:2O:2O,,,1L:1L,2,0.06000600060006
413,1,5,0,1,2,,:1O:1O:2O:2O,,,1L:1L,2,0.06000600060006
414,3,3,0,1,2,::1O,:2O:2O,,,1L:1L,2,0.06000600060006
415,3,2,1,2,1,1O:1O:1O,:1O,,1S:1S:1S:2S:3S:3S:3S:3S,1L,1,0.03000300030003
416,3,2,2,1,1,::1O,:2O,:,,1L,1,0.03000300030003
417,3,2,0,3,3,::1O,2O:2O,,1S:1S:1S:1S:1S:1S:1S:2S:2S:2S:2S:3S:3S:3S:3S:3S,1L:1L:1L,1,0.03000300030003
418,3,2,0,3,2,::,2O:2O,,:::1S:1S:1S:1S:1S:2S:2S:2S:2S:3S:3S:3S:3S,1L:1L,1,0.03000300030003
419,3,3,1,1,1,::,:2O:2O,,,1L,1,0.03000300030003
420,3,3,1,1,1,::,:1O:2O,1O1S,,1L,1,0.03000300030003
421,3,2,0,3,2,::1O,2O:2O,,:::1S:1S:1S:1S:1S:2S:2S:2S:2S:3S:3S:3S:3S,1L:1L,1,0.03000300030003
422,3,3,0,2,1,:1O:1O,::,,2S:2S:2S:3S:3S:3S:4S:4S,1L,1,0.03000300030003
423,3,2,2,1,1,::1O,:2O,:1O,,1L,1,0.03000300030003
424,3,2,2,1,2,:1O:1O,2O:2O,:1O,,1L:1L,1,0.03000300030003
425,3,3,0,1,0,::,::,,,,1,0.03000300030003
426,3,3,0,1,0,::,::1O,,,,1,0.03000300030003
427,3,3,1,1,1,::,:1O:2O,1O,,1L,1,0.03000300030003
428,3,3,1,1,1,::,:1O:2O,,,1L,1,0.03000300030003
429,3,2,0,2,2,::1O,2O:2O,,2S:2S:2S:2S:2S:2S:2S:2S,1L:1L,1,0.03000300030003
430,3,2,1,2,2,::,2O:2O,1O1S,1S:1S:1S:1S:2S:2S:2S:2S,1L:1L,1,0.03000300030003
431,3,3,0,2,1,:1O:1O,::1O,,3S:3S:3S:3S:4S:4S:5S:5S,1L,1,0.03000300030003
432,3,2,1,1,1,::1O,1O:2O,1O,,1L,1,0.03000300030003
433,3,3,1,1,1,::1O,::2O,1N1O1S,,1L,1,0.03000300030003
434,3,2,0,2,2,:1O:1O,2O:2O,,2S:2S:2S:2S:2S:2S:3S:3S,1L:1L,1,0.03000300030003
435,3,3,0,2,1,:1O:1O,::2O,,2S:2S:2S:3S:3S:4S:4S:4S,1L,1,0.03000300030003
436,3,2,0,2,2,:1O:1O,2O:2O,,:1S:1S:1S:1S:2S:3S:3S,1L:1L,1,0.03000300030003
437,3,2,1,2,1,::,:2O,,1S:1S:1S:2S:3S:3S:3S:3S,1L,1,0.03000300030003
438,3,2,1,2,1,::,:,1N2O2S,1S:1S:1S:2S:3S:3S:3S:3S,1L,1,0.03000300030003
439,3,2,1,1,1,::1O,1O:2O,1O1S,,1L,1,0.03000300030003
440,3,2,0,2,2,:1O:1O,:2O,,1S:1S:1S:2S:3S:3S:3S:3S,1L:1L,1,0.03000300030003
441,3,2,1,2,1,::1O,:1O,1N1O1S,1S:1S:1S:2S:3S:3S:3S:3S,1L,1,0.03000300030003
442,3,3,0,2,1,::,::2O,,1S:1S:1S:2S:3S:3S:3S:3S,1L,1,0.03000300030003
443,3,2,1,1,1,::1O,:2O,1N2O1S,,1L,1,0.03000300030003
444,3,3,1,1,1,::1O,:2O:2O,1O,,1L,1,0.03000300030003
445,3,2,0,2,2,:1O:2O,2O:2O,,1S:1S:1S:2S:3S:3S:3S:3S,1L:1L,1,0.03000300030003
446,3,2,1,2,2,:1O:1O,:2O,1O,1S:1S:1S:2S:3S:3S:3S:3S,1L:1L,1,0.03000300030003
447,3,3,0,2,1,:1O:1O,::2O,,1S:1S:1S:1S:2S:2S:2S:3S,1L,1,0.03000300030003
448,3,2,1,2,2,:1O:1O,:2O,2O,1S:1S:1S:2S:3S:3S:3S:3S,1L:1L,1,0.03000300030003
449,3,2,1,2,2,::,2O:2O,1O,1S:1S:1S:1S:2S:2S:2S:2S,1L:1L,1,0.03000300030003
450,3,3,1,1,1,::1O,:1O:2O,,,1L,1,0.03000300030003
451,3,3,1,1,1,::,::2O,3O1S,,1L,1,0.03000300030003
452,3,2,0,2,2,::1O,2O:2O,,1S:1S:1S:1S:2S:2S:2S:2S,1L:1L,1,0.03000300030003
453,3,3,0,1,0,::1O,::,,,,1,0.03000300030003
454,3,2,1,2,2,::1O,1O:2O,1O,2S:2S:2S:3S:3S:4S:4S:4S,1L:1L,1,0.03000300030003
455,3,2,1,2,1,:1O:1O,:,1O,1S:1S:1S:2S:3S:3S:3S:3S,1L,1,0.03000300030003
456,3,2,1,1,2,::1O,2O:2O,3O1S,,1L:1L,1,0.03000300030003
457,3,3,1,1,1,:1O:1O,::,1O1S,,1L,1,0.03000300030003
458,3,2,1,1,2,::1O,2O:2O,2O1S,,1L:1L,1,0.03000300030003
459,3,3,0,2,1,::1O,::1O,,2S:2S:2S:3S:3S:4S:4S:4S,1L,1,0.03000300030003
460,3,3,0,2,2,:1O:1O,::2O,,1S:1S:1S:2S:3S:3S:3S:3S,1L:1L,1,0.03000300030003
461,3,3,0,2,2,:1O:1O,:2O:2O,,1S:1S:1S:2S:3S:3S:3S:3S,1L:1L,1,0.03000300030003
462,3,3,0,1,2,:1O:1O,:1O:2O,,,1L:1L,1,0.03000300030003
463,3,3,0,2,2,:1O:1O,:1O:2O,,2S:2S:2S:3S:3S:4S:4S:4S,1L:1L,1,0.03000300030003
464,3,3,0,2,2,:1O:1O,:1O:2O,,1S:1S:1S:2S:3S:3S:3S:3S,1L:1L,1,0.03000300030003
465,3,2,1,1,2,:1O:1O,2O:2O,1O1S,,1L:1L,1,0.03000300030003
466,3,3,0,2,2,:1O:1O,:1O:1O,,2S:2S:2S:3S:3S:4S:4S:4S,1L:1L,1,0.03000300030003
467,3,3,0,2,1,::1O,::,,1S:1S:1S:2S:3S:3S:3S:3S,1L,1,0.03000300030003
468,3,2,1,1,1,:1O:1O,:2O,3O,,1L,1,0.03000300030003
469,3,3,0,1,1,::,1O:1O:2O,,,1L,1,0.03000300030003
470,3,2,1,1,1,:1O:2O,1O:1O,1O,,1L,1,0.03000300030003
471,3,2,1,1,1,::1O,1O:2O,,,1L,1,0.03000300030003
472,3,3,0,1,2,:1O:1O,1O:1O:2O,,,1L:1L,1,0.03000300030003
473,3,3,0,2,1,::1O,::2O,,1S:1S:1S:1S:2S:2S:2S:3S,1L,1,0.03000300030003
474,3,2,1,1,1,::,2O:2O,1O,,1L,1,0.03000300030003
475,3,3,0,1,1,::1O,:1O:1O,,,1L,1,0.03000300030003
476,3,3,0,1,2,1O:2O:2O,:2O:2O,,,1L:1L,1,0.03000300030003
477,3,3,0,1,2,1O:1O:1O,:1O:2O,,,1L:1L,1,0.03000300030003
478,3,2,1,1,1,:1O:2O,:1O,1O,,1L,1,0.03000300030003
479,3,3,0,2,1,::1O,::2O,,1S:1S:1S:1S:2S:3S:3S:3S,1L,1,0.03000300030003
480,3,2,1,1,1,:2O:2O,:2O,1O,,1L,1,0.03000300030003
481,3,2,1,1,2,1O:1O:1O,2O:2O,3O,,1L:1L,1,0.03000300030003
482,3,3,0,2,2,::1O,:2O:2O,,1S:1S:1S:1S:2S:2S:2S:2S,1L:1L,1,0.03000300030003
483,3,3,0,1,2,:1O:2O,1O:2O:2O,,,1L:1L,1,0.03000300030003
484,3,3,0,2,2,::1O,:2O:2O,,1S:1S:1S:1S:2S:2S:2S:3S,1L:1L,1,0.03000300030003
485,3,2,1,1,1,::,:2O,2O1S,,1L,1,0.03000300030003
486,3,3,1,1,1,:1O:2O,::2O,,,1L,1,0.03000300030003
487,3,3,1,1,1,:1O:1O,::2O,1O,,1L,1,0.03000300030003
488,3,3,0,2,1,::,::2O,,2S:2S:2S:2S:2S:2S:2S:2S,1L,1,0.03000300030003
489,3,3,0,2,1,:1O:1O,::,,1S:1S:1S:2S:3S:3S:3S:3S,1L,1,0.03000300030003
490,3,2,1,1,2,1O:1O:2O,2O:2O,,,1L:1L,1,0.03000300030003
491,3,2,1,1,1,1O:1O:1O,:2O,1O,,1L,1,0.03000300030003
492,3,2,1,1,1,1O:1O:2O,:,2O,,1L,1,0.03000300030003
493,3,3,0,2,1,::1O,:1O:2O,,1S:1S:1S:1S:2S:3S:3S:3S,1L,1,0.03000300030003
494,3,3,0,1,1,1O:1O:1O,1O:1O:2O,,,1L,1,0.03000300030003
495,3,3,0,1,2,::2O,:1O:2O,,,1L:1L,1,0.03000300030003
496,3,3,0,1,2,::2O,1O:2O:2O,,,1L:1L,1,0.03000300030003
497,3,3,0,2,1,::1O,:1O:2O,,1S:1S:1S:2S:2S:2S:3S:3S,1L,1,0.03000300030003
498,3,2,1,1,2,::1O,1O:2O,1O,,1L:1L,1,0.03000300030003
499,3,2,1,1,2,::,2O:2O,1O,,1L:1L,1,0.03000300030003
500,3,3,1,1,1,:1O:1O,:1O:2O,,,1L,1,0.03000300030003
501,3,3,1,1,1,1O:1O:2O,::2O,1O,,1L,1,0.03000300030003
502,3,3,1,1,1,1O:1O:1O,::2O,,,1L,1,0.03000300030003
503,3,3,0,1,1,1O:1O:2O,::2O,,,1L,1,0.03000300030003
504,3,2,1,1,2,:1O:2O,2O:2O,,,1L:1L,1,0.03000300030003
505,3,2,1,1,1,::1O,:2O,2O1S,,1L,1,0.03000300030003
506,3,3,0,2,2,::1O,::2O,,1S:1S:1S:2S:3S:3S:3S:3S,1L:1L,1,0.03000300030003
507,3,3,0,1,1,:1O:1O,::1O,,,1L,1,0.03000300030003
508,0,3,0,2,1,,:1O:2O,,1S:1S:1S:1S:2S:2S:2S:3S,1L,1,0.03000300030003
509,3,3,1,1,1,::1O,::2O,1O1S,,1L,1,0.03000300030003
510,4,3,1,1,1,:1O:1O:1O,::,1O,,1L,1,0.03000300030003
511,4,3,1,1,1,::1O:1O,::2O,2O,,1L,1,0.03000300030003
512,4,3,1,1,1,::1O:2O,::,1O,,1L,1,0.03000300030003
513,4,3,1,1,1,:::,1O:1O:2O,2O1S,,1L,1,0.03000300030003
514,4,3,1,1,1,:::,::2O,1O,,1L,1,0.03000300030003
515,4,3,1,1,1,:::1O,:1O:2O,,,1L,1,0.03000300030003
516,4,3,1,1,1,:::1O,::1O,,,1L,1,0.03000300030003
517,4,3,1,2,2,:::,:2O:2O,1O,1S:1S:1S:1S:2S:2S:2S:2S,1L:1L,1,0.03000300030003
518,4,4,0,1,0,:::,:::,,,,1,0.03000300030003
519,4,4,0,1,0,:::,:::1O,,,,1,0.03000300030003
520,4,4,0,1,1,:1O:1O:2O,::1O:2O,,,1L,1,0.03000300030003
521,4,4,0,1,1,:::,::1O:2O,,,1L,1,0.03000300030003
522,4,4,0,1,2,::1O:1O,::2O:2O,,,1L:1L,1,0.03000300030003
523,4,4,0,1,2,:::1O,:1O:2O:2O,,,1L:1L,1,0.03000300030003
524,4,4,0,2,1,:::1O,:::2O,,1S:1S:1S:2S:3S:3S:3S:3S,1L,1,0.03000300030003
525,4,4,1,1,1,:::,:::2O,2O,,1L,1,0.03000300030003
526,4,5,0,1,0,:::,::::,,,,1,0.03000300030003
527,4,5,0,1,1,1O:1O:1O:1O,::::,,,1L,1,0.03000300030003
528,4,5,0,1,1,:::,:::1O:2O,,,1L,1,0.03000300030003
529,4,5,0,1,1,:::1O,::::2O,,,1L,1,0.03000300030003
530,5,1,0,1,1,::1O:1O:2O,2O,,,1L,1,0.03000300030003
531,5,1,0,2,1,:::1O:1O,,,1S:1S:1S:2S:3S:3S:3S:3S,1L,1,0.03000300030003
532,5,1,0,2,1,:::1O:1O,2O,,2S:2S:2S:2S:2S:2S:3S:3S,1L,1,0.03000300030003
533,5,1,0,2,1,::::1O,,,2S:2S:2S:3S:3S:4S:4S:4S,1L,1,0.03000300030003
534,4,3,1,1,1,::1O:1O,:1O:2O,1O,,1L,1,0.03000300030003
535,4,3,0,2,2,::1O:1O,::2O,,1S:1S:1S:1S:2S:2S:2S:2S,1L:1L,1,0.03000300030003
536,5,1,0,2,1,::::1O,2O,,2S:2S:2S:2S:3S:3S:3S:3S,1L,1,0.03000300030003
537,4,3,0,2,1,:::2O,::2O,,2S:2S:2S:2S:2S:2S:3S:3S,1L,1,0.03000300030003
538,4,2,1,1,2,:1O:1O:1O,2O:2O,1O,,1L:1L,1,0.03000300030003
539,4,2,1,1,2,:1O:1O:1O,2O:2O,2O,,1L:1L,1,0.03000300030003
540,4,2,1,2,1,::1O:1O,:,1O,1S:1S:1S:2S:3S:3S:3S:3S,1L,1,0.03000300030003
541,4,2,1,2,1,:::1O,:,2O,2S:2S:2S:3S:3S:3S:4S:4S,1L,1,0.03000300030003
542,4,3,0,1,0,::1O:2O,::,,,,1,0.03000300030003
543,4,3,0,1,1,:1O:1O:1O,::,,,1L,1,0.03000300030003
544,4,3,0,1,1,:1O:1O:1O,::1O,,,1L,1,0.03000300030003
545,4,3,0,1,1,:::1O,::1O,,,1L,1,0.03000300030003
546,4,3,0,1,2,:1O:1O:1O,:1O:2O,,,1L:1L,1,0.03000300030003
547,4,3,0,1,2,:1O:1O:1O,:2O:2O,,,1L:1L,1,0.03000300030003
548,4,3,0,1,2,:1O:1O:2O,:2O:2O,,,1L:1L,1,0.03000300030003
549,4,3,0,1,2,::1O:1O,:1O:2O,,,1L:1L,1,0.03000300030003
550,4,3,0,1,2,::1O:1O,:2O:2O,,,1L:1L,1,0.03000300030003
551,4,3,0,1,2,::1O:2O,:2O:2O,,,1L:1L,1,0.03000300030003
552,4,3,0,2,1,::1O:1O,::2O,,1S:1S:1S:1S:2S:2S:2S:2S,1L,1,0.03000300030003
553,4,3,0,2,1,::1O:2O,::,,1S:1S:1S:2S:3S:3S:3S:3S,1L,1,0.03000300030003
554,4,3,0,2,1,:::,:1O:2O,,2S:2S:2S:3S:3S:4S:4S:4S,1L,1,0.03000300030003
555,4,3,0,2,1,:::,::2O,,1S:1S:1S:1S:2S:2S:2S:2S,1L,1,0.03000300030003
556,4,3,0,2,1,:::1O,:1O:2O,,1S:1S:1S:2S:3S:3S:3S:3S,1L,1,0.03000300030003
557,4,3,0,2,1,:::1O,::2O,,1S:1S:1S:1S:2S:2S:2S:2S,1L,1,0.03000300030003
558,4,3,0,2,1,:::1O,::2O,,1S:1S:1S:1S:2S:2S:2S:3S,1L,1,0.03000300030003
559,4,3,0,2,1,:::1O,::2O,,1S:1S:1S:2S:3S:3S:3S:3S,1L,1,0.03000300030003
560,4,3,0,2,1,:::1O,::2O,,::1S:1S:1S:2S:2S:2S,1L,1,0.03000300030003
561,5,1,0,2,1,::::1O,1O,,1S:1S:1S:2S:3S:3S:3S:3S,1L,1,0.03000300030003
562,5,1,0,2,2,::1O:1O:1O,,,1S:1S:1S:2S:3S:3S:3S:3S,1L:1L,1,0.03000300030003
563,4,2,1,1,1,:::2O,:2O,,,1L,1,0.03000300030003
564,5,3,0,2,1,::::,::2O,,2S:2S:2S:2S:2S:2S:3S:3S,1L,1,0.03000300030003
565,5,4,0,1,1,:::1O:1O,:::2O,,,1L,1,0.03000300030003
566,5,5,0,1,0,::::1O,:::1O:1O,,,,1,0.03000300030003
567,5,5,0,1,1,::::1O,::::2O,,,1L,1,0.03000300030003
568,6,0,0,2,1,:::1O:1O:2O,,,1S:1S:1S:2S:3S:3S:3S:3S,1L,1,0.03000300030003
569,6,0,1,2,1,::1O:1O:1O:2O,,,1S:1S:1S:2S:3S:3S:3S:3S,1L,1,0.03000300030003
570,6,1,0,1,0,:::::1O,1O,,,,1,0.03000300030003
571,6,1,0,1,1,::1O:1O:1O:1O,2O,,,1L,1,0.03000300030003
572,6,1,0,2,1,:::::1O,2O,,1S:1S:1S:1S:2S:2S:2S:3S,1L,1,0.03000300030003
573,6,1,1,1,1,::1O:1O:1O:1O,2O,,,1L,1,0.03000300030003
574,6,1,1,1,1,:::1O:1O:1O,,2O1S,,1L,1,0.03000300030003
575,6,2,0,1,1,::1O:1O:1O:1O,:1O,,,1L,1,0.03000300030003
576,6,2,0,1,1,:::1O:1O:2O,:2O,,,1L,1,0.03000300030003
577,6,2,0,1,1,:::::,2O:2O,,,1L,1,0.03000300030003
578,6,2,0,2,1,:::::2O,:2O,,1S:1S:1S:1S:2S:2S:2S:2S,1L,1,0.03000300030003
579,6,2,1,1,1,:::1O:1O:1O,:,2O1S,,1L,1,0.03000300030003
580,6,2,1,1,1,::::1O:1O,:,1O,,1L,1,0.03000300030003
581,6,2,1,1,1,:::::1O,:1O,1O1S,,1L,1,0.03000300030003
582,6,3,0,1,0,:::::1O,::,,,,1,0.03000300030003
583,6,3,0,1,1,::1O:1O:1O:1O,::2O,,,1L,1,0.03000300030003
584,6,3,0,1,1,::::1O:1O,::2O,,,1L,1,0.03000300030003
585,7,0,1,1,1,:::::1O:1O,,1O,,1L,1,0.03000300030003
586,7,1,0,1,1,::::1O:1O:1O,2O,,,1L,1,0.03000300030003
587,7,1,1,1,1,::::::1O,2O,,,1L,1,0.03000300030003
588,5,3,1,1,1,::1O:1O:1O,::,1O,,1L,1,0.03000300030003
589,5,3,0,2,1,::::,::2O,,1S:1S:1S:1S:2S:2S:2S:3S,1L,1,0.03000300030003
590,5,1,1,1,1,:::1O:1O,2O,1O,,1L,1,0.03000300030003
591,5,3,0,2,1,::::,:1O:2O,,2S:2S:2S:3S:3S:4S:4S:4S,1L,1,0.03000300030003
592,5,1,1,2,1,:::1O:1O,,,3S:3S:3S:3S:4S:4S:5S:5S,1L,1,0.03000300030003
593,5,2,0,1,1,::::,1O:2O,,,1L,1,0.03000300030003
594,5,2,0,2,1,::1O:1O:1O,:,,1S:1S:1S:2S:3S:3S:3S:3S,1L,1,0.03000300030003
595,5,2,0,2,1,:::1O:1O,1O:1O,,2S:2S:2S:3S:3S:4S:4S:4S,1L,1,0.03000300030003
596,5,2,0,2,1,:::1O:1O,:2O,,1S:1S:1S:2S:3S:3S:3S:3S,1L,1,0.03000300030003
597,5,2,0,2,2,::1O:1O:1O,:,,1S:1S:1S:2S:3S:3S:3S:3S,1L:1L,1,0.03000300030003
598,5,2,0,2,2,::1O:2O:2O,:,,1S:1S:1S:2S:3S:3S:3S:3S,1L:1L,1,0.03000300030003
599,5,2,1,1,0,::::,:,,,,1,0.03000300030003
600,5,2,1,1,1,::1O:1O:1O,:2O,,,1L,1,0.03000300030003
601,5,2,1,1,1,:::1O:1O,:2O,1O,,1L,1,0.03000300030003
602,5,2,1,1,1,:::1O:2O,1O:1O,1O,,1L,1,0.03000300030003
603,5,2,1,1,1,::::1O,1O:2O,1O,,1L,1,0.03000300030003
604,5,2,1,2,1,:::1O:1O,:,,1S:1S:1S:2S:3S:3S:3S:3S,1L,1,0.03000300030003
605,5,2,1,2,1,::::1O,:,1O1S,1S:1S:1S:2S:3S:3S:3S:3S,1L,1,0.03000300030003
606,5,2,1,2,1,::::2O,:,1O,1S:1S:1S:2S:3S:3S:3S:3S,1L,1,0.03000300030003
607,5,3,0,1,1,:1O:1O:1O:1O,::2O,,,1L,1,0.03000300030003
608,5,3,0,1,1,::1O:1O:1O,:1O:2O,,,1L,1,0.03000300030003
609,5,3,0,1,1,:::1O:1O,:1O:2O,,,1L,1,0.03000300030003
610,5,3,0,1,1,:::1O:2O,:1O:2O,,,1L,1,0.03000300030003
611,5,3,0,1,1,:::1O:2O,::2O,,,1L,1,0.03000300030003
612,5,3,0,1,1,::::1O,:2O:2O,,,1L,1,0.03000300030003
613,5,3,0,1,1,::::2O,::1O,,,1L,1,0.03000300030003
614,5,3,0,1,2,:::1O:2O,:1O:2O,,,1L:1L,1,0.03000300030003
615,4,2,1,1,1,:::2O,:2O,1O,,1L,1,0.03000300030003
616,4,2,1,1,1,:::1O,:1O,2O1S,,1L,1,0.03000300030003
617,3,3,1,1,2,1O:1O:1O,:2O:2O,1O,,1L:1L,1,0.03000300030003
618,3,4,0,2,1,::1O,:::2O,,1S:1S:1S:2S:3S:3S:3S:3S,1L,1,0.03000300030003
619,3,4,0,2,2,:1O:1O,:1O:2O:2O,,2S:2S:2S:3S:3S:4S:4S:4S,1L:1L,1,0.03000300030003
620,3,4,0,2,2,:1O:1O,::1O:2O,,1S:1S:1S:2S:3S:3S:3S:3S,1L:1L,1,0.03000300030003
621,3,4,0,2,2,::1O,:::2O,,1S:1S:1S:1S:2S:2S:2S:3S,1L:1L,1,0.03000300030003
622,3,4,0,2,2,::2O,::1O:2O,,1S:1S:1S:2S:3S:3S:3S:3S,1L:1L,1,0.03000300030003
623,3,4,1,1,1,:1O:2O,:::2O,,,1L,1,0.03000300030003
624,3,4,1,1,1,:1O:2O,:::2O,1O,,1L,1,0.03000300030003
625,3,4,1,1,1,::,:::2O,,,1L,1,0.03000300030003
626,3,4,1,1,1,::1O,:1O:1O:2O,,,1L,1,0.03000300030003
627,3,4,1,1,1,::1O,::1O:2O,1O,,1L,1,0.03000300030003
628,3,4,1,1,1,::2O,::1O:1O,1O,,1L,1,0.03000300030003
629,3,4,1,1,2,::1O,:1O:1O:2O,1O,,1L:1L,1,0.03000300030003
630,3,5,0,1,0,::,::::1O,,,,1,0.03000300030003
631,3,5,0,1,0,::1O,::::,,,,1,0.03000300030003
632,3,5,0,1,1,:1O:1O,:::1O:1O,,,1L,1,0.03000300030003
633,3,5,0,1,1,::,:::1O:1O,,,1L,1,0.03000300030003
634,3,5,0,1,1,::,:::2O:2O,,,1L,1,0.03000300030003
635,3,5,0,1,1,::1O,::1O:1O:2O,,,1L,1,0.03000300030003
636,3,5,0,1,1,::1O,::::,,,1L,1,0.03000300030003
637,3,5,0,1,2,:1O:1O,:::2O:2O,,,1L:1L,1,0.03000300030003
638,3,5,1,1,0,::,::::,,,,1,0.03000300030003
639,3,5,1,1,1,:1O:1O,:::2O:2O,,,1L,1,0.03000300030003
640,3,5,1,1,1,::,:::1O:2O,,,1L,1,0.03000300030003
641,3,6,0,1,1,::1O,::::1O:2O,,,1L,1,0.03000300030003
642,3,4,0,2,1,::1O,:::2O,,2S:2S:2S:2S:3S:3S:3S:3S,1L,1,0.03000300030003
643,3,4,0,2,1,::1O,:::2O,,1S:1S:1S:1S:2S:2S:2S:2S,1L,1,0.03000300030003
644,4,0,1,2,1,:::,,1O,3S:3S:3S:3S:4S:4S:5S:5S,1L,1,0.03000300030003
645,3,4,0,2,1,::1O,:::1O,,1S:1S:1S:1S:2S:3S:3S:3S,1L,1,0.03000300030003
646,3,3,1,1,2,:1O:1O,1O:2O:2O,,,1L:1L,1,0.03000300030003
647,3,3,1,1,2,:1O:2O,:2O:2O,,,1L:1L,1,0.03000300030003
648,3,3,1,1,2,:1O:2O,:2O:2O,1O,,1L:1L,1,0.03000300030003
649,3,3,1,1,2,::1O,1O:2O:2O,,,1L:1L,1,0.03000300030003
650,3,3,1,1,2,::1O,:2O:2O,1O,,1L:1L,1,0.03000300030003
651,3,3,1,1,2,::1O,:2O:2O,2O,,1L:1L,1,0.03000300030003
652,3,3,1,2,1,::1O,::,1O,2S:2S:2S:3S:3S:4S:4S:4S,1L,1,0.03000300030003
653,3,3,1,2,1,::1O,::2O,1O,1S:1S:1S:2S:2S:3S:3S:3S,1L,1,0.03000300030003
654,3,3,1,2,2,:1O:1O,::2O,1O,2S:2S:2S:3S:3S:4S:4S:4S,1L:1L,1,0.03000300030003
655,3,3,2,1,1,1O:1O:1O,::,:1O,,1L,1,0.03000300030003
656,3,3,2,1,2,::1O,:2O:2O,1O:1O,,1L:1L,1,0.03000300030003
657,3,4,0,1,0,::,:::,,,,1,0.03000300030003
658,3,4,0,1,0,::1O,:::,,,,1,0.03000300030003
659,3,4,0,1,1,1O:1O:1O,:::2O,,,1L,1,0.03000300030003
660,3,4,0,1,1,:1O:1O,::2O:2O,,,1L,1,0.03000300030003
661,3,4,0,1,1,:1O:1O,:::1O,,,1L,1,0.03000300030003
662,3,4,0,1,1,::1O,:1O:1O:2O,,,1L,1,0.03000300030003
663,3,4,0,1,1,::1O,::1O:1O,,,1L,1,0.03000300030003
664,3,4,0,1,2,:1O:1O,:1O:2O:2O,,,1L:1L,1,0.03000300030003
665,3,4,0,1,2,::,1O:2O:2O:2O,,,1L:1L,1,0.03000300030003
666,3,4,0,1,2,::1O,:1O:1O:2O,,,1L:1L,1,0.03000300030003
667,3,4,0,1,2,::1O,:2O:2O:2O,,,1L:1L,1,0.03000300030003
668,3,4,0,2,1,::,:::2O,,2S:2S:2S:2S:2S:2S:2S:2S,1L,1,0.03000300030003
669,4,0,0,2,1,::1O:1O,,,1S:1S:1S:2S:3S:3S:3S:3S,1L,1,0.03000300030003
670,4,1,0,1,1,:1O:2O:2O,2O,,,1L,1,0.03000300030003
671,4,2,1,1,1,:::1O,1O:2O,,,1L,1,0.03000300030003
672,4,2,0,2,1,::1O:1O,:2O,,1S:1S:1S:1S:2S:2S:2S:3S,1L,1,0.03000300030003
673,4,2,0,2,1,:::,:2O,,1S:1S:1S:1S:2S:2S:2S:3S,1L,1,0.03000300030003
674,4,2,0,2,1,:::1O,:2O,,1S:1S:1S:1S:2S:2S:2S:3S,1L,1,0.03000300030003
675,4,2,0,2,1,:::1O,:2O,,1S:1S:1S:1S:2S:3S:3S:3S,1L,1,0.03000300030003
676,4,2,0,2,1,:::1O,:2O,,1S:1S:1S:1S:2S:3S:3S:4S,1L,1,0.03000300030003
677,4,2,0,2,1,:::1O,:2O,,1S:1S:1S:2S:3S:3S:3S:3S,1L,1,0.03000300030003
678,4,2,0,2,1,:::1O,:2O,,2S:2S:2S:2S:2S:2S:3S:3S,1L,1,0.03000300030003
679,4,2,0,2,1,:::1O,:2O,,:1S:1S:2S:2S:2S:2S:2S,1L,1,0.03000300030003
680,4,2,0,2,2,1O:1O:1O:1O,1O:2O,,1S:1S:1S:2S:3S:3S:3S:3S,1L:1L,1,0.03000300030003
681,4,2,0,2,2,:1O:1O:1O,2O:2O,,1S:1S:1S:1S:2S:2S:2S:2S,1L:1L,1,0.03000300030003
682,4,2,0,2,2,:::1O,2O:2O,,1S:1S:1S:2S:3S:3S:3S:3S,1L:1L,1,0.03000300030003
683,4,2,0,2,2,:::1O,2O:2O,,2S:2S:2S:2S:2S:2S:2S:2S,1L:1L,1,0.03000300030003
684,4,2,0,2,2,:::1O,:2O,,1S:1S:1S:1S:2S:2S:2S:2S,1L:1L,1,0.03000300030003
685,4,2,0,3,3,:1O:1O:1O,:2O,,1S:1S:1S:1S:1S:1S:1S:2S:2S:2S:2S:2S:2S:2S:2S:2S,1L:1L:1L,1,0.03000300030003
686,4,2,1,1,1,:1O:1O:1O,:,1O,,1L,1,0.03000300030003
687,4,2,1,1,1,:1O:1O:1O,:,1O1S,,1L,1,0.03000300030003
688,4,2,1,1,1,:1O:1O:1O,:2O,,,1L,1,0.03000300030003
689,4,2,1,1,1,:1O:1O:1O,:2O,1O,,1L,1,0.03000300030003
690,4,2,1,1,1,::1O:1O,:2O,1N2O1S,,1L,1,0.03000300030003
691,4,2,1,1,1,::1O:2O,:2O,,,1L,1,0.03000300030003
692,4,2,1,1,1,::1O:2O,:2O,1O,,1L,1,0.03000300030003
693,4,2,1,1,1,:::,:2O,,,1L,1,0.03000300030003
694,4,2,1,1,1,:::,:2O,1O,,1L,1,0.03000300030003
695,4,2,1,1,1,:::,:2O,1O1S,,1L,1,0.03000300030003
696,4,2,0,2,1,:::,1O:2O,,2S:2S:2S:2S:2S:2S:3S:3S,1L,1,0.03000300030003
697,4,2,0,2,1,::1O:1O,:,,1S:1S:2S:2S:3S:3S:3S:3S,1L,1,0.03000300030003
698,4,1,0,2,1,::1O:1O,1O,,1S:1S:1S:2S:3S:3S:3S:3S,1L,1,0.03000300030003
699,4,2,0,2,1,::1O:1O,:,,1S:1S:1S:2S:3S:3S:3S:3S,1L,1,0.03000300030003
700,4,1,0,2,1,:::1O,,,3S:3S:3S:3S:4S:4S:5S:5S,1L,1,0.03000300030003
701,4,1,0,2,2,1O:1O:1O:2O,2O,,1S:1S:1S:2S:3S:3S:3S:3S,1L:1L,1,0.03000300030003
702,4,1,0,2,2,:1O:1O:2O,2O,,3S:3S:3S:3S:4S:4S:5S:5S,1L:1L,1,0.03000300030003
703,4,1,1,1,1,::1O:1O,2O,,,1L,1,0.03000300030003
704,4,1,1,1,1,::1O:1O,2O,1O,,1L,1,0.03000300030003
705,4,1,1,1,1,::1O:1O,2O,1O1S,,1L,1,0.03000300030003
706,4,1,1,1,1,::1O:2O,2O,,,1L,1,0.03000300030003
707,4,1,1,1,1,:::1O,2O,1O1S,,1L,1,0.03000300030003
708,4,1,1,2,1,:1O:1O:1O,,1O,1S:1S:1S:2S:3S:3S:3S:3S,1L,1,0.03000300030003
709,4,1,1,2,1,::1O:1O,,,3S:3S:3S:3S:4S:4S:5S:5S,1L,1,0.03000300030003
710,4,1,1,2,1,:::,,1O,2S:2S:3S:3S:3S:4S:4S:4S,1L,1,0.03000300030003
711,4,1,1,2,2,::1O:1O,,,1S:1S:1S:2S:3S:3S:3S:3S,1L:1L,1,0.03000300030003
712,4,1,2,1,1,:::1O,2O,:,,1L,1,0.03000300030003
713,4,2,0,1,1,1O:1O:1O:1O,:2O,,,1L,1,0.03000300030003
714,4,2,0,1,1,::1O:1O,:1O,,,1L,1,0.03000300030003
715,4,2,0,1,1,::1O:2O,1O:2O,,,1L,1,0.03000300030003
716,4,2,0,1,1,::1O:2O,:1O,,,1L,1,0.03000300030003
717,4,2,0,1,1,:::,2O:2O,,,1L,1,0.03000300030003
718,4,2,0,1,1,:::1O,2O:2O,,,1L,1,0.03000300030003
719,4,2,0,1,2,1O:1O:1O:2O,2O:2O,,,1L:1L,1,0.03000300030003
720,4,2,0,1,2,:1O:1O:2O,2O:2O,,,1L:1L,1,0.03000300030003
721,4,2,0,1,2,::1O:1O,1O:2O,,,1L:1L,1,0.03000300030003
722,4,2,0,2,1,1O:1O:1O:1O,:,,1S:1S:1S:2S:3S:3S:3S:3S,1L,1,0.03000300030003
723,4,1,0,2,1,::1O:1O,,,1S:1S:1S:2S:3S:3S:3S:3S,1L,1,0.03000300030003
724,2,4,1,1,1,:,:::2O,1N3O2S,,1L,1,0.03000300030003
725,3,2,0,2,2,:1O:1O,1O:2O,,2S:2S:2S:3S:3S:4S:4S:4S,1L:1L,1,0.03000300030003
726,1,4,0,1,2,,:1O:2O:2O,,,1L:1L,1,0.03000300030003
727,1,3,2,1,2,1O,:2O:2O,1O:1O,,1L:1L,1,0.03000300030003
728,1,3,2,1,2,1O,:2O:2O,1O:2O1S,,1L:1L,1,0.03000300030003
729,1,3,2,1,2,1O,:2O:2O,:1O,,1L:1L,1,0.03000300030003
730,1,3,2,1,2,1O,:2O:2O,:2O,,1L:1L,1,0.03000300030003
731,1,3,2,1,2,1O,:2O:2O,:2O1S,,1L:1L,1,0.03000300030003
732,1,3,2,2,1,,::,:1O1S,2S:2S:2S:3S:3S:3S:4S:4S,1L,1,0.03000300030003
733,1,4,0,1,1,,1O:1O:1O:2O,,,1L,1,0.03000300030003
734,1,4,0,1,1,,:1O:2O:2O,,,1L,1,0.03000300030003
735,1,4,0,1,1,1O,1O:1O:1O:2O,,,1L,1,0.03000300030003
736,1,4,0,1,1,2O,:1O:1O:2O,,,1L,1,0.03000300030003
737,1,4,0,1,2,,1O:1O:2O:2O,,,1L:1L,1,0.03000300030003
738,1,4,0,1,2,,:1O:1O:2O,,,1L:1L,1,0.03000300030003
739,1,4,0,1,2,,::2O:2O,,,1L:1L,1,0.03000300030003
740,1,3,2,1,2,,:2O:2O,1N2O:2O,,1L:1L,1,0.03000300030003
741,1,4,0,1,2,1O,:1O:1O:2O,,,1L:1L,1,0.03000300030003
742,1,4,0,1,2,2O,:1O:2O:2O,,,1L:1L,1,0.03000300030003
743,1,4,0,2,1,,:1O:1O:1O,,2S:2S:2S:3S:3S:3S:4S:4S,1L,1,0.03000300030003
744,1,4,0,2,1,,:1O:1O:2O,,1S:1S:1S:2S:3S:3S:3S:3S,1L,1,0.03000300030003
745,1,4,0,2,1,,::1O:2O,,1S:1S:1S:2S:3S:3S:3S:3S,1L,1,0.03000300030003
746,1,4,0,2,1,,::1O:2O,,3S:3S:3S:3S:4S:4S:5S:5S,1L,1,0.03000300030003
747,1,4,0,2,1,,:::2O,,2S:2S:2S:3S:3S:3S:4S:4S,1L,1,0.03000300030003
748,1,4,0,2,1,,:::2O,,2S:2S:2S:3S:3S:4S:4S:4S,1L,1,0.03000300030003
749,1,4,0,2,1,,:::2O,,2S:3S:3S:3S:3S:4S:4S:4S,1L,1,0.03000300030003
750,1,4,0,2,1,1O,:::2O,,2S:2S:2S:2S:2S:2S:2S:2S,1L,1,0.03000300030003
751,1,4,0,2,1,1O,:::2O,,::1S:1S:1S:2S:2S:2S,1L,1,0.03000300030003
752,1,4,0,2,1,2O,:::,,2S:2S:2S:3S:3S:4S:4S:4S,1L,1,0.03000300030003
753,1,3,2,1,2,1O,1O:2O:2O,:,,1L:1L,1,0.03000300030003
754,1,3,2,1,2,,2O:2O:2O,1O:2O1S,,1L:1L,1,0.03000300030003
755,1,4,0,2,2,1O,:1O:2O:2O,,1S:1S:2S:2S:3S:3S:3S:3S,1L:1L,1,0.03000300030003
756,1,3,1,1,2,1O,:2O:2O,2O1S,,1L:1L,1,0.03000300030003
757,1,3,1,1,1,,:2O:2O,2O1S,,1L,1,0.03000300030003
758,1,3,1,1,1,,::2O,1O,,1L,1,0.03000300030003
759,1,3,1,1,1,,::2O,2O,,1L,1,0.03000300030003
760,1,3,1,1,1,1O,:1O:2O,,,1L,1,0.03000300030003
761,1,3,1,1,1,1O,::2O,2O,,1L,1,0.03000300030003
762,1,3,1,1,1,2O,:1O:2O,,,1L,1,0.03000300030003
763,1,3,1,1,1,2O,::2O,,,1L,1,0.03000300030003
764,1,3,1,1,2,,1O:1O:2O,1O,,1L:1L,1,0.03000300030003
765,1,3,1,1,2,,1O:2O:2O,,,1L:1L,1,0.03000300030003
766,1,3,1,1,2,,:2O:2O,1O1S,,1L:1L,1,0.03000300030003
767,1,3,1,1,2,,:2O:2O,2O1S,,1L:1L,1,0.03000300030003
768,1,3,1,1,2,1O,:2O:2O,1O1S,,1L:1L,1,0.03000300030003
769,1,3,1,1,2,2O,1O:2O:2O,,,1L:1L,1,0.03000300030003
770,1,3,2,1,1,1O,::2O,:1O,,1L,1,0.03000300030003
771,1,3,1,1,2,2O,2O:2O:2O,,,1L:1L,1,0.03000300030003
772,1,3,1,2,1,,::2O,,1S:1S:1S:1S:2S:2S:2S:2S,1L,1,0.03000300030003
773,1,3,1,2,1,,::2O,,1S:1S:1S:1S:2S:2S:2S:3S,1L,1,0.03000300030003
774,1,3,1,2,1,,::2O,,2S:2S:2S:3S:3S:4S:4S:4S,1L,1,0.03000300030003
775,1,3,1,2,1,1O,:1O:2O,,1S:1S:1S:2S:3S:3S:3S:3S,1L,1,0.03000300030003
776,1,3,1,2,1,1O,::,2O,2S:2S:2S:3S:3S:4S:4S:4S,1L,1,0.03000300030003
777,1,3,1,2,2,,1O:2O:2O,1O,1S:1S:1S:1S:2S:2S:2S:2S,1L:1L,1,0.03000300030003
778,1,3,1,2,2,,:2O:2O,1O,1S:1S:1S:1S:2S:2S:2S:2S,1L:1L,1,0.03000300030003
779,1,3,1,2,2,1O,:1O:2O,2O1S,2S:2S:2S:3S:3S:4S:4S:4S,1L:1L,1,0.03000300030003
780,1,3,1,2,2,1O,:2O:2O,,:::1S:1S:2S:2S:2S,1L:1L,1,0.03000300030003
781,1,3,1,2,2,1O,:2O:2O,1O1S,1S:1S:1S:1S:2S:2S:2S:2S,1L:1L,1,0.03000300030003
782,1,3,1,2,2,2O,:2O:2O,,::1S:1S:2S:2S:2S:2S,1L:1L,1,0.03000300030003
783,1,4,0,2,2,,:1O:2O:2O,,2S:2S:2S:2S:2S:2S:3S:3S,1L:1L,1,0.03000300030003
784,1,4,0,2,2,1O,::2O:2O,,1S:1S:1S:1S:2S:2S:2S:3S,1L:1L,1,0.03000300030003
785,1,3,1,1,1,,1O:1O:2O,1O1S,,1L,1,0.03000300030003
786,1,5,1,1,1,,:::1O:2O,2O,,1L,1,0.03000300030003
787,1,4,1,2,2,1O,::2O:2O,1O,2S:2S:2S:3S:3S:4S:4S:4S,1L:1L,1,0.03000300030003
788,1,4,2,1,1,1O,::1O:2O,:,,1L,1,0.03000300030003
789,1,5,0,1,2,,:1O:2O:2O:2O,,,1L:1L,1,0.03000300030003
790,1,5,0,1,2,,::1O:2O:2O,,,1L:1L,1,0.03000300030003
791,1,5,0,1,2,1O,:1O:1O:2O:2O,,,1L:1L,1,0.03000300030003
792,1,5,0,1,2,1O,::1O:1O:2O,,,1L:1L,1,0.03000300030003
793,1,5,0,1,2,1O,::2O:2O:2O,,,1L:1L,1,0.03000300030003
794,1,5,0,2,1,,:::1O:2O,,1S:1S:1S:2S:2S:3S:3S:3S,1L,1,0.03000300030003
795,1,5,0,2,1,,:::1O:2O,,2S:2S:2S:2S:2S:2S:3S:3S,1L,1,0.03000300030003
796,1,5,1,1,1,,:::1O:1O,1O,,1L,1,0.03000300030003
797,1,5,1,1,1,,:::1O:2O,,,1L,1,0.03000300030003
798,1,5,1,1,1,,:::1O:2O,1O,,1L,1,0.03000300030003
799,1,5,1,1,1,,:::1O:2O,2O1S,,1L,1,0.03000300030003
800,1,4,1,2,2,,::2O:2O,1O,1S:1S:1S:2S:3S:3S:3S:3S,1L:1L,1,0.03000300030003
801,1,5,1,1,1,1O,:::1O:2O,,,1L,1,0.03000300030003
802,1,5,1,1,1,1O,::::2O,3O2S,,1L,1,0.03000300030003
803,1,5,1,1,1,2O,::::2O,,,1L,1,0.03000300030003
804,1,5,1,1,2,,::1O:2O:2O,1O,,1L:1L,1,0.03000300030003
805,1,5,1,1,2,2O,::1O:2O:2O,,,1L:1L,1,0.03000300030003
806,1,6,0,1,1,,:::1O:2O:2O,,,1L,1,0.03000300030003
807,1,6,1,1,1,1O,:::::2O,,,1L,1,0.03000300030003
808,1,7,0,1,1,,:::::1O:2O,,,1L,1,0.03000300030003
809,2,1,1,1,1,:1O,2O,2O1S,,1L,1,0.03000300030003
810,2,1,1,2,2,1O:1O,2O,1O,1S:1S:1S:2S:3S:3S:3S:3S,1L:1L,1,0.03000300030003
811,2,2,0,1,1,1O:2O,:2O,,,1L,1,0.03000300030003
812,2,2,0,1,1,:,2O:2O,,,1L,1,0.03000300030003
813,1,4,1,2,2,1O,::1O:2O,1O,1S:1S:1S:2S:3S:3S:3S:3S,1L:1L,1,0.03000300030003
814,1,4,1,2,1,1O,:::,1O,2S:2S:2S:3S:3S:4S:4S:4S,1L,1,0.03000300030003
815,1,4,0,2,2,1O,::2O:2O,,1S:1S:1S:2S:3S:3S:3S:3S,1L:1L,1,0.03000300030003
816,1,4,1,1,1,2O,::1O:2O,1O,,1L,1,0.03000300030003
817,1,4,0,2,2,1O,::2O:2O,,2S:2S:2S:2S:2S:2S:3S:3S,1L:1L,1,0.03000300030003
818,1,4,0,2,2,1O,::2O:2O,,2S:2S:2S:3S:3S:4S:4S:4S,1L:1L,1,0.03000300030003
819,1,4,0,3,2,,::2O:2O,,:::1S:1S:1S:1S:1S:2S:2S:2S:2S:3S:3S:3S:3S,1L:1L,1,0.03000300030003
820,1,4,1,1,1,,:1O:1O:2O,1O,,1L,1,0.03000300030003
821,1,4,1,1,1,,::1O:2O,,,1L,1,0.03000300030003
822,1,4,1,1,1,,::1O:2O,1O1S,,1L,1,0.03000300030003
823,1,4,1,1,1,,:::2O,1N1O1S,,1L,1,0.03000300030003
824,1,4,1,1,1,,:::2O,2O1S,,1L,1,0.03000300030003
825,1,4,1,1,1,1O,:1O:1O:2O,,,1L,1,0.03000300030003
826,1,4,1,1,1,1O,::1O:1O,1O,,1L,1,0.03000300030003
827,1,4,1,1,1,1O,::1O:2O,2O1S,,1L,1,0.03000300030003
828,1,4,1,1,1,1O,:::2O,2O1S,,1L,1,0.03000300030003
829,1,4,1,1,1,2O,:::2O,2O1S,,1L,1,0.03000300030003
830,1,4,1,2,1,1O,:::,1N1O,1S:1S:1S:2S:3S:3S:3S:3S,1L,1,0.03000300030003
831,1,4,1,1,2,,1O:1O:2O:2O,,,1L:1L,1,0.03000300030003
832,1,4,1,1,2,,1O:1O:2O:2O,1O,,1L:1L,1,0.03000300030003
833,1,4,1,1,2,,1O:2O:2O:2O,,,1L:1L,1,0.03000300030003
834,1,4,1,1,2,,:2O:2O:2O,1O,,1L:1L,1,0.03000300030003
835,1,4,1,1,2,,::1O:2O,1O,,1L:1L,1,0.03000300030003
836,1,4,1,1,2,,::2O:2O,1O1S,,1L:1L,1,0.03000300030003
837,1,4,1,1,2,1O,:1O:2O:2O,,,1L:1L,1,0.03000300030003
838,1,4,1,1,2,1O,:2O:2O:2O,,,1L:1L,1,0.03000300030003
839,1,4,1,1,2,1O,::1O:2O,2O,,1L:1L,1,0.03000300030003
840,1,4,1,1,2,1O,::2O:2O,2O1S,,1L:1L,1,0.03000300030003
841,1,4,1,2,1,,:::2O,,1S:1S:1S:1S:2S:2S:2S:3S,1L,1,0.03000300030003
842,1,4,1,2,1,,:::2O,,2S:2S:2S:2S:2S:2S:2S:2S,1L,1,0.03000300030003
843,1,3,1,1,1,,:1O:2O,,,1L,1,0.03000300030003
844,1,3,0,3,2,1O,:1O:2O,,1S:1S:1S:1S:1S:1S:1S:1S:1S:1S:1S:2S:3S:3S:3S:3S,1L:1L,1,0.03000300030003
845,2,2,0,1,2,:,2O:2O,,,1L:1L,1,0.03000300030003
846,0,5,0,1,1,,:::1O:2O,,,1L,1,0.03000300030003
847,0,4,1,1,1,,:::2O,2O1S,,1L,1,0.03000300030003
848,0,4,1,1,2,,1O:1O:1O:2O,1O,,1L:1L,1,0.03000300030003
849,0,4,1,1,2,,1O:1O:2O:2O,1O,,1L:1L,1,0.03000300030003
850,0,4,1,1,2,,:1O:2O:2O,3O1S,,1L:1L,1,0.03000300030003
851,0,4,1,1,2,,:2O:2O:2O,,,1L:1L,1,0.03000300030003
852,0,4,1,2,2,,:2O:2O:2O,,1S:1S:1S:1S:2S:2S:2S:3S,1L:1L,1,0.03000300030003
853,0,4,2,1,1,,:1O:1O:2O,1O:1O,,1L,1,0.03000300030003
854,0,4,2,1,1,,:1O:1O:2O,:2O1S,,1L,1,0.03000300030003
855,0,4,2,1,1,,:::2O,1O:1O,,1L,1,0.03000300030003
856,0,4,2,1,2,,::2O:2O,1O:2O,,1L:1L,1,0.03000300030003
857,0,4,3,1,2,,:1O:2O:2O,:1O:1O,,1L:1L,1,0.03000300030003
858,0,5,0,1,1,,:1O:1O:1O:2O,,,1L,1,0.03000300030003
859,0,5,0,1,1,,:::2O:2O,,,1L,1,0.03000300030003
860,0,4,1,1,1,,::2O:2O,,,1L,1,0.03000300030003
861,0,5,0,1,1,,::::2O,,,1L,1,0.03000300030003
862,0,5,0,1,2,,1O:1O:1O:2O:2O,,,1L:1L,1,0.03000300030003
863,0,5,0,1,2,,:1O:1O:2O:2O,,,1L:1L,1,0.03000300030003
864,0,5,0,1,2,,::1O:2O:2O,,,1L:1L,1,0.03000300030003
865,0,5,0,2,1,,:::1O:2O,,1S:1S:1S:2S:3S:3S:3S:3S,1L,1,0.03000300030003
866,0,5,0,2,1,,::::2O,,1S:1S:1S:1S:2S:2S:2S:2S,1L,1,0.03000300030003
867,0,5,0,2,2,,::1O:2O:2O,,2S:2S:2S:3S:3S:4S:4S:4S,1L:1L,1,0.03000300030003
868,0,5,0,3,2,,::1O:2O:2O,,:::1S:1S:1S:1S:1S:2S:2S:2S:2S:3S:3S:3S:3S,1L:1L,1,0.03000300030003
869,0,5,0,3,2,,:::2O:2O,,:::1S:1S:1S:1S:1S:2S:2S:2S:2S:3S:3S:3S:3S,1L:1L,1,0.03000300030003
870,0,5,1,1,1,,::1O:1O:2O,,,1L,1,0.03000300030003
871,0,5,1,1,1,,::1O:1O:2O,1O,,1L,1,0.03000300030003
872,0,5,1,1,1,,:::1O:2O,1O,,1L,1,0.03000300030003
873,0,4,1,1,1,,:::2O,1O1S,,1L,1,0.03000300030003
874,0,4,1,1,1,,::1O:2O,,,1L,1,0.03000300030003
875,0,5,1,1,2,,::1O:2O:2O,2O,,1L:1L,1,0.03000300030003
876,0,3,1,2,2,,:2O:2O,3O1S,2S:2S:2S:2S:2S:2S:2S:2S,1L:1L,1,0.03000300030003
877,0,3,0,2,2,,1O:2O:2O,,2S:2S:2S:2S:2S:2S:3S:3S,1L:1L,1,0.03000300030003
878,0,3,0,2,2,,2O:2O:2O,,1S:1S:1S:2S:3S:3S:3S:3S,1L:1L,1,0.03000300030003
879,0,3,0,3,2,,1O:2O:2O,,:::1S:1S:1S:1S:1S:2S:2S:2S:2S:3S:3S:3S:3S,1L:1L,1,0.03000300030003
880,0,3,0,3,2,,:2O:2O,,:1S:1S:1S:1S:1S:1S:1S:2S:2S:2S:2S:3S:3S:3S:3S,1L:1L,1,0.03000300030003
881,0,3,0,3,2,,:2O:2O,,:::1S:1S:2S:2S:2S:2S:2S:2S:3S:3S:4S:4S:4S,1L:1L,1,0.03000300030003
882,0,3,1,1,1,,:1O:2O,2O,,1L,1,0.03000300030003
883,0,3,1,1,1,,::2O,1O1S,,1L,1,0.03000300030003
884,0,3,1,1,2,,1O:2O:2O,1N2O2S,,1L:1L,1,0.03000300030003
885,0,3,1,1,2,,1O:2O:2O,2O1S,,1L:1L,1,0.03000300030003
886,0,3,1,1,2,,2O:2O:2O,1N2O1S,,1L:1L,1,0.03000300030003
887,0,3,1,1,2,,:2O:2O,1N3O2S,,1L:1L,1,0.03000300030003
888,0,3,1,1,2,,:2O:2O,1O,,1L:1L,1,0.03000300030003
889,0,3,1,2,2,,:2O:2O,3O2S,1S:1S:1S:2S:3S:3S:3S:3S,1L:1L,1,0.03000300030003
890,0,4,1,1,1,,:1O:2O:2O,1O,,1L,1,0.03000300030003
891,0,3,2,1,1,,::2O,:3O1S,,1L,1,0.03000300030003
892,0,3,2,1,2,,:2O:2O,1O:2O1S,,1L:1L,1,0.03000300030003
893,0,4,0,1,2,,1O:1O:2O:2O,,,1L:1L,1,0.03000300030003
894,0,4,0,1,2,,:1O:2O:2O,,,1L:1L,1,0.03000300030003
895,0,4,0,2,1,,:::2O,,1S:1S:1S:1S:2S:2S:2S:3S,1L,1,0.03000300030003
896,0,4,0,2,2,,:1O:2O:2O,,2S:2S:2S:3S:3S:4S:4S:4S,1L:1L,1,0.03000300030003
897,0,4,0,2,2,,:1O:2O:2O,,2S:2S:3S:3S:3S:4S:4S:4S,1L:1L,1,0.03000300030003
898,0,4,0,2,2,,:1O:2O:2O,,3S:3S:3S:4S:4S:4S:5S:5S,1L:1L,1,0.03000300030003
899,0,4,0,2,2,,:2O:2O:2O,,1S:1S:1S:1S:2S:2S:2S:3S,1L:1L,1,0.03000300030003
900,0,4,0,2,2,,:2O:2O:2O,,1S:1S:1S:2S:3S:3S:3S:3S,1L:1L,1,0.03000300030003
901,0,4,0,3,2,,:1O:1O:2O,,:::1S:1S:1S:1S:1S:2S:2S:2S:2S:3S:3S:3S:3S,1L:1L,1,0.03000300030003
902,0,4,0,3,2,,::2O:2O,,:::1S:1S:1S:2S:2S:3S:3S:4S:4S:5S:5S:5S:5S,1L:1L,1,0.03000300030003
903,0,5,1,1,1,,:::2O:2O,,,1L,1,0.03000300030003
904,0,5,1,1,2,,::2O:2O:2O,2O1S,,1L:1L,1,0.03000300030003
905,1,3,0,3,2,1O,1O:1O:2O,,1S:1S:1S:1S:1S:1S:2S:3S:3S:3S:3S:3S:4S:4S:5S:5S,1L:1L,1,0.03000300030003
906,1,3,0,2,2,,1O:2O:2O,,1S:1S:1S:1S:2S:2S:2S:3S,1L:1L,1,0.03000300030003
907,1,2,2,1,2,1O,2O:2O,:2O1S,,1L:1L,1,0.03000300030003
908,1,2,3,1,2,1O,2O:2O,::3O1S,,1L:1L,1,0.03000300030003
909,1,3,0,1,1,,1O:2O:2O,,,1L,1,0.03000300030003
910,1,3,0,1,1,,:1O:2O,,,1L,1,0.03000300030003
911,1,3,0,1,1,2O,::2O,,,1L,1,0.03000300030003
912,1,3,0,1,2,,::2O,,,1L:1L,1,0.03000300030003
913,1,3,0,1,2,1O,1O:1O:2O,,,1L:1L,1,0.03000300030003
914,1,3,0,1,2,1O,:1O:2O,,,1L:1L,1,0.03000300030003
915,1,3,0,2,1,,::2O,,1S:1S:1S:1S:2S:2S:2S:2S,1L,1,0.03000300030003
916,1,3,0,2,1,,::2O,,1S:1S:1S:2S:3S:3S:3S:3S,1L,1,0.03000300030003
917,1,3,0,2,1,,::2O,,2S:2S:2S:3S:3S:4S:4S:4S,1L,1,0.03000300030003
918,1,3,0,2,1,1O,::2O,,1S:1S:1S:2S:2S:2S:3S:3S,1L,1,0.03000300030003
919,1,3,0,2,2,,1O:2O:2O,,1S:1S:1S:2S:3S:3S:3S:3S,1L:1L,1,0.03000300030003
920,1,2,2,1,2,1O,2O:2O,1O:2O,,1L:1L,1,0.03000300030003
921,1,3,0,2,2,,1O:2O:2O,,2S:2S:2S:3S:3S:4S:4S:4S,1L:1L,1,0.03000300030003
922,1,3,0,2,2,,2O:2O:2O,,1S:1S:1S:2S:3S:3S:3S:3S,1L:1L,1,0.03000300030003
923,1,3,0,2,2,1O,1O:2O:2O,,1S:1S:1S:1S:2S:2S:2S:2S,1L:1L,1,0.03000300030003
924,1,3,0,2,2,1O,1O:2O:2O,,1S:1S:1S:1S:2S:2S:2S:3S,1L:1L,1,0.03000300030003
925,1,3,0,2,2,1O,:2O:2O,,1S:1S:1S:1S:2S:2S:2S:3S,1L:1L,1,0.03000300030003
926,1,3,0,2,2,1O,:2O:2O,,2S:2S:2S:2S:2S:2S:2S:2S,1L:1L,1,0.03000300030003
927,1,3,0,2,2,1O,:2O:2O,,2S:2S:3S:3S:3S:3S:3S:3S,1L:1L,1,0.03000300030003
928,1,3,0,2,2,1O,:2O:2O,,:::1S:1S:2S:2S:2S,1L:1L,1,0.03000300030003
929,1,3,0,2,2,2O,1O:2O:2O,,1S:1S:1S:2S:3S:3S:3S:3S,1L:1L,1,0.03000300030003
930,1,3,0,2,2,2O,:1O:2O,,1S:1S:1S:1S:2S:2S:3S:3S,1L:1L,1,0.03000300030003
931,1,3,0,3,2,,1O:2O:2O,,:::1S:1S:1S:1S:1S:2S:2S:2S:2S:3S:3S:3S:3S,1L:1L,1,0.03000300030003
932,1,3,0,3,2,,:2O:2O,,:::1S:1S:1S:1S:2S:2S:3S:3S:3S:4S:4S:4S:4S,1L:1L,1,0.03000300030003
933,1,2,2,1,2,1O,2O:2O,:2O,,1L:1L,1,0.03000300030003
934,1,2,2,1,1,1O,:2O,:,,1L,1,0.03000300030003
935,0,5,1,1,2,,:::2O:2O,2O,,1L:1L,1,0.03000300030003
936,1,2,0,3,2,1O,2O:2O,,:::1S:1S:2S:2S:2S:2S:2S:2S:3S:3S:4S:4S:4S,1L:1L,1,0.03000300030003
937,0,5,2,1,1,,::::2O,1O:2O,,1L,1,0.03000300030003
938,0,5,2,1,1,,::::2O,:1O,,1L,1,0.03000300030003
939,0,5,2,1,2,,::1O:2O:2O,1O:1O,,1L:1L,1,0.03000300030003
940,0,6,0,1,1,,::1O:1O:1O:2O,,,1L,1,0.03000300030003
941,0,6,0,1,1,,::::2O:2O,,,1L,1,0.03000300030003
942,0,6,0,1,2,,::1O:1O:1O:2O,,,1L:1L,1,0.03000300030003
943,1,2,0,1,1,2O,:2O,,,1L,1,0.03000300030003
944,1,2,0,1,2,1O,2O:2O,,,1L:1L,1,0.03000300030003
945,1,2,0,2,1,,:2O,,1S:1S:1S:1S:2S:2S:2S:3S,1L,1,0.03000300030003
946,1,2,0,2,2,1O,2O:2O,,2S:2S:2S:2S:2S:2S:3S:3S,1L:1L,1,0.03000300030003
947,1,2,0,3,2,,2O:2O,,::1S:1S:1S:1S:1S:2S:2S:2S:2S:2S:3S:3S:3S:3S,1L:1L,1,0.03000300030003
948,1,2,0,3,2,1O,2O:2O,,::1S:1S:1S:1S:1S:2S:2S:2S:2S:2S:3S:3S:3S:3S,1L:1L,1,0.03000300030003
949,1,2,1,1,1,,:2O,2O,,1L,1,0.03000300030003
950,1,2,2,1,1,,:2O,:1O,,1L,1,0.03000300030003
951,1,2,1,1,1,1O,:2O,1O,,1L,1,0.03000300030003
952,1,2,1,1,1,2O,:2O,,,1L,1,0.03000300030003
953,1,2,1,1,2,,2O:2O,1O,,1L:1L,1,0.03000300030003
954,1,2,1,1,2,,2O:2O,3O1S,,1L:1L,1,0.03000300030003
955,1,2,1,1,2,1O,2O:2O,1N1O,,1L:1L,1,0.03000300030003
956,1,2,1,1,2,1O,2O:2O,2O,,1L:1L,1,0.03000300030003
957,1,2,1,1,2,2O,2O:2O,1O,,1L:1L,1,0.03000300030003
958,1,2,1,2,1,1O,:2O,,2S:2S:2S:3S:3S:3S:4S:4S,1L,1,0.03000300030003
959,1,2,1,2,2,,2O:2O,,1S:1S:1S:2S:3S:3S:3S:3S,1L:1L,1,0.03000300030003
960,1,2,1,2,2,,2O:2O,1O1S,1S:1S:1S:1S:2S:2S:2S:2S,1L:1L,1,0.03000300030003
961,1,2,1,2,2,1O,1O:2O,3O1S,1S:1S:1S:2S:3S:3S:3S:3S,1L:1L,1,0.03000300030003
962,1,2,1,2,2,1O,2O:2O,,:::1S:1S:2S:2S:2S,1L:1L,1,0.03000300030003
963,2,2,0,1,1,:2O,1O:2O,,,1L,1,0.03000300030003
964,2,2,0,2,1,1O:1O,:,,2S:2S:3S:3S:3S:4S:4S:4S,1L,1,0.03000300030003
965,3,2,0,2,2,:1O:1O,1O:2O,,1S:1S:1S:1S:2S:2S:2S:2S,1L:1L,1,0.03000300030003
966,2,4,1,1,2,:,:1O:2O:2O,1O1S,,1L:1L,1,0.03000300030003
967,2,4,0,3,2,:1O,::2O:2O,,:::1S:1S:1S:1S:1S:2S:2S:2S:2S:3S:3S:3S:3S,1L:1L,1,0.03000300030003
968,2,4,1,1,1,1O:1O,:::2O,1O,,1L,1,0.03000300030003
969,2,4,1,1,1,1O:2O,::1O:2O,1O,,1L,1,0.03000300030003
970,2,4,1,1,1,1O:2O,:::2O,,,1L,1,0.03000300030003
971,2,4,1,1,1,:,:1O:1O:2O,2O,,1L,1,0.03000300030003
972,2,4,1,1,1,:,::1O:2O,,,1L,1,0.03000300030003
973,0,3,0,2,2,,1O:2O:2O,,1S:1S:1S:1S:2S:2S:2S:3S,1L:1L,1,0.03000300030003
974,2,4,1,1,1,:,:::2O,2O,,1L,1,0.03000300030003
975,2,4,1,1,1,:,:::2O,2O1S,,1L,1,0.03000300030003
976,2,4,1,1,1,:1O,::1O:2O,1O,,1L,1,0.03000300030003
977,2,4,1,1,1,:2O,:::2O,2O,,1L,1,0.03000300030003
978,2,4,1,1,2,1O:2O,:::2O,,,1L:1L,1,0.03000300030003
979,2,4,1,1,2,:1O,:1O:2O:2O,1O,,1L:1L,1,0.03000300030003
980,2,4,0,2,2,1O:1O,::2O:2O,,1S:1S:1S:2S:3S:3S:3S:3S,1L:1L,1,0.03000300030003
981,2,4,1,1,2,:1O,::2O:2O,1O,,1L:1L,1,0.03000300030003
982,2,4,1,2,1,1O:1O,:::1O,,1S:1S:1S:2S:3S:3S:3S:3S,1L,1,0.03000300030003
983,2,4,2,1,1,1O:1O,:::,:1O,,1L,1,0.03000300030003
984,2,4,2,1,1,:,:::2O,1O:1O,,1L,1,0.03000300030003
985,2,4,2,1,1,:,:::2O,:2O1S,,1L,1,0.03000300030003
986,2,5,0,1,0,:,::::,,,,1,0.03000300030003
987,2,5,0,1,1,1O:1O,::1O:1O:2O,,,1L,1,0.03000300030003
988,2,5,0,1,1,1O:1O,:::1O:2O,,,1L,1,0.03000300030003
989,2,5,0,1,1,1O:2O,:::1O:2O,,,1L,1,0.03000300030003
990,2,5,0,1,1,:1O,::1O:2O:2O,,,1L,1,0.03000300030003
991,2,5,0,1,2,:,:1O:2O:2O:2O,,,1L:1L,1,0.03000300030003
992,2,5,0,2,1,:1O,::::2O,,1S:1S:1S:1S:2S:2S:2S:3S,1L,1,0.03000300030003
993,2,4,0,2,2,:2O,::2O:2O,,1S:1S:1S:1S:2S:2S:2S:3S,1L:1L,1,0.03000300030003
994,2,4,0,2,2,1O:1O,:1O:1O:2O,,2S:2S:2S:3S:3S:4S:4S:4S,1L:1L,1,0.03000300030003
995,2,5,0,2,1,:1O,::::2O,,2S:2S:2S:3S:3S:4S:4S:4S,1L,1,0.03000300030003
996,2,4,0,1,2,:1O,1O:1O:2O:2O,,,1L:1L,1,0.03000300030003
997,2,4,0,1,1,1O:2O,::1O:2O,,,1L,1,0.03000300030003
998,2,4,0,1,1,2O:2O,:::2O,,,1L,1,0.03000300030003
999,2,4,0,1,1,:,1O:1O:1O:2O,,,1L,1,0.03000300030003
1000,2,4,0,1,1,:,:::1O,,,1L,1,0.03000300030003
1001,2,4,0,1,1,:1O,1O:1O:1O:2O,,,1L,1,0.03000300030003
1002,2,4,0,1,1,:1O,1O:1O:2O:2O,,,1L,1,0.03000300030003
1003,2,4,0,1,1,:2O,::2O:2O,,,1L,1,0.03000300030003
1004,2,4,0,1,2,1O:1O,:1O:2O:2O,,,1L:1L,1,0.03000300030003
1005,2,4,0,1,2,1O:1O,:2O:2O:2O,,,1L:1L,1,0.03000300030003
1006,2,4,0,1,2,1O:1O,::1O:2O,,,1L:1L,1,0.03000300030003
1007,2,4,0,1,2,1O:1O,::2O:2O,,,1L:1L,1,0.03000300030003
1008,2,4,0,1,2,1O:2O,::1O:2O,,,1L:1L,1,0.03000300030003
1009,2,4,0,1,2,:1O,:1O:1O:2O,,,1L:1L,1,0.03000300030003
1010,2,4,0,2,1,:2O,:::2O,,1S:1S:1S:1S:2S:2S:2S:2S,1L,1,0.03000300030003
1011,2,4,0,1,2,:2O,:1O:2O:2O,,,1L:1L,1,0.03000300030003
1012,2,4,0,2,1,1O:1O,:::1O,,1S:1S:1S:2S:3S:3S:3S:3S,1L,1,0.03000300030003
1013,2,4,0,2,1,:,::1O:2O,,1S:1S:1S:2S:3S:3S:3S:3S,1L,1,0.03000300030003
1014,2,4,0,2,1,:,::1O:2O,,2S:2S:2S:3S:3S:4S:4S:4S,1L,1,0.03000300030003
1015,2,4,0,2,1,:,:::2O,,1S:1S:1S:1S:2S:2S:2S:2S,1L,1,0.03000300030003
1016,2,4,0,2,1,:,:::2O,,2S:2S:2S:2S:2S:2S:2S:2S,1L,1,0.03000300030003
1017,2,4,0,2,1,:,:::2O,,2S:2S:2S:2S:2S:2S:3S:3S,1L,1,0.03000300030003
1018,2,4,0,2,1,:,:::2O,,3S:3S:3S:4S:4S:4S:5S:5S,1L,1,0.03000300030003
1019,2,4,0,2,1,:1O,::1O:2O,,1S:1S:1S:1S:2S:2S:2S:3S,1L,1,0.03000300030003
1020,2,4,0,2,1,:1O,:::2O,,2S:2S:2S:2S:2S:2S:2S:2S,1L,1,0.03000300030003
1021,2,4,0,2,1,:1O,:::2O,,2S:2S:3S:3S:3S:4S:4S:4S,1L,1,0.03000300030003
1022,2,4,0,2,1,:2O,:::1O,,2S:2S:2S:3S:3S:4S:4S:4S,1L,1,0.03000300030003
1023,2,5,0,2,1,:1O,::::2O,,2S:2S:2S:2S:2S:2S:2S:2S,1L,1,0.03000300030003
1024,2,5,1,1,1,1O:1O,::::2O,,,1L,1,0.03000300030003
1025,2,3,2,1,1,:1O,::2O,:1O,,1L,1,0.03000300030003
1026,3,2,0,2,1,::,1O:2O,,1S:1S:1S:1S:2S:2S:2S:3S,1L,1,0.03000300030003
1027,3,2,0,1,1,1O:1O:2O,:2O,,,1L,1,0.03000300030003
1028,3,2,0,1,1,:1O:1O,2O:2O,,,1L,1,0.03000300030003
1029,3,2,0,1,1,:2O:2O,:2O,,,1L,1,0.03000300030003
1030,3,2,0,1,1,::,1O:2O,,,1L,1,0.03000300030003
1031,3,2,0,1,1,::2O,1O:2O,,,1L,1,0.03000300030003
1032,3,2,0,1,2,1O:1O:1O,1O:2O,,,1L:1L,1,0.03000300030003
1033,3,2,0,2,1,:1O:1O,:2O,,1S:1S:1S:1S:2S:2S:2S:2S,1L,1,0.03000300030003
1034,3,2,0,2,1,:1O:1O,:2O,,1S:1S:1S:1S:2S:2S:2S:3S,1L,1,0.03000300030003
1035,3,2,0,2,1,:1O:1O,:2O,,1S:1S:1S:2S:2S:2S:2S:3S,1L,1,0.03000300030003
1036,3,2,0,2,1,:1O:1O,:2O,,1S:1S:1S:2S:2S:2S:3S:3S,1L,1,0.03000300030003
1037,3,2,0,2,1,:1O:2O,:1O,,1S:1S:1S:2S:3S:3S:3S:3S,1L,1,0.03000300030003
1038,3,2,0,2,1,:1O:2O,:2O,,2S:2S:2S:2S:2S:2S:2S:2S,1L,1,0.03000300030003
1039,3,2,0,2,1,::,1O:2O,,1S:1S:1S:2S:3S:3S:3S:3S,1L,1,0.03000300030003
1040,3,1,1,3,2,1O:1O:1O,,1N1O,1S:1S:1S:1S:1S:1S:1S:2S:2S:2S:2S:2S:2S:2S:2S:2S,1L:1L,1,0.03000300030003
1041,3,2,0,2,1,::,:2O,,1S:1S:1S:1S:2S:2S:2S:2S,1L,1,0.03000300030003
1042,3,2,0,2,1,::,:2O,,2S:2S:2S:2S:2S:2S:2S:2S,1L,1,0.03000300030003
1043,3,2,0,2,1,::,:2O,,2S:2S:2S:3S:3S:4S:4S:4S,1L,1,0.03000300030003
1044,3,2,0,2,1,::1O,1O:2O,,1S:1S:1S:1S:2S:2S:2S:2S,1L,1,0.03000300030003
1045,3,2,0,2,1,::1O,:2O,,2S:2S:2S:2S:2S:2S:3S:3S,1L,1,0.03000300030003
1046,3,2,0,2,1,::1O,:2O,,::1S:1S:2S:2S:2S:2S,1L,1,0.03000300030003
1047,3,2,0,2,1,::2O,:2O,,1S:1S:1S:1S:2S:2S:2S:2S,1L,1,0.03000300030003
1048,3,2,0,2,2,1O:1O:1O,1O:1O,,3S:3S:3S:3S:4S:4S:5S:5S,1L:1L,1,0.03000300030003
1049,3,2,0,2,2,1O:1O:1O,2O:2O,,1S:1S:1S:1S:2S:2S:3S:3S,1L:1L,1,0.03000300030003
1050,3,2,0,2,2,1O:1O:1O,2O:2O,,1S:1S:1S:2S:3S:3S:3S:3S,1L:1L,1,0.03000300030003
1051,3,2,0,2,2,1O:1O:1O,:2O,,2S:2S:2S:3S:3S:4S:4S:4S,1L:1L,1,0.03000300030003
1052,3,2,0,2,2,1O:1O:2O,:2O,,1S:1S:1S:2S:3S:3S:3S:3S,1L:1L,1,0.03000300030003
1053,3,2,0,1,1,1O:1O:2O,1O:2O,,,1L,1,0.03000300030003
1054,3,1,1,2,1,::1O,1O,,1S:1S:1S:2S:3S:3S:3S:3S,1L,1,0.03000300030003
1055,2,5,1,1,1,1O:1O,::::2O,1O,,1L,1,0.03000300030003
1056,3,1,0,1,1,:1O:2O,2O,,,1L,1,0.03000300030003
1057,2,5,1,1,1,:,:::1O:2O,,,1L,1,0.03000300030003
1058,2,5,1,1,1,:,::::2O,1O,,1L,1,0.03000300030003
1059,2,5,1,1,1,:1O,::::2O,,,1L,1,0.03000300030003
1060,2,5,1,1,1,:1O,::::2O,1O1S,,1L,1,0.03000300030003
1061,2,5,1,1,2,:,::1O:2O:2O,1O,,1L:1L,1,0.03000300030003
1062,2,6,0,1,0,:,:::::,,,,1,0.03000300030003
1063,2,6,0,1,1,1O:1O,:::::2O,,,1L,1,0.03000300030003
1064,2,6,0,1,1,:1O,:::::2O,,,1L,1,0.03000300030003
1065,2,6,0,1,2,:1O,:::2O:2O:2O,,,1L:1L,1,0.03000300030003
1066,2,6,0,2,1,:,:::::2O,,1S:1S:1S:2S:3S:3S:3S:3S,1L,1,0.03000300030003
1067,2,6,1,1,1,1O:1O,:::::2O,,,1L,1,0.03000300030003
1068,2,7,0,1,1,:,:::::1O:2O,,,1L,1,0.03000300030003
1069,3,1,0,2,1,1O:1O:1O,,,1S:1S:1S:2S:3S:3S:3S:3S,1L,1,0.03000300030003
1070,3,1,1,2,1,::1O,,2O,1S:1S:1S:2S:3S:3S:3S:3S,1L,1,0.03000300030003
1071,3,1,0,2,1,::,2O,,2S:2S:2S:2S:2S:2S:3S:3S,1L,1,0.03000300030003
1072,3,1,0,2,1,::1O,2O,,1S:1S:1S:1S:2S:2S:2S:3S,1L,1,0.03000300030003
1073,3,1,0,2,1,::1O,2O,,2S:2S:2S:2S:3S:3S:4S:4S,1L,1,0.03000300030003
1074,3,1,0,2,1,::1O,2O,,:::1S:1S:2S:2S:2S,1L,1,0.03000300030003
1075,3,1,0,2,2,1O:1O:1O,2O,,2S:2S:2S:3S:3S:4S:4S:4S,1L:1L,1,0.03000300030003
1076,3,1,0,3,1,:1O:1O,2O,,1S:1S:1S:1S:1S:1S:1S:2S:2S:2S:2S:3S:3S:3S:3S:3S,1L,1,0.03000300030003
1077,3,1,1,1,1,:1O:1O,,2O1S,,1L,1,0.03000300030003
1078,3,1,1,1,1,:1O:1O,1O,2O1S,,1L,1,0.03000300030003
1079,3,1,1,1,1,:1O:1O,2O,,,1L,1,0.03000300030003
1080,3,1,1,1,1,::1O,2O,,,1L,1,0.03000300030003
1081,3,1,1,1,1,::1O,2O,1O1S,,1L,1,0.03000300030003
1082,3,1,1,2,1,::1O,,1O,3S:3S:3S:3S:4S:4S:5S:5S,1L,1,0.03000300030003
1083,2,3,2,1,2,1O:1O,:2O:2O,1O:1O,,1L:1L,1,0.03000300030003
1084,2,3,1,2,2,:1O,::2O,,2S:2S:3S:4S:4S:5S:5S:5S,1L:1L,1,0.03000300030003
1085,2,2,0,2,1,:,1O:2O,,1S:1S:1S:1S:2S:2S:2S:3S,1L,1,0.03000300030003
1086,2,2,2,1,2,:2O,2O:2O,:1O,,1L:1L,1,0.03000300030003
1087,2,2,1,1,2,1O:2O,1O:2O,2O1S,,1L:1L,1,0.03000300030003
1088,2,2,1,1,2,1O:2O,2O:2O,,,1L:1L,1,0.03000300030003
1089,2,2,1,1,2,1O:2O,2O:2O,2O,,1L:1L,1,0.03000300030003
1090,2,2,1,1,2,:1O,2O:2O,2O,,1L:1L,1,0.03000300030003
1091,2,2,1,1,2,:1O,2O:2O,2O1S,,1L:1L,1,0.03000300030003
1092,2,2,1,2,1,1O:1O,:,,1S:1S:1S:2S:3S:3S:3S:3S,1L,1,0.03000300030003
1093,2,2,1,2,1,:1O,:2O,,1S:1S:1S:1S:2S:2S:2S:2S,1L,1,0.03000300030003
1094,2,2,1,2,2,:,2O:2O,2O,1S:1S:1S:1S:2S:2S:2S:2S,1L:1L,1,0.03000300030003
1095,2,2,2,1,2,1O:1O,2O:2O,1O:1O,,1L:1L,1,0.03000300030003
1096,2,2,2,1,2,1O:1O,2O:2O,:,,1L:1L,1,0.03000300030003
1097,2,2,2,1,2,:1O,1O:2O,1O:2O1S,,1L:1L,1,0.03000300030003
1098,2,2,2,1,2,:1O,2O:2O,1O:1O,,1L:1L,1,0.03000300030003
1099,2,3,0,1,0,:1O,::,,,,1,0.03000300030003
1100,2,2,1,1,2,1O:1O,2O:2O,1N1O,,1L:1L,1,0.03000300030003
1101,2,3,0,1,1,1O:1O,1O:2O:2O,,,1L,1,0.03000300030003
1102,2,3,0,1,1,1O:2O,:1O:2O,,,1L,1,0.03000300030003
1103,2,3,0,1,1,:,1O:2O:2O,,,1L,1,0.03000300030003
1104,2,3,0,1,1,:1O,:2O:2O,,,1L,1,0.03000300030003
1105,2,3,0,1,1,:2O,1O:2O:2O,,,1L,1,0.03000300030003
1106,2,3,0,1,1,:2O,:2O:2O,,,1L,1,0.03000300030003
1107,2,3,0,1,2,1O:1O,::2O,,,1L:1L,1,0.03000300030003
1108,2,3,0,1,2,:,2O:2O:2O,,,1L:1L,1,0.03000300030003
1109,2,3,0,1,2,:1O,:1O:2O,,,1L:1L,1,0.03000300030003
1110,2,3,0,2,1,1O:1O,:1O:2O,,2S:2S:2S:3S:3S:4S:4S:4S,1L,1,0.03000300030003
1111,2,3,0,2,1,1O:1O,::1O,,2S:2S:2S:3S:3S:4S:4S:4S,1L,1,0.03000300030003
1112,2,3,0,2,1,1O:1O,::2O,,1S:1S:1S:2S:2S:2S:2S:3S,1L,1,0.03000300030003
1113,2,2,1,1,2,1O:1O,2O:2O,1O1S,,1L:1L,1,0.03000300030003
1114,2,2,1,1,2,1O:1O,1O:2O,1O1S,,1L:1L,1,0.03000300030003
1115,2,3,0,2,1,:,:1O:2O,,1S:1S:1S:1S:2S:2S:2S:3S,1L,1,0.03000300030003
1116,2,2,0,2,2,:1O,1O:1O,,2S:2S:3S:3S:3S:3S:3S:3S,1L:1L,1,0.03000300030003
1117,2,2,0,2,1,:1O,:2O,,1S:1S:1S:1S:2S:2S:2S:3S,1L,1,0.03000300030003
1118,2,2,0,2,1,:1O,:2O,,2S:2S:2S:2S:2S:2S:3S:3S,1L,1,0.03000300030003
1119,2,2,0,2,2,1O:1O,1O:1O,,3S:3S:3S:4S:4S:4S:5S:5S,1L:1L,1,0.03000300030003
1120,2,2,0,2,2,1O:1O,1O:2O,,2S:2S:2S:3S:3S:4S:4S:4S,1L:1L,1,0.03000300030003
1121,2,2,0,2,2,1O:1O,2O:2O,,1S:1S:1S:1S:2S:2S:2S:2S,1L:1L,1,0.03000300030003
1122,2,2,0,2,2,1O:1O,2O:2O,,1S:1S:1S:2S:3S:3S:3S:3S,1L:1L,1,0.03000300030003
1123,2,2,0,2,2,1O:1O,2O:2O,,1S:1S:2S:3S:4S:4S:4S:4S,1L:1L,1,0.03000300030003
1124,2,2,0,2,2,1O:1O,2O:2O,,2S:2S:2S:2S:2S:2S:3S:3S,1L:1L,1,0.03000300030003
1125,2,2,0,2,2,1O:1O,2O:2O,,2S:2S:2S:3S:3S:4S:4S:4S,1L:1L,1,0.03000300030003
1126,2,2,0,2,2,1O:2O,2O:2O,,1S:1S:1S:2S:3S:3S:3S:3S,1L:1L,1,0.03000300030003
1127,2,2,0,2,2,:,2O:2O,,1S:1S:1S:1S:2S:2S:2S:2S,1L:1L,1,0.03000300030003
1128,2,2,0,2,2,:,2O:2O,,2S:3S:3S:3S:3S:3S:4S:4S,1L:1L,1,0.03000300030003
1129,2,2,0,2,2,:1O,2O:2O,,1S:1S:1S:1S:2S:2S:2S:2S,1L:1L,1,0.03000300030003
1130,2,2,1,1,1,:1O,:2O,2O1S,,1L,1,0.03000300030003
1131,2,2,0,2,2,:1O,2O:2O,,2S:2S:2S:2S:2S:2S:3S:3S,1L:1L,1,0.03000300030003
1132,2,2,0,2,2,:1O,2O:2O,,2S:2S:2S:2S:3S:3S:3S:3S,1L:1L,1,0.03000300030003
1133,2,2,0,2,2,:1O,2O:2O,,2S:2S:2S:3S:3S:4S:4S:4S,1L:1L,1,0.03000300030003
1134,2,2,0,3,2,:1O,1O:2O,,1S:1S:1S:1S:1S:1S:2S:3S:3S:3S:3S:3S:4S:4S:5S:5S,1L:1L,1,0.03000300030003
1135,2,2,1,1,1,1O:1O,1O:2O,1O,,1L,1,0.03000300030003
1136,2,2,1,1,1,1O:1O,:1O,1O,,1L,1,0.03000300030003
1137,2,2,1,1,1,1O:1O,:2O,1O,,1L,1,0.03000300030003
1138,2,2,1,1,1,1O:2O,:2O,,,1L,1,0.03000300030003
1139,2,2,1,1,1,:,:2O,1O,,1L,1,0.03000300030003
1140,2,2,1,1,1,:,:2O,1O1S,,1L,1,0.03000300030003
1141,2,2,1,1,1,:,:2O,3O1S,,1L,1,0.03000300030003
1142,2,2,1,1,1,:1O,1O:2O,2O1S,,1L,1,0.03000300030003
1143,2,3,0,2,1,1O:1O,::2O,,1S:1S:1S:2S:2S:3S:3S:3S,1L,1,0.03000300030003
1144,2,3,0,2,1,:,:1O:2O,,1S:1S:1S:2S:3S:3S:3S:3S,1L,1,0.03000300030003
1145,2,3,1,2,2,:1O,:1O:2O,1O,2S:2S:2S:3S:3S:4S:4S:4S,1L:1L,1,0.03000300030003
1146,2,3,1,1,2,:2O,:2O:2O,1O1S,,1L:1L,1,0.03000300030003
1147,2,3,1,1,1,:1O,::2O,2O1S,,1L,1,0.03000300030003
1148,2,3,1,1,1,:2O,::2O,1O,,1L,1,0.03000300030003
1149,2,3,1,1,2,1O:1O,:1O:2O,1O,,1L:1L,1,0.03000300030003
1150,2,3,1,1,2,1O:2O,1O:2O:2O,1O,,1L:1L,1,0.03000300030003
1151,2,3,1,1,2,:,1O:2O:2O,1N2O2S,,1L:1L,1,0.03000300030003
1152,2,3,1,1,2,:,1O:2O:2O,1O,,1L:1L,1,0.03000300030003
1153,2,3,1,1,2,:,:2O:2O,1O,,1L:1L,1,0.03000300030003
1154,2,3,1,1,2,:1O,1O:1O:2O,1O,,1L:1L,1,0.03000300030003
1155,2,3,1,1,2,:1O,2O:2O:2O,,,1L:1L,1,0.03000300030003
1156,2,3,1,1,2,:1O,:2O:2O,3O1S,,1L:1L,1,0.03000300030003
1157,2,3,1,1,2,:2O,2O:2O:2O,1O,,1L:1L,1,0.03000300030003
1158,2,3,1,1,2,:2O,:2O:2O,1O,,1L:1L,1,0.03000300030003
1159,2,3,1,1,2,:2O,:2O:2O,2O1S,,1L:1L,1,0.03000300030003
1160,2,3,1,1,1,:1O,::2O,1N,,1L,1,0.03000300030003
1161,2,3,1,2,1,:,::,1O1S,1S:1S:1S:2S:3S:3S:3S:3S,1L,1,0.03000300030003
1162,2,3,1,2,1,:,::1O,2O1S,1S:1S:1S:2S:3S:3S:3S:3S,1L,1,0.03000300030003
1163,2,3,1,2,1,:,::2O,,1S:1S:1S:1S:2S:2S:2S:2S,1L,1,0.03000300030003
1164,2,3,1,2,1,:1O,::,1O,2S:2S:2S:3S:3S:4S:4S:4S,1L,1,0.03000300030003
1165,2,3,1,2,1,:1O,::,1O,3S:3S:3S:3S:4S:4S:5S:5S,1L,1,0.03000300030003
1166,2,3,1,2,1,:1O,::,1O1S,2S:2S:2S:3S:3S:4S:4S:4S,1L,1,0.03000300030003
1167,2,3,1,2,1,:1O,::,2O1S,2S:2S:2S:3S:3S:4S:4S:4S,1L,1,0.03000300030003
1168,2,3,1,2,1,:1O,::1O,1O,2S:2S:2S:3S:3S:4S:4S:4S,1L,1,0.03000300030003
1169,2,3,1,2,1,:1O,::2O,,1S:1S:1S:2S:3S:3S:3S:3S,1L,1,0.03000300030003
1170,2,3,1,2,1,:1O,::2O,,2S:2S:2S:3S:3S:4S:4S:4S,1L,1,0.03000300030003
1171,2,3,1,2,2,:,:2O:2O,1O,1S:1S:1S:1S:2S:2S:2S:2S,1L:1L,1,0.03000300030003
1172,2,3,1,2,2,:1O,1O:2O:2O,1O,1S:1S:1S:1S:2S:2S:2S:2S,1L:1L,1,0.03000300030003
1173,2,3,1,1,1,:1O,::2O,2O,,1L,1,0.03000300030003
1174,2,3,1,1,1,:1O,:2O:2O,,,1L,1,0.03000300030003
1175,2,3,0,2,1,:,::1O,,1S:1S:1S:2S:3S:3S:3S:3S,1L,1,0.03000300030003
1176,2,3,0,2,2,:,:2O:2O,,1S:1S:1S:1S:2S:2S:2S:3S,1L:1L,1,0.03000300030003
1177,2,3,0,2,1,:,::2O,,1S:1S:1S:1S:2S:2S:2S:2S,1L,1,0.03000300030003
1178,2,3,0,2,1,:,::2O,,2S:2S:2S:3S:3S:4S:4S:4S,1L,1,0.03000300030003
1179,2,3,0,2,1,:1O,:1O:2O,,2S:2S:2S:2S:2S:2S:3S:3S,1L,1,0.03000300030003
1180,2,3,0,2,1,:1O,::2O,,1S:1S:2S:2S:3S:3S:3S:3S,1L,1,0.03000300030003
1181,2,3,0,2,1,:1O,::2O,,2S:3S:3S:3S:3S:3S:3S:3S,1L,1,0.03000300030003
1182,2,3,0,2,2,1O:1O,:2O:2O,,1S:1S:1S:1S:2S:2S:2S:3S,1L:1L,1,0.03000300030003
1183,2,3,0,2,2,1O:1O,:2O:2O,,2S:2S:2S:3S:3S:4S:4S:4S,1L:1L,1,0.03000300030003
1184,2,3,0,2,2,1O:1O,:2O:2O,,::1S:1S:2S:2S:2S:2S,1L:1L,1,0.03000300030003
1185,2,3,0,2,2,1O:1O,::2O,,2S:2S:2S:3S:3S:4S:4S:4S,1L:1L,1,0.03000300030003
1186,2,3,0,2,2,1O:1O,::2O,,3S:3S:3S:3S:3S:3S:3S:3S,1L:1L,1,0.03000300030003
1187,2,3,0,2,2,1O:2O,:2O:2O,,1S:1S:1S:1S:2S:3S:3S:3S,1L:1L,1,0.03000300030003
1188,2,3,0,2,2,:,1O:2O:2O,,1S:1S:1S:1S:2S:2S:2S:3S,1L:1L,1,0.03000300030003
1189,2,3,0,2,2,:1O,1O:2O:2O,,2S:2S:2S:2S:2S:2S:2S:2S,1L:1L,1,0.03000300030003
1190,2,3,1,1,1,:,:2O:2O,1O,,1L,1,0.03000300030003
1191,2,3,0,2,2,:1O,:1O:2O,,1S:1S:1S:1S:2S:2S:2S:2S,1L:1L,1,0.03000300030003
1192,2,3,0,2,2,:1O,:1O:2O,,1S:1S:1S:2S:3S:3S:3S:3S,1L:1L,1,0.03000300030003
1193,2,3,0,2,2,:1O,:2O:2O,,1S:1S:1S:1S:2S:2S:2S:3S,1L:1L,1,0.03000300030003
1194,2,3,0,2,2,:1O,:2O:2O,,1S:1S:1S:2S:3S:3S:3S:3S,1L:1L,1,0.03000300030003
1195,2,3,0,2,2,:1O,:2O:2O,,2S:2S:2S:2S:2S:2S:2S:2S,1L:1L,1,0.03000300030003
1196,2,3,0,2,2,:1O,:2O:2O,,:::1S:1S:2S:2S:2S,1L:1L,1,0.03000300030003
1197,2,3,0,2,2,:2O,:2O:2O,,1S:1S:1S:1S:2S:2S:2S:2S,1L:1L,1,0.03000300030003
1198,2,3,0,2,2,:2O,:2O:2O,,2S:2S:2S:2S:2S:2S:2S:2S,1L:1L,1,0.03000300030003
1199,2,3,0,3,2,:1O,:1O:2O,,1S:1S:1S:1S:1S:1S:2S:3S:3S:3S:3S:3S:4S:4S:5S:5S,1L:1L,1,0.03000300030003
1200,2,3,0,3,2,:1O,:2O:2O,,1S:1S:1S:1S:2S:2S:2S:2S:2S:2S:2S:3S:3S:3S:3S:3S,1L:1L,1,0.03000300030003
1201,2,3,1,1,1,1O:1O,:1O:2O,,,1L,1,0.03000300030003
1202,2,3,1,1,1,:,1O:2O:2O,,,1L,1,0.03000300030003
1203,7,2,0,1,1,::::::1O,:2O,,,1L,1,0.03000300030003
