,num_dol,num_dmso,num_tfsi,num_ps,num_li,atoms_dol,atoms_dmso,atoms_tfsi,atoms_ps,atoms_li,count,%
0,3,4,0,1,0,::1O,:::,,,,31,0.93009300930093
1,4,4,0,1,0,:::1O,:::,,,,24,0.7200720072007201
2,3,4,0,1,0,::,:::1S,,,,24,0.7200720072007201
3,4,4,0,1,0,:::1O,:::1S,,,,23,0.6900690069006901
4,3,5,0,1,0,::1O,::::1S,,,,21,0.6300630063006301
5,4,3,0,1,0,:::1O,::,,,,21,0.6300630063006301
6,4,3,0,1,0,:::1O,::1S,,,,20,0.6000600060006
7,3,5,0,1,0,::1O,::::,,,,18,0.54005400540054
8,4,4,0,1,0,:::,:::1S,,,,18,0.54005400540054
9,2,5,0,1,0,:1O,::::1S,,,,18,0.54005400540054
10,3,4,0,1,0,::,:::,,,,17,0.51005100510051
11,5,4,0,1,0,::::1O,:::,,,,16,0.48004800480048
12,2,5,0,1,0,:,::::1S,,,,16,0.48004800480048
13,4,4,0,1,0,:::,:::,,,,15,0.45004500450045
14,3,4,0,1,0,::1O,:::1S,,,,14,0.42004200420042
15,5,3,0,1,0,:::1O:1O,::,,,,14,0.42004200420042
16,1,6,0,1,0,,:::::1S,,,,14,0.42004200420042
17,4,3,0,1,0,::1O:1O,::1S,,,,14,0.42004200420042
18,2,4,0,1,0,:,:::1S,,,,13,0.39003900390039
19,3,4,0,1,1,::1O,::1O:1O1S,,,1L,13,0.39003900390039
20,3,5,0,1,0,::1O,:::1S:1S,,,,12,0.36003600360036
21,2,6,0,1,0,:,:::::,,,,12,0.36003600360036
22,4,5,0,1,0,:::1O,::::1S,,,,11,0.33003300330033
23,4,3,0,1,0,::1O:1O,::,,,,11,0.33003300330033
24,4,5,0,1,0,:::1O,::::,,,,11,0.33003300330033
25,3,5,0,1,0,::,::::1S,,,,11,0.33003300330033
26,2,5,0,1,0,:,::::,,,,11,0.33003300330033
27,3,3,0,1,0,::1O,::1S,,,,11,0.33003300330033
28,2,5,0,1,0,:1O,:::1S:1S,,,,10,0.3000300030003
29,2,6,0,1,0,:,:::::1S,,,,10,0.3000300030003
30,2,5,0,1,0,:,:::1S:1S,,,,10,0.3000300030003
31,3,4,0,1,0,::,::1S:1S,,,,10,0.3000300030003
32,2,6,0,1,0,:1O,:::::1S,,,,10,0.3000300030003
33,3,5,0,1,0,::,::::,,,,10,0.3000300030003
34,4,4,0,1,0,::1O:1O,:::,,,,10,0.3000300030003
35,2,4,0,1,0,:1O,:::,,,,10,0.3000300030003
36,2,4,0,1,0,:1O,:::1S,,,,10,0.3000300030003
37,4,4,0,1,0,::1O:1O,:::1S,,,,10,0.3000300030003
38,5,2,0,1,0,::::1O,:,,,,10,0.3000300030003
39,2,5,0,1,0,:1O,::::,,,,10,0.3000300030003
40,3,5,0,1,0,:1O:1O,::::1S,,,,9,0.27002700270027
41,3,4,1,1,0,::,:::,,,,9,0.27002700270027
42,3,3,0,1,0,::,::1S,,,,9,0.27002700270027
43,4,4,0,1,1,::1O:1O,::1O:1O1S,,,1L,9,0.27002700270027
44,3,3,0,1,0,::,::,,,,9,0.27002700270027
45,5,3,0,1,0,::::1O,::,,,,9,0.27002700270027
46,2,5,0,1,1,:1O,::1O:1O1S:1S,,,1L,9,0.27002700270027
47,1,6,0,1,1,,::1O:1O1S:1O1S:1S,,,1L,8,0.24002400240024
48,3,3,0,1,0,::1O,::,,,,8,0.24002400240024
49,3,4,0,1,0,:1O:1O,:::,,,,8,0.24002400240024
50,4,3,0,1,0,:::,::,,,,8,0.24002400240024
51,4,5,0,1,0,:::,::::1S,,,,8,0.24002400240024
52,4,5,0,1,0,:::,::::,,,,8,0.24002400240024
53,5,2,0,1,0,:::1O:1O,:1S,,,,8,0.24002400240024
54,3,6,0,1,0,::,:::::1S,,,,7,0.21002100210021
55,2,5,0,1,1,:,::1O1S:1O1S:1O1S,,,1L,7,0.21002100210021
56,1,7,0,1,1,,::::1O:1O1S:1O1S,,,1L,7,0.21002100210021
57,6,3,0,1,0,:::::1O,::1S,,,,7,0.21002100210021
58,3,4,0,1,1,:1O:1O,::1O:1O1S,,,1L,7,0.21002100210021
59,2,5,0,1,1,:1O,:::1O:1O1S,,,1L,7,0.21002100210021
60,6,3,0,1,0,::::1O:1O,::,,,,7,0.21002100210021
61,4,4,0,1,1,:::1O,::1O:1O1S,,,1L,7,0.21002100210021
62,2,4,0,1,0,:,:::,,,,7,0.21002100210021
63,5,2,0,1,0,:::1O:1O,:,,,,7,0.21002100210021
64,3,4,0,1,1,:1O:1O,::1O1S:1O1S,,,1L,7,0.21002100210021
65,3,5,0,1,0,:1O:1O,::::,,,,7,0.21002100210021
66,2,6,0,1,0,:1O,::::1S:1S,,,,7,0.21002100210021
67,2,6,0,1,1,:,:::1O:1O1S:1O1S,,,1L,7,0.21002100210021
68,4,3,0,1,1,:::1O,:1O:1O1S,,,1L,7,0.21002100210021
69,5,3,0,1,0,:::1O:1O,::1S,,,,7,0.21002100210021
70,4,3,0,1,0,:::,::1S,,,,7,0.21002100210021
71,2,5,1,1,0,:1O,::::1S,,,,7,0.21002100210021
72,3,4,0,1,0,:1O:1O,:::1S,,,,7,0.21002100210021
73,4,2,0,1,0,:::1O,:,,,,7,0.21002100210021
74,5,3,0,1,0,::1O:1O:1O,::,,,,7,0.21002100210021
75,5,3,0,1,0,::::1O,::1S,,,,7,0.21002100210021
76,5,2,0,1,0,::::,:,,,,7,0.21002100210021
77,1,5,0,1,0,,::::1S,,,,6,0.18001800180018
78,3,4,1,1,0,::1O,:::1S,,,,6,0.18001800180018
79,5,3,0,1,0,::1O:1O:1O,::1S,,,,6,0.18001800180018
80,1,7,0,1,1,,:::1O:1O1S:1O1S:1S,,,1L,6,0.18001800180018
81,1,4,0,1,0,,::1S:1S,,,,6,0.18001800180018
82,3,4,0,1,1,::1O,:1O:1O1S:1O1S,,,1L,6,0.18001800180018
83,3,3,0,1,0,::,:1S:1S,,,,6,0.18001800180018
84,2,4,1,1,0,:,:::,,,,6,0.18001800180018
85,4,3,0,1,1,::1O:1O,:1O1S:1O1S,,,1L,6,0.18001800180018
86,1,5,0,1,0,,:::1S:1S,,,,6,0.18001800180018
87,2,4,1,1,0,:,:::1S,,,,6,0.18001800180018
88,3,6,0,1,0,::,:::::,,,,6,0.18001800180018
89,4,3,0,1,0,:::1O,:1S:1S,,,,6,0.18001800180018
90,1,6,0,1,0,1O,:::::1S,,,,6,0.18001800180018
91,5,5,0,1,0,::::1O,::::,,,,6,0.18001800180018
92,5,4,0,1,0,:::1O:1O,:::,,,,6,0.18001800180018
93,4,3,0,1,0,::1O:2O,::,,,,6,0.18001800180018
94,2,5,0,1,2,:,::1O1S:1O1S:1O1S,,,1L:1L,6,0.18001800180018
95,5,3,0,1,1,::::1O,:1O:1O1S,,,1L,6,0.18001800180018
96,4,2,0,1,0,:::,:,,,,6,0.18001800180018
97,4,4,0,1,0,:::,::1S:1S,,,,6,0.18001800180018
98,2,6,0,1,1,:1O,:::1O:1O1S:1O1S,,,1L,6,0.18001800180018
99,3,5,0,1,1,::1O,::1O:1O1S:1O1S,,,1L,6,0.18001800180018
100,5,4,0,1,0,::::1O,:::1S,,,,6,0.18001800180018
101,3,5,0,1,1,::1O,::1O:1O1S:1S,,,1L,6,0.18001800180018
102,5,1,0,1,0,::::1O,,,,,6,0.18001800180018
103,5,2,0,1,0,::::1O,:1S,,,,6,0.18001800180018
104,5,3,0,1,0,::::,::1S,,,,6,0.18001800180018
105,2,4,0,1,1,:1O,::1O1S:1O1S,,,1L,6,0.18001800180018
106,4,4,1,1,0,:::,:::1S,,,,5,0.15001500150015
107,5,4,0,1,0,::::,:::,,,,5,0.15001500150015
108,2,4,0,1,0,:1O,::1S:1S,,,,5,0.15001500150015
109,2,4,0,1,1,:1O,:1O:1O1S:1S,,,1L,5,0.15001500150015
110,4,4,0,1,1,:::1O,:1O:1O1S:1S,,,1L,5,0.15001500150015
111,2,6,0,1,1,:1O,:::1O:1O1S:1S,,,1L,5,0.15001500150015
112,4,4,1,1,0,:::1O,:::,,,,5,0.15001500150015
113,2,6,0,1,1,:1O,::::1O:1O,,,1L,5,0.15001500150015
114,5,4,0,1,0,::::,:::1S,,,,5,0.15001500150015
115,2,4,1,1,0,:1O,:::,,,,5,0.15001500150015
116,3,5,0,1,2,::1O,::1O:1O1S:1O1S,,,1L:1L,5,0.15001500150015
117,3,4,0,1,1,::,:1O:1O1S:1O1S,,,1L,5,0.15001500150015
118,3,5,0,1,1,::,::1O:1O1S:1O1S,,,1L,5,0.15001500150015
119,3,5,0,1,0,::2O,::::1S,,,,5,0.15001500150015
120,2,5,0,1,0,:2O,::::1S,,,,5,0.15001500150015
121,4,2,0,1,0,::1O:1O,:,,,,5,0.15001500150015
122,2,5,1,1,0,:,::::,,,,5,0.15001500150015
123,2,5,1,1,0,:,::::1S,,,,5,0.15001500150015
124,4,2,0,1,0,:::1O,:1S,,,,5,0.15001500150015
125,2,5,0,1,1,:1O,::1O:1O1S:1O1S,,,1L,5,0.15001500150015
126,6,2,0,1,0,:::::1O,:,,,,5,0.15001500150015
127,2,5,0,1,1,:,::1O:1O1S:1O1S,,,1L,5,0.15001500150015
128,3,5,0,1,1,::1O,:::1O1S:1O1S,,,1L,5,0.15001500150015
129,4,4,0,1,0,:::1O,::1S:1S,,,,5,0.15001500150015
130,3,4,0,1,1,::1O,::1O1S:1O1S,,,1L,5,0.15001500150015
131,2,5,1,1,1,:1O,:::1O:1O1S,,,1L,5,0.15001500150015
132,1,6,0,1,2,,:::1O:1O1S:1O1S,,,1L:1L,5,0.15001500150015
133,1,6,0,1,1,,::1O:1O:1O1S:1S,,,1L,5,0.15001500150015
134,2,6,0,1,1,:,::1O:1O1S:1O1S:1S,,,1L,5,0.15001500150015
135,3,6,0,1,0,::1O,:::::1S,,,,5,0.15001500150015
136,4,3,0,1,0,:::2O,::1S,,,,5,0.15001500150015
137,6,3,0,1,0,:::::1O,::,,,,5,0.15001500150015
138,2,6,0,1,0,1O:1O,:::::1S,,,,5,0.15001500150015
139,2,5,0,1,0,1O:1O,:::1S:1S,,,,5,0.15001500150015
140,3,6,0,1,1,::1O,:::1O:1O1S:1O1S,,,1L,4,0.12001200120012
141,5,2,0,1,0,::::,:1S,,,,4,0.12001200120012
142,3,6,0,1,1,::1O,:::1O:1O1S:1S,,,1L,4,0.12001200120012
143,5,4,0,1,1,:::1O:1O,::1O:1O1S,,,1L,4,0.12001200120012
144,1,6,0,1,1,,:::1O:1O1S:1O1S,,,1L,4,0.12001200120012
145,3,3,1,1,0,::,::,,,,4,0.12001200120012
146,4,6,0,1,0,:::1O,:::::1S,,,,4,0.12001200120012
147,3,3,0,1,0,::1O,:1S:1S,,,,4,0.12001200120012
148,3,4,0,1,0,::1O,::1S:1S,,,,4,0.12001200120012
149,1,6,0,1,1,,:::1O1S:1O1S:1O1S,,,1L,4,0.12001200120012
150,3,4,0,1,0,:1O:1O,::1S:1S,,,,4,0.12001200120012
151,5,4,0,1,0,::::,::1S:1S,,,,4,0.12001200120012
152,3,3,0,1,0,::2O,::,,,,4,0.12001200120012
153,1,6,0,1,0,,:::::,,,,4,0.12001200120012
154,4,5,0,1,1,::1O:1O,:::1O:1O,,,1L,4,0.12001200120012
155,1,6,0,1,1,1O,::1O:1O1S:1O1S:1S,,,1L,4,0.12001200120012
156,3,6,0,1,0,::1O,:::::,,,,4,0.12001200120012
157,2,4,1,1,0,:1O,:::1S,,,,4,0.12001200120012
158,1,4,1,1,0,,:::1S,,,,4,0.12001200120012
159,3,5,0,1,1,::1O,:::1O:1O1S,,,1L,4,0.12001200120012
160,1,5,0,1,0,1O,:::1S:1S,,,,4,0.12001200120012
161,2,7,0,1,1,:,::::1O:1O1S:1O1S,,,1L,4,0.12001200120012
162,4,3,0,1,1,::1O:1O,:1O:1O1S,,,1L,4,0.12001200120012
163,3,4,0,1,2,::,:1O:1O1S:1O1S,,,1L:1L,4,0.12001200120012
164,2,5,0,1,2,:,:1O:1O1S:1O1S:1O1S,,,1L:1L,4,0.12001200120012
165,4,3,1,1,0,:::,::,,,,4,0.12001200120012
166,3,4,0,1,1,::,:1O1S:1O1S:1O1S,,,1L,4,0.12001200120012
167,3,4,1,1,0,::1O,:::,,,,4,0.12001200120012
168,4,4,0,1,1,:1O:1O:1O,::1O:1O1S,,,1L,4,0.12001200120012
169,2,5,0,1,0,:,:::1O1S:1S,,,,4,0.12001200120012
170,2,5,0,1,0,:,::::1O1S,,,,4,0.12001200120012
171,6,4,0,1,0,::::1O:1O,:::,,,,4,0.12001200120012
172,4,3,1,1,0,:::1O,::1S,,,,4,0.12001200120012
173,1,5,0,1,0,1O,::::,,,,4,0.12001200120012
174,3,5,0,1,1,::,::1O1S:1O1S:1O1S,,,1L,4,0.12001200120012
175,2,4,0,1,1,:1O,::1O:1O1S,,,1L,4,0.12001200120012
176,1,5,0,1,1,,::1O:1O1S:1O1S,,,1L,4,0.12001200120012
177,4,5,0,1,0,::1O:1O,::::,,,,4,0.12001200120012
178,6,3,0,1,0,:::::,::,,,,4,0.12001200120012
179,6,3,0,1,0,:::::,::1S,,,,4,0.12001200120012
180,4,3,0,1,0,:::,:1S:1S,,,,4,0.12001200120012
181,4,4,1,1,0,:::1O,:::1S,,,,4,0.12001200120012
182,4,4,0,1,0,::1O:2O,:::1S,,,,4,0.12001200120012
183,2,5,0,1,1,:1O,:::1O1S:1O1S,,,1L,4,0.12001200120012
184,4,3,0,1,0,:::2O,::,,,,4,0.12001200120012
185,2,5,0,1,1,:1O,::1O1S:1O1S:1S,,,1L,4,0.12001200120012
186,2,5,0,1,1,:1O,::1O1S:1O1S:1O1S,,,1L,4,0.12001200120012
187,6,2,0,1,0,::::1O:2O,:,,,,4,0.12001200120012
188,2,6,0,1,0,:,::::1S:1S,,,,4,0.12001200120012
189,4,4,0,1,0,:::2O,:::1S,,,,4,0.12001200120012
190,1,6,0,1,2,1O,::1O:1O:1O1S:1O1S,,,1L:1L,3,0.09000900090009
191,2,5,1,1,0,:,::::,1O,,,3,0.09000900090009
192,2,5,0,1,2,:,::1O:1O1S:1O1S,,,1L:1L,3,0.09000900090009
193,2,5,0,1,2,:1O,::1O:1O:1O1S,,,1L:1L,3,0.09000900090009
194,2,5,0,1,2,:1O,:1O:1O1S:1O1S:1O1S,,,1L:1L,3,0.09000900090009
195,4,5,0,1,0,::1O:2O,::::,,,,3,0.09000900090009
196,5,2,1,1,0,::::,:1S,,,,3,0.09000900090009
197,3,3,1,1,1,::1O,:1O:1O1S,,,1L,3,0.09000900090009
198,2,6,0,1,1,:1O,::::1O1S:1O1S,,,1L,3,0.09000900090009
199,4,3,0,1,0,::1O:2O,::1S,,,,3,0.09000900090009
200,5,3,0,1,0,::::,::,,,,3,0.09000900090009
201,4,3,0,1,0,:::,::1O1S,,,,3,0.09000900090009
202,2,6,0,1,2,:,:::1O:1O1S:1O1S,,,1L:1L,3,0.09000900090009
203,2,6,0,1,1,1O:1O,:::1O:1O1S:1S,,,1L,3,0.09000900090009
204,2,6,0,1,2,:1O,:1O:1O1S:1O1S:1O1S:1S,,,1L:1L,3,0.09000900090009
205,2,6,0,1,0,:1O,:::::,,,,3,0.09000900090009
206,1,6,0,1,1,1O,::::1O:1O,,,1L,3,0.09000900090009
207,1,6,0,1,1,2O,:::1O:1O1S:1S,,,1L,3,0.09000900090009
208,5,3,0,1,0,:::1O:2O,::,,,,3,0.09000900090009
209,4,2,1,1,0,:::1O,:1S,,,,3,0.09000900090009
210,2,6,0,1,2,:1O,:::1O:1O1S:1O1S,,,1L:1L,3,0.09000900090009
211,4,3,1,1,0,::1O:1O,::,,,,3,0.09000900090009
212,4,3,1,1,0,:::1O,::,,,,3,0.09000900090009
213,3,3,1,1,0,::1O,::,,,,3,0.09000900090009
214,3,3,0,1,1,::1O,1O:1O:1O1S,,,1L,3,0.09000900090009
215,5,2,0,1,0,::1O:1O:1O,:1S,,,,3,0.09000900090009
216,4,4,0,1,2,:::1O,:1O:1O1S:1O1S,,,1L:1L,3,0.09000900090009
217,4,5,0,1,1,::1O:1O,:::1O:1O1S,,,1L,3,0.09000900090009
218,2,4,0,1,2,:,:1O:1O1S:1O1S,,,1L:1L,3,0.09000900090009
219,3,2,1,1,0,::1O,:,,,,3,0.09000900090009
220,3,6,0,1,1,::,:::1O:1O1S:1O1S,,,1L,3,0.09000900090009
221,3,6,0,1,1,::,:::1O:1O:1O1S,,,1L,3,0.09000900090009
222,2,3,0,1,0,:1O,::1S,,,,3,0.09000900090009
223,4,5,0,1,0,:::1O,::::1O1S,,,,3,0.09000900090009
224,3,3,1,1,0,::,::1S,,,,3,0.09000900090009
225,2,4,0,1,1,:,:1O1S:1O1S:1O1S,,,1L,3,0.09000900090009
226,2,4,0,1,0,:,::1S:1S,,,,3,0.09000900090009
227,2,4,0,1,0,:,::1O1S:1S,,,,3,0.09000900090009
228,3,6,0,1,1,::1O,:::1O:1O:1O1S,,,1L,3,0.09000900090009
229,2,4,0,1,0,1O:1O,:::1S,,,,3,0.09000900090009
230,4,5,0,1,0,:::,:::1S:1S,,,,3,0.09000900090009
231,4,5,0,1,1,:::,::1O:1O1S:1O1S,,,1L,3,0.09000900090009
232,4,4,0,1,1,:::1O,::1O1S:1O1S,,,1L,3,0.09000900090009
233,4,5,0,1,1,:::,:::1O:1O1S,,,1L,3,0.09000900090009
234,4,4,0,1,1,:::1O,:1O:1O1S:1O1S,,,1L,3,0.09000900090009
235,4,4,0,1,1,::1O:1O,:1O:1O1S:1O1S,,,1L,3,0.09000900090009
236,4,4,0,1,1,:1O:1O:2O,::1O:1O1S,,,1L,3,0.09000900090009
237,3,3,0,1,0,::2O,::1S,,,,3,0.09000900090009
238,2,5,0,1,0,:1O,:::1O1S:1S,,,,3,0.09000900090009
239,1,7,0,1,1,,::::1O:1O:1O1S,,,1L,3,0.09000900090009
240,2,7,0,1,0,:,::::::,,,,3,0.09000900090009
241,4,6,0,1,0,:::,:::::,,,,3,0.09000900090009
242,4,6,0,1,0,:::1O,:::::,,,,3,0.09000900090009
243,2,5,0,1,1,1O:1O,:::1O1S:1O1S,,,1L,3,0.09000900090009
244,2,5,0,1,1,:,:1O1S:1O1S:1O1S:1S,,,1L,3,0.09000900090009
245,4,5,0,1,0,::1O:1O,::::1S,,,,3,0.09000900090009
246,1,7,0,1,0,,::::::,,,,3,0.09000900090009
247,3,6,0,1,0,:1O:1O,:::::1S,,,,3,0.09000900090009
248,5,3,0,1,0,::::1O,:1S:1S,,,,3,0.09000900090009
249,2,6,0,1,2,:,::1O:1O:1O1S:1O1S,,,1L:1L,3,0.09000900090009
250,1,6,0,1,1,1O,::1O:1O:1O1S:1S,,,1L,3,0.09000900090009
251,3,4,1,1,0,::,:::1S,,,,3,0.09000900090009
252,3,5,1,1,0,::1O,::::,,,,3,0.09000900090009
253,5,3,0,1,1,:::1O:1O,:1O1S:1O1S,,,1L,3,0.09000900090009
254,3,5,0,1,1,:1O:1O,::1O:1O1S:1S,,,1L,3,0.09000900090009
255,5,4,0,1,1,:::1O:1O,::1O1S:1O1S,,,1L,3,0.09000900090009
256,3,5,0,1,1,:1O:1O,:::1O:1O1S,,,1L,3,0.09000900090009
257,5,5,0,1,0,::::1O,::::1S,,,,3,0.09000900090009
258,3,4,0,1,1,:1O:1O,:1O1S:1O1S:1S,,,1L,3,0.09000900090009
259,5,3,0,1,1,::::1O,:1O1S:1O1S,,,1L,3,0.09000900090009
260,3,5,1,1,0,::,::::,,,,3,0.09000900090009
261,3,4,0,1,2,::,1O:1O:1O1S:1O1S,,,1L:1L,3,0.09000900090009
262,3,5,0,1,1,:1O:2O,:::1O:1O1S,,,1L,3,0.09000900090009
263,7,2,0,1,0,:::::1O:1O,:,,,,3,0.09000900090009
264,6,1,0,1,0,:::::1O,,,,,3,0.09000900090009
265,5,3,1,1,0,::::,::1S,,,,3,0.09000900090009
266,1,4,0,1,0,,:::1S,,,,3,0.09000900090009
267,5,4,0,1,0,:::1O:1O,:::1S,,,,3,0.09000900090009
268,6,2,0,1,0,:::1O:1O:1O,:1S,,,,3,0.09000900090009
269,3,4,0,1,0,::1O,:::1O1S,,,,3,0.09000900090009
270,3,5,0,1,1,::,::1O:1O:1O1S,,,1L,3,0.09000900090009
271,3,4,0,1,2,::1O,1O:1O1S:1O1S:1O1S,,,1L:1L,3,0.09000900090009
272,3,4,0,1,2,::1O,:1O:1O1S:1O1S,,,1L:1L,3,0.09000900090009
273,6,2,0,1,0,:::::1O,:1S,,,,3,0.09000900090009
274,7,1,0,1,0,::::::1O,,,,,3,0.09000900090009
275,1,5,1,1,0,,::::1S,,,,3,0.09000900090009
276,1,6,0,1,1,,::1O1S:1O1S:1O1S:1S,,,1L,3,0.09000900090009
277,1,5,0,1,1,1O,::1O1S:1O1S:1O1S,,,1L,3,0.09000900090009
278,1,6,0,1,1,,:1O:1O:1O1S:1O1S:1S,,,1L,3,0.09000900090009
279,3,5,0,1,0,::1O,:::1O1S:1S,,,,3,0.09000900090009
280,3,5,1,1,0,::,::::1S,1O,,,3,0.09000900090009
281,1,5,0,1,1,1O,:1O1S:1O1S:1S:1S,,,1L,3,0.09000900090009
282,5,3,0,1,1,::1O:1O:1O,:1O:1O1S,,,1L,3,0.09000900090009
283,3,4,0,1,1,:1O:2O,::1O:1O1S,,,1L,3,0.09000900090009
284,1,6,0,1,0,1O,:::::,,,,3,0.09000900090009
285,1,4,0,1,0,1O,:::1S,,,,2,0.06000600060006
286,4,4,0,1,1,:1O:1O:1O,::1O1S:1O1S,,,1L,2,0.06000600060006
287,1,4,0,1,0,1O,::1S:1S,,,,2,0.06000600060006
288,4,4,0,1,1,:1O:1O:1O,:1O1S:1O1S:1S,,,1L,2,0.06000600060006
289,2,4,0,1,0,:2O,:::,,,,2,0.06000600060006
290,2,5,0,1,0,:2O,::::,,,,2,0.06000600060006
291,1,4,0,1,0,1O,:1S:1S:1S,,,,2,0.06000600060006
292,2,5,0,1,1,1O:1O,:1O:1O:1O1S:1S,,,1L,2,0.06000600060006
293,2,5,0,1,0,:1O,::1S:1S:1S,,,,2,0.06000600060006
294,6,2,0,1,0,:::1O:1O:1O,:,,,,2,0.06000600060006
295,2,4,0,1,1,1O:1O,:1O:1O1S:1O1S,,,1L,2,0.06000600060006
296,2,5,0,1,0,:2O,:::1S:1S,,,,2,0.06000600060006
297,1,5,0,1,1,,:1O1S:1O1S:1O1S:1S,,,1L,2,0.06000600060006
298,3,6,0,1,2,::,:::1O1S:1O1S:1O1S,,,1L:1L,2,0.06000600060006
299,2,5,0,1,1,1O:2O,:::1O1S:1O1S,,,1L,2,0.06000600060006
300,4,1,0,1,0,:::,,,,,2,0.06000600060006
301,0,8,1,1,2,,:::1O:1O:1O:1O1S:1O1S,,,1L:1L,2,0.06000600060006
302,1,5,0,1,1,,::1O1S:1O1S:1O1S,,,1L,2,0.06000600060006
303,2,5,0,1,1,:,:1O:1O1S:1O1S:1S,,,1L,2,0.06000600060006
304,3,5,0,1,1,::1O,::1O:1O:1S,,,1L,2,0.06000600060006
305,2,5,0,1,1,:,::1O:1O1S:1S,,,1L,2,0.06000600060006
306,2,5,0,1,1,:,::1O:1O:1O1S,,,1L,2,0.06000600060006
307,2,5,0,1,1,:,:::1O:1O1S,,,1L,2,0.06000600060006
308,4,4,0,1,0,:::1O,::1O:1S,,,,2,0.06000600060006
309,4,4,0,1,0,:::1O,:1S:1S:1S,,,,2,0.06000600060006
310,2,5,0,1,1,:1O,:1O:1O1S:1O1S:1S,,,1L,2,0.06000600060006
311,5,4,0,1,1,::::1O,::1O:1O1S,,,1L,2,0.06000600060006
312,4,4,0,1,0,:::,:::1O1S,,,,2,0.06000600060006
313,2,7,0,1,2,:,::::1O:1O1S:1O1S,,,1L:1L,2,0.06000600060006
314,2,7,0,1,0,:1O,::::1S:1S:1S,,,,2,0.06000600060006
315,3,4,0,1,2,:1O:1O,:1O1S:1O1S:1O1S,,,1L:1L,2,0.06000600060006
316,3,6,0,1,2,::1O,::1O:1O:1O1S:1O1S,,,1L:1L,2,0.06000600060006
317,2,7,0,1,1,:1O,::::1O:1O1S:1O1S,,,1L,2,0.06000600060006
318,5,5,0,1,0,::::,::::,,,,2,0.06000600060006
319,2,7,0,1,1,:1O,::::1O1S:1O1S:1O1S,,,1L,2,0.06000600060006
320,2,4,0,1,1,:1O,:1O1S:1O1S:1O1S,,,1L,2,0.06000600060006
321,4,4,0,1,1,:::1O,:1O:1O:1O1S,,,1L,2,0.06000600060006
322,4,4,0,1,1,:::1O,::1O:1O,,,1L,2,0.06000600060006
323,5,5,0,1,0,:::1O:1O,::::1S,,,,2,0.06000600060006
324,1,5,0,1,0,,::::,,,,2,0.06000600060006
325,4,4,0,1,2,:::,1O:1O1S:1O1S:1O1S,,,1L:1L,2,0.06000600060006
326,3,4,0,1,1,::,:1O:1O:1O1S,,,1L,2,0.06000600060006
327,2,4,0,1,2,:,:1O1S:1O1S:1O1S,,,1L:1L,2,0.06000600060006
328,4,4,0,1,2,:::,:1O:1O1S:1O1S,,,1L:1L,2,0.06000600060006
329,2,4,0,1,2,:,1O1S:1O1S:1O1S:1O1S,,,1L:1L,2,0.06000600060006
330,4,4,0,1,2,:::,1O:1O:1O1S:1O1S,,,1L:1L,2,0.06000600060006
331,2,4,0,1,1,:2O,::1O:1O1S,,,1L,2,0.06000600060006
332,4,4,0,1,1,:::1O,:1O1S:1O1S:1S,,,1L,2,0.06000600060006
333,2,4,1,1,0,:,::1S:1S,,,,2,0.06000600060006
334,1,5,0,1,1,,:1O:1O1S:1O1S:1S,,,1L,2,0.06000600060006
335,2,4,1,1,2,:,:1O1S:1O1S:1O1S,,,1L:1L,2,0.06000600060006
336,1,4,0,1,1,1O,:1O1S:1O1S:1S,,,1L,2,0.06000600060006
337,2,5,0,1,0,1O:2O,::::1S,,,,2,0.06000600060006
338,2,5,0,1,0,1O:1O,::::,,,,2,0.06000600060006
339,3,6,0,1,2,::,:::1O:1O1S:1O1S,,,1L:1L,2,0.06000600060006
340,1,4,0,1,1,1O,::1O1S:1O1S,,,1L,2,0.06000600060006
341,4,4,0,1,1,::1O:1O,:1O:1O1S:1S,,,1L,2,0.06000600060006
342,4,4,0,1,1,::1O:1O,::1O1S:1O1S,,,1L,2,0.06000600060006
343,3,4,0,1,1,::1O,:1O1S:1O1S:1O1S,,,1L,2,0.06000600060006
344,3,4,0,1,1,::1O,::1O:1O,,,1L,2,0.06000600060006
345,2,4,0,1,1,:,1O1S:1O1S:1O1S:1O1S,,,1L,2,0.06000600060006
346,2,4,1,1,1,:1O,:1O:1O1S:1S,,,1L,2,0.06000600060006
347,3,5,0,1,2,::,:1O:1O:1O1S:1O1S,,,1L:1L,2,0.06000600060006
348,2,5,0,1,1,:1O,:1O:1O:1O1S:1S,,,1L,2,0.06000600060006
349,2,4,0,1,1,:,:1O:1O1S:1O1S,,,1L,2,0.06000600060006
350,4,4,0,1,1,:::,:1O1S:1O1S:1O1S,,,1L,2,0.06000600060006
351,6,3,0,1,0,:::::,::1O1S,,,,2,0.06000600060006
352,0,8,0,1,1,,::::1O:1O1S:1O1S:1S,,,1L,2,0.06000600060006
353,4,3,0,1,1,:::1O,1O1S:1O1S:1O1S,,,1L,2,0.06000600060006
354,0,6,0,1,0,,:::::1S,,,,2,0.06000600060006
355,2,6,0,1,1,:,:::1O1S:1O1S:1O1S,,,1L,2,0.06000600060006
356,4,3,0,1,0,:::1O,::1O,,,,2,0.06000600060006
357,4,3,0,1,0,:::1O,::1O1S,,,,2,0.06000600060006
358,7,1,0,1,0,::::::,,,,,2,0.06000600060006
359,0,6,0,1,2,,::1O:1O1S:1O1S:1O1S,,,1L:1L,2,0.06000600060006
360,3,5,0,1,1,1O:1O:1O,:::1O:1O,,,1L,2,0.06000600060006
361,2,6,0,1,1,1O:1O,::::1O:1O,,,1L,2,0.06000600060006
362,0,6,0,1,2,,::1O:1O:1O1S:1S,,,1L:1L,2,0.06000600060006
363,3,5,0,1,1,:1O:1O,::1O:1O1S:1O1S,,,1L,2,0.06000600060006
364,2,6,0,1,0,:,:::::1O1S,,,,2,0.06000600060006
365,3,4,1,1,1,::1O,::1O1S:1O1S,,,1L,2,0.06000600060006
366,2,6,0,1,0,:,::::1O:1S,,,,2,0.06000600060006
367,2,6,0,1,0,:,:::1O:1S:1S,,,,2,0.06000600060006
368,4,3,0,1,1,::1O:1O,:1O:1O,,,1L,2,0.06000600060006
369,3,4,1,1,1,:1O:1O,::1O:1O1S,,,1L,2,0.06000600060006
370,4,3,0,1,1,::1O:2O,::1O1S,,,1L,2,0.06000600060006
371,7,2,0,1,0,:::::1O:1O,:1S,,,,2,0.06000600060006
372,2,6,0,1,1,:,:::1O:1O:1O1S,,,1L,2,0.06000600060006
373,0,6,0,1,0,,::::1O1S:1S,,,,2,0.06000600060006
374,3,5,0,1,0,::1O,::::1O1S,,,,2,0.06000600060006
375,2,6,0,1,2,:,::1O1S:1O1S:1O1S:1S,,,1L:1L,2,0.06000600060006
376,2,6,0,1,2,:,::1O:1O:1O1S:1S,,,1L:1L,2,0.06000600060006
377,2,6,0,1,2,1O:1O,:::1O:1O:1O1S,,,1L:1L,2,0.06000600060006
378,2,6,0,1,2,1O:1O,:::1O1S:1O1S:1O1S,,,1L:1L,2,0.06000600060006
379,4,3,0,1,0,::1O:1O,:1S:1S,,,,2,0.06000600060006
380,3,5,0,1,0,::1O,::1S:1S:1S,,,,2,0.06000600060006
381,4,3,0,1,0,::1O:2O,:1S:1S,,,,2,0.06000600060006
382,3,5,0,1,0,::,:::1S:1S,,,,2,0.06000600060006
383,7,2,0,1,0,::::::1O,:,,,,2,0.06000600060006
384,2,6,0,1,1,:1O,:::1O:1O:1O1S,,,1L,2,0.06000600060006
385,3,5,0,1,0,::,:::1O:1S,,,,2,0.06000600060006
386,2,6,0,1,1,:1O,::1O:1O:1O1S:1S,,,1L,2,0.06000600060006
387,7,3,0,1,0,::::::,::1S,,,,2,0.06000600060006
388,2,6,0,1,1,:1O,::1O:1O1S:1O1S:1S,,,1L,2,0.06000600060006
389,3,5,0,1,0,::2O,::::,,,,2,0.06000600060006
390,2,6,0,1,1,:1O,::1O1S:1O1S:1O1S:1S,,,1L,2,0.06000600060006
391,4,2,1,1,0,:::,:1S,,,,2,0.06000600060006
392,4,3,0,1,1,:::1O,:1O1S:1O1S,,,1L,2,0.06000600060006
393,6,2,0,1,0,:::::2O,:,,,,2,0.06000600060006
394,2,6,0,1,2,:1O,:::1O1S:1O1S:1O1S,,,1L:1L,2,0.06000600060006
395,4,4,0,1,0,:1O:1O:1O,:::,,,,2,0.06000600060006
396,3,5,0,1,1,::,:1O:1O1S:1O1S:1S,,,1L,2,0.06000600060006
397,2,5,0,1,2,:1O,::1O:1O1S:1O1S,,,1L:1L,2,0.06000600060006
398,2,5,0,1,2,:1O,::1O1S:1O1S:1O1S,,,1L:1L,2,0.06000600060006
399,2,5,0,1,2,:,::1O:1O:1O1S,,,1L:1L,2,0.06000600060006
400,6,3,0,1,0,:::::1O,::1O,,,,2,0.06000600060006
401,0,7,1,1,1,,:::1O:1O1S:1O1S:1S,,,1L,2,0.06000600060006
402,2,6,1,1,1,:1O,::::1O:1O1S,1O,,1L,2,0.06000600060006
403,4,4,0,1,0,::1O:1O,::1S:1S,,,,2,0.06000600060006
404,2,5,0,1,2,:,:1O:1O1S:1O1S:1S,,,1L:1L,2,0.06000600060006
405,1,5,0,1,1,,:::1O:1O1S,,,1L,2,0.06000600060006
406,6,3,0,1,0,:::::,:1S:1S,,,,2,0.06000600060006
407,4,4,0,1,0,::1O:2O,::1O1S:1S,,,,2,0.06000600060006
408,6,3,0,1,0,:::1O:1O:1O,::,,,,2,0.06000600060006
409,2,5,0,1,1,:1O,:::1O:1O,,,1L,2,0.06000600060006
410,0,8,0,1,0,,::::::1S:1S,,,,2,0.06000600060006
411,3,5,0,1,1,::1O,::1O:1O:1O1S,,,1L,2,0.06000600060006
412,6,3,0,1,1,::::1O:1O,:1O:1O1S,,,1L,2,0.06000600060006
413,4,2,0,1,0,::1O:1O,:1S,,,,2,0.06000600060006
414,4,2,0,1,0,::1O:2O,:,,,,2,0.06000600060006
415,4,2,0,1,0,:::2O,:,,,,2,0.06000600060006
416,4,2,1,1,0,::1O:1O,:,,,,2,0.06000600060006
417,2,5,1,1,2,:,::1O:1O1S:1O1S,,,1L:1L,2,0.06000600060006
418,6,4,0,1,0,:::::1O,:::,,,,2,0.06000600060006
419,4,3,1,1,0,::1O:1O,::1S,,,,2,0.06000600060006
420,0,7,0,1,0,,::::::,,,,2,0.06000600060006
421,2,5,1,1,1,:1O,::1O:1O1S:1O1S,,,1L,2,0.06000600060006
422,4,3,1,1,0,:::,::,1O,,,2,0.06000600060006
423,4,3,1,1,0,:::1O,::,1O,,,2,0.06000600060006
424,4,2,0,1,0,:::,1S:1S,,,,2,0.06000600060006
425,0,7,0,1,1,,:::1O:1O1S:1O1S:1S,,,1L,2,0.06000600060006
426,2,6,0,2,1,:1O,::::1O:1O1S,,1S:1S:1S:2S:3S:3S:3S:3S,1L,2,0.06000600060006
427,4,3,1,1,1,::1O:1O,:1O:1O,,,1L,2,0.06000600060006
428,2,5,1,1,0,:1O,::::,,,,2,0.06000600060006
429,6,3,0,1,1,:::::1O,:1O:1O1S,,,1L,2,0.06000600060006
430,6,3,0,1,1,::::1O:2O,:1O:1O1S,,,1L,2,0.06000600060006
431,2,5,1,1,0,:,:::1S:1S,,,,2,0.06000600060006
432,5,4,0,1,1,::::1O,::1O1S:1O1S,,,1L,2,0.06000600060006
433,3,5,0,1,0,::1O,:::1O:1S,,,,2,0.06000600060006
434,2,7,0,1,2,:1O,::1O:1O:1O1S:1O1S:1S,,,1L:1L,2,0.06000600060006
435,1,7,0,1,1,1O,::::1O:1O1S:1O1S,,,1L,2,0.06000600060006
436,3,5,0,1,2,::1O,1O:1O:1O:1O1S:1O1S,,,1L:1L,2,0.06000600060006
437,3,4,0,1,0,::2O,:::,,,,2,0.06000600060006
438,1,7,0,1,1,,::::1O1S:1O1S:1O1S,,,1L,2,0.06000600060006
439,4,6,0,1,0,:::,:::::1S,,,,2,0.06000600060006
440,1,5,1,1,0,1O,::::1S,,,,2,0.06000600060006
441,1,5,1,1,0,2O,::::,,,,2,0.06000600060006
442,5,3,1,1,0,::::1O,::1S,,,,2,0.06000600060006
443,1,7,0,1,1,,::1O:1O:1O1S:1S:1S,,,1L,2,0.06000600060006
444,1,7,0,1,0,1O,::::::1S,,,,2,0.06000600060006
445,5,3,1,1,0,::::1O,::,,,,2,0.06000600060006
446,1,7,0,1,0,1O,:::::1S:1S,,,,2,0.06000600060006
447,1,7,0,1,0,,::::::1S,,,,2,0.06000600060006
448,3,6,0,1,0,::,::::1S:1S,,,,2,0.06000600060006
449,1,5,1,1,1,1O,::1O:1O1S:1S,,,1L,2,0.06000600060006
450,1,7,0,1,0,,:::::1S:1S,,,,2,0.06000600060006
451,3,3,0,1,2,::1O,1O1S:1O1S:1O1S,,,1L:1L,2,0.06000600060006
452,1,5,1,1,1,1O,:::1O1S:1O1S,,,1L,2,0.06000600060006
453,1,7,0,1,1,1O,:::1O:1O1S:1O1S:1S,,,1L,2,0.06000600060006
454,3,3,0,1,1,:1O:1O,:1O:1O1S,,,1L,2,0.06000600060006
455,1,8,0,1,1,,:::::1O:1O1S:1O1S,,,1L,2,0.06000600060006
456,3,4,0,1,0,::2O,:::1S,,,,2,0.06000600060006
457,3,4,0,1,1,1O:1O:2O,::1O1S:1O1S,,,1L,2,0.06000600060006
458,3,3,0,1,0,:1O:1O,:1S:1S,,,,2,0.06000600060006
459,3,3,0,1,0,:1O:1O,::,,,,2,0.06000600060006
460,1,8,0,1,0,,::::::1S:1S,,,,2,0.06000600060006
461,3,5,0,1,2,::2O,::1O:1O1S:1O1S,,,1L:1L,2,0.06000600060006
462,5,4,0,1,0,:::1O:2O,:::,,,,2,0.06000600060006
463,3,3,0,1,0,:1O:1O,::1S,,,,2,0.06000600060006
464,4,5,0,1,1,:::1O,::1O:1O:1O1S,,,1L,2,0.06000600060006
465,4,5,0,1,1,:::1O,::1O:1O:1S,,,1L,2,0.06000600060006
466,4,5,0,1,1,:::1O,:::1O1S:1O1S,,,1L,2,0.06000600060006
467,4,5,0,1,1,:::1O,:::1O:1O1S,,,1L,2,0.06000600060006
468,5,4,0,1,0,::1O:1O:2O,:::1S,,,,2,0.06000600060006
469,1,5,1,1,0,,:::1S:1S,1O,,,2,0.06000600060006
470,1,7,0,1,2,,:::1O:1O1S:1O1S:1O1S,,,1L:1L,2,0.06000600060006
471,1,5,1,1,0,,::::,,,,2,0.06000600060006
472,3,3,0,1,0,::2O,:1S:1S,,,,2,0.06000600060006
473,1,7,0,1,2,,::1O:1O1S:1O1S:1O1S:1S,,,1L:1L,2,0.06000600060006
474,3,6,0,1,0,:1O:1O,:::::,,,,2,0.06000600060006
475,5,1,0,1,0,:::1O:1O,,,,,2,0.06000600060006
476,5,1,0,1,0,:::1O:1O,1S,,,,2,0.06000600060006
477,5,3,1,1,0,::::,:1S:1S,,,,2,0.06000600060006
478,3,4,0,1,0,::,:1O1S:1S:1S,,,,2,0.06000600060006
479,5,2,1,1,0,::::1O,:,,,,2,0.06000600060006
480,5,2,1,1,0,::::1O,:1S,,,,2,0.06000600060006
481,1,6,0,1,0,,::::1O:1S,,,,2,0.06000600060006
482,5,3,0,1,0,:1O:1O:1O:1O,::,,,,2,0.06000600060006
483,1,6,0,1,0,,::::1S:1S,,,,2,0.06000600060006
484,1,6,0,1,2,,::1O:1O:1O1S:1O1S,,,1L:1L,2,0.06000600060006
485,1,6,0,1,2,,::1O:1O1S:1O1S:1O1S,,,1L:1L,2,0.06000600060006
486,3,4,0,1,0,:2O:2O,:::1S,,,,2,0.06000600060006
487,3,4,0,1,0,:1O:2O,:::1S,,,,2,0.06000600060006
488,3,4,0,1,0,1O:1O:1O,:::1S,,,,2,0.06000600060006
489,3,4,0,1,0,:1O:2O,:::,,,,2,0.06000600060006
490,5,3,0,1,0,:::1O:2O,::1S,,,,2,0.06000600060006
491,3,5,1,1,0,::1O,::::1S,1O,,,2,0.06000600060006
492,1,6,0,1,1,1O,::::1O:1O1S,,,1L,2,0.06000600060006
493,1,6,0,1,1,1O,::::1O1S:1O1S,,,1L,2,0.06000600060006
494,3,5,1,1,0,::1O,::::1S,,,,2,0.06000600060006
495,1,6,0,1,0,,::::1O1S:1S,,,,2,0.06000600060006
496,5,2,1,1,0,::::,:,,,,2,0.06000600060006
497,5,2,0,1,1,:::1O:1O,1O1S:1O1S,,,1L,2,0.06000600060006
498,1,6,1,1,0,1O,:::::1S,,,,2,0.06000600060006
499,5,2,0,1,0,::1O:1O:1O,:,,,,2,0.06000600060006
500,5,3,0,1,1,::::2O,:1O:1O1S,,,1L,2,0.06000600060006
501,5,2,0,1,0,::1O:1O:2O,:,,,,2,0.06000600060006
502,5,3,0,1,1,::::1O,1O:1O:1S,,,1L,2,0.06000600060006
503,3,4,0,1,0,::,::1O:1S,,,,2,0.06000600060006
504,3,3,1,1,0,::1O,::1S,1O,,,2,0.06000600060006
505,5,2,0,1,0,:::1O:2O,:1S,,,,2,0.06000600060006
506,3,4,0,1,0,::,::1O1S:1S,,,,2,0.06000600060006
507,3,5,1,1,1,::1O,::1O:1O:1S,,,1L,2,0.06000600060006
508,3,4,0,1,0,::,:1S:1S:1S,,,,2,0.06000600060006
509,5,3,0,1,1,:::1O:1O,:1O:1O1S,,,1L,2,0.06000600060006
510,1,6,1,1,0,,:::::,,,,2,0.06000600060006
511,1,6,1,1,0,,::::1S:1S,,,,2,0.06000600060006
512,5,2,0,1,0,::::2O,:,,,,2,0.06000600060006
513,3,3,1,1,0,::2O,::,,,,2,0.06000600060006
514,5,2,0,1,1,::1O:1O:1O,1O1S:1O1S,,,1L,2,0.06000600060006
515,1,5,0,1,2,1O,::1O:1O1S:1O1S,,,1L:1L,2,0.06000600060006
516,2,6,0,1,2,:,::1O:1O1S:1O1S:1S,,,1L:1L,2,0.06000600060006
517,2,3,0,1,1,:1O,:1O1S:1O1S,,,1L,2,0.06000600060006
518,2,4,0,1,0,1O:1O,:::,,,,2,0.06000600060006
519,2,3,0,1,0,:,::,,,,2,0.06000600060006
520,1,8,0,1,2,,::::1O:1O1S:1O1S:1S,,,1L:1L,2,0.06000600060006
521,4,5,0,1,0,:::2O,::::,,,,2,0.06000600060006
522,1,8,0,1,2,,::::1O:1O1S:1O1S:1O1S,,,1L:1L,2,0.06000600060006
523,4,5,0,1,1,:1O:1O:1O,:::1O:1O1S,,,1L,2,0.06000600060006
524,2,3,0,1,0,:1O,::,,,,2,0.06000600060006
525,3,2,0,1,0,::1O,:1S,,,,2,0.06000600060006
526,5,4,0,1,1,:::1O:2O,::1O1S:1O1S,,,1L,2,0.06000600060006
527,1,5,0,1,2,,:1O:1O1S:1O1S:1O1S,,,1L:1L,2,0.06000600060006
528,1,5,0,1,1,2O,::1O:1O1S:1S,,,1L,2,0.06000600060006
529,1,5,0,1,1,1O,:::1O:1O1S,,,1L,2,0.06000600060006
530,5,4,0,1,0,::::2O,:::1S,,,,2,0.06000600060006
531,3,4,0,1,1,:1O:1O,:1O:1O1S:1S,,,1L,2,0.06000600060006
532,1,5,0,1,1,1O,:::1O1S:1O1S,,,1L,2,0.06000600060006
533,2,3,0,1,0,:,:1S:1S,,,,2,0.06000600060006
534,4,5,0,1,1,::1O:1O,::1O:1O1S:1O1S,,,1L,2,0.06000600060006
535,1,5,0,1,2,,:1O:1O1S:1O1S:1S,,,1L:1L,2,0.06000600060006
536,1,5,0,1,2,,::1O:1O1S:1O1S,,,1L:1L,2,0.06000600060006
537,1,5,0,1,1,1O,::1O1S:1O1S:1S,,,1L,2,0.06000600060006
538,1,5,0,1,1,1O,::1O:1O1S:1O1S,,,1L,2,0.06000600060006
539,2,4,0,1,0,1O:2O,:::,,,,2,0.06000600060006
540,2,3,0,1,1,:1O,:1O:1O1S,,,1L,2,0.06000600060006
541,1,8,0,1,2,,::1O:1O:1O:1O:1O1S:1O1S,,,1L:1L,2,0.06000600060006
542,1,5,0,1,1,1O,:1O:1O1S:1S:1S,,,1L,2,0.06000600060006
543,3,6,0,1,1,::1O,:::1O:1O:1S,,,1L,1,0.03000300030003
544,3,5,0,1,2,::1O,:1O:1O1S:1O1S:1S,,,1L:1L,1,0.03000300030003
545,3,5,0,1,1,:1O:1O,:::1O:1O,,,1L,1,0.03000300030003
546,4,2,1,1,0,:::2O,:,,,,1,0.03000300030003
547,3,5,0,1,2,::,1O:1O:1O:1O1S:1S,,,1L:1L,1,0.03000300030003
548,3,5,0,1,1,:1O:1O,::1O:1O:1O1S,,,1L,1,0.03000300030003
549,4,2,1,1,0,:::1O,1S:1S,,,,1,0.03000300030003
550,3,6,0,1,1,:1O:1O,::::1O:1O,,,1L,1,0.03000300030003
551,4,2,1,1,0,:::,:1O1S,,,,1,0.03000300030003
552,3,6,1,1,0,::,:::1S:1S:1S,,,,1,0.03000300030003
553,4,2,0,1,1,1O:1O:1O:1O,1O:1O1S,,,1L,1,0.03000300030003
554,3,5,1,1,0,::,::::,1O,,,1,0.03000300030003
555,3,5,0,1,1,:1O:2O,::1O:1O1S:1O1S,,,1L,1,0.03000300030003
556,4,2,0,1,1,:1O:1O:1O,1O:1O1S,,,1L,1,0.03000300030003
557,3,5,1,1,1,::1O,:::1O:1O1S,,,1L,1,0.03000300030003
558,4,2,0,1,1,::1O:2O,:1O,,,1L,1,0.03000300030003
559,4,2,0,1,1,:::1O,1O:1O1S,,,1L,1,0.03000300030003
560,3,5,0,1,1,:1O:1O,::1O1S:1O1S:1S,,,1L,1,0.03000300030003
561,4,2,0,2,1,::1O:1O,:1O1S,,2S:2S:2S:3S:3S:4S:4S:4S,1L,1,0.03000300030003
562,3,6,1,1,0,:1O:2O,::::1S:1S,1O,,,1,0.03000300030003
563,3,5,0,1,1,:1O:2O,:1O:1O1S:1O1S:1S,,,1L,1,0.03000300030003
564,3,5,0,1,1,:1O:1O,:::1O:1S,,,1L,1,0.03000300030003
565,3,5,1,1,1,::1O,:::1O:1O,,,1L,1,0.03000300030003
566,4,2,1,1,0,:::,:,,,,1,0.03000300030003
567,4,2,1,1,1,::1O:1O,:1O1S,1O,,1L,1,0.03000300030003
568,4,2,1,1,1,:::1O,:1O1S,2O1S,,1L,1,0.03000300030003
569,3,5,0,1,1,:1O:1O,:1O:1O1S:1S:1S,,,1L,1,0.03000300030003
570,3,6,0,1,2,::,:1O:1O:1O1S:1O1S:1O1S,,,1L:1L,1,0.03000300030003
571,3,6,0,1,2,::,:::1O:1O:1O1S,,,1L:1L,1,0.03000300030003
572,3,5,1,1,1,:1O:1O,:::1O1S:1O1S,1O,,1L,1,0.03000300030003
573,3,5,1,1,1,:1O:1O,::1O:1O1S:1S,,,1L,1,0.03000300030003
574,3,5,0,1,0,::2O,:::1S:1S,,,,1,0.03000300030003
575,3,6,0,1,2,::,:1O:1O:1O:1O1S:1O1S,,,1L:1L,1,0.03000300030003
576,3,6,0,1,2,::,:1O:1O:1O:1O:1O1S,,,1L:1L,1,0.03000300030003
577,3,5,0,1,0,::2O,:::1O:1S,,,,1,0.03000300030003
578,3,6,0,1,2,::,::1O:1O1S:1O1S:1S,,,1L:1L,1,0.03000300030003
579,3,5,1,1,1,:1O:1O,::1O1S:1O1S:1S,,,1L,1,0.03000300030003
580,3,5,1,1,0,::2O,::::1S,1O,,,1,0.03000300030003
581,3,5,1,1,0,::2O,::::1S,,,,1,0.03000300030003
582,3,5,0,1,2,::,:1O:1O:1O1S:1S,,,1L:1L,1,0.03000300030003
583,4,3,0,1,0,1O:1O:1O:1O,:1S:1S,,,,1,0.03000300030003
584,3,5,0,1,2,::1O,:1O:1O1S:1O1S:1O1S,,,1L:1L,1,0.03000300030003
585,3,5,0,1,2,::,::1O1S:1O1S:1O1S,,,1L:1L,1,0.03000300030003
586,3,5,0,1,2,::,::1O:1O:1O1S,,,1L:1L,1,0.03000300030003
587,3,6,0,1,2,::,::1O:1O1S:1O1S:1O1S,,,1L:1L,1,0.03000300030003
588,3,6,0,1,2,::1O,:1O1S:1O1S:1O1S:1O1S:1O1S,,,1L:1L,1,0.03000300030003
589,3,6,0,1,2,::1O,:1O:1O1S:1O1S:1S:1S,,,1L:1L,1,0.03000300030003
590,3,5,0,1,1,1O:1O:2O,::1O:1O1S:1O1S,,,1L,1,0.03000300030003
591,3,6,0,1,2,:1O:2O,:::1O1S:1O1S:1O1S,,,1L:1L,1,0.03000300030003
592,3,6,0,1,2,::1O,:1O:1O:1O1S:1O1S:1S,,,1L:1L,1,0.03000300030003
593,4,2,1,1,1,:::,1O:1O1S,3O1S,,1L,1,0.03000300030003
594,3,6,1,1,0,::,:::::1S,,,,1,0.03000300030003
595,3,5,0,1,1,1O:1O:1O,:::1O:1O1S,,,1L,1,0.03000300030003
596,3,6,0,1,1,::1O,::::1O1S:1O1S,,,1L,1,0.03000300030003
597,3,6,0,1,1,::2O,::1O:1O:1O1S:1S,,,1L,1,0.03000300030003
598,3,5,1,1,1,::1O,::1O:1O:1O1S,,,1L,1,0.03000300030003
599,3,5,0,1,1,1O:1O:1O,::1O:1O:1S,,,1L,1,0.03000300030003
600,4,2,2,1,0,:::1O,:1S,:,,,1,0.03000300030003
601,3,5,1,1,1,::1O,::1O:1O1S:1S,1O,,1L,1,0.03000300030003
602,3,5,1,1,1,::1O,::1O:1O1S:1O1S,,,1L,1,0.03000300030003
603,3,5,1,1,1,::,::1O:1O:1O1S,,,1L,1,0.03000300030003
604,3,5,1,1,1,:1O:1O,:::1O:1S,1O1S,,1L,1,0.03000300030003
605,3,5,0,1,0,::2O,::::1O1S,,,,1,0.03000300030003
606,3,6,0,1,1,::2O,:::1O:1O1S:1O1S,,,1L,1,0.03000300030003
607,3,6,0,1,1,::2O,:::1O:1O:1S,,,1L,1,0.03000300030003
608,3,6,0,1,2,:1O:1O,::1O:1O:1O1S:1S,,,1L:1L,1,0.03000300030003
609,3,5,1,1,1,::1O,:::1O:1O1S,1O,,1L,1,0.03000300030003
610,3,6,0,1,0,1O:1O:1O,:::::1O,,,,1,0.03000300030003
611,3,5,1,1,1,::1O,:::1O:1O1S,2O1S,,1L,1,0.03000300030003
612,4,2,0,1,0,:::2O,:1S,,,,1,0.03000300030003
613,3,7,0,1,1,::,::::1O:1O:1O1S,,,1L,1,0.03000300030003
614,3,6,0,1,1,:1O:1O,:::1O:1O1S:1S,,,1L,1,0.03000300030003
615,3,5,0,1,1,::1O,:::1O:1O,,,1L,1,0.03000300030003
616,3,7,0,1,1,::,:1O:1O:1O:1O1S:1S:1S,,,1L,1,0.03000300030003
617,3,6,0,1,1,::,::1O:1O:1O1S:1S,,,1L,1,0.03000300030003
618,3,5,0,2,1,::1O,:::1O:1O,,1S:1S:1S:2S:3S:3S:3S:3S,1L,1,0.03000300030003
619,3,7,0,1,1,:1O:1O,::::1O:1O1S:1S,,,1L,1,0.03000300030003
620,3,6,0,1,1,1O:1O:1O,:::1O:1O:1S,,,1L,1,0.03000300030003
621,3,6,0,1,1,1O:1O:1O,:::1O:1O1S:1S,,,1L,1,0.03000300030003
622,3,6,0,1,0,::2O,:::::,,,,1,0.03000300030003
623,4,1,0,1,0,:::1O,,,,,1,0.03000300030003
624,3,6,0,1,0,::1O,:::::1O1S,,,,1,0.03000300030003
625,3,7,0,1,0,::,::::::,,,,1,0.03000300030003
626,3,7,0,1,0,:1O:1O,::::::1S,,,,1,0.03000300030003
627,3,5,0,1,1,::1O,::1O:1O:1O,,,1L,1,0.03000300030003
628,3,5,0,1,2,:1O:1O,:1O:1O:1O1S:1O1S,,,1L:1L,1,0.03000300030003
629,3,5,0,1,1,::1O,:1O:1O:1O:1S,,,1L,1,0.03000300030003
630,3,5,0,2,1,:1O:1O,:::1O1S:1O1S,,1S:1S:1S:2S:2S:3S:3S:3S,1L,1,0.03000300030003
631,3,7,0,1,1,::1O,:::1O:1O:1O:1O1S,,,1L,1,0.03000300030003
632,4,1,0,1,0,::1O:1O,,,,,1,0.03000300030003
633,3,7,0,1,1,::1O,::::1O:1O:1O1S,,,1L,1,0.03000300030003
634,3,5,0,1,1,::2O,::1O:1O1S:1O1S,,,1L,1,0.03000300030003
635,3,5,0,1,1,::2O,:1O:1O:1O1S:1S,,,1L,1,0.03000300030003
636,3,6,0,1,1,:1O:1O,:::1O:1O:1S,,,1L,1,0.03000300030003
637,3,5,0,1,1,::2O,::1O:1O1S:1S,,,1L,1,0.03000300030003
638,3,5,0,1,1,::2O,::1O:1O:1O1S,,,1L,1,0.03000300030003
639,3,6,0,1,1,:1O:1O,::::1O:1O1S,,,1L,1,0.03000300030003
640,3,5,0,1,2,1O:1O:1O,::1O:1O:1O1S,,,1L:1L,1,0.03000300030003
641,3,7,0,1,2,:1O:1O,::1O:1O:1O1S:1O1S:1O1S,,,1L:1L,1,0.03000300030003
642,3,7,0,1,1,::1O,::::1O:1O1S:1O1S,,,1L,1,0.03000300030003
643,3,6,0,1,1,:1O:1O,:::::1O1S,,,1L,1,0.03000300030003
644,3,6,0,1,1,:1O:1O,:::1O:1O:1O1S,,,1L,1,0.03000300030003
645,3,7,0,1,2,::,::1O:1O:1O1S:1O1S:1O1S,,,1L:1L,1,0.03000300030003
646,3,5,0,1,1,::2O,:1O:1O1S:1O1S:1S,,,1L,1,0.03000300030003
647,3,8,0,1,1,::1O,:::::1O:1O1S:1S,,,1L,1,0.03000300030003
648,3,5,0,1,2,::2O,::1O:1O:1O1S,,,1L:1L,1,0.03000300030003
649,3,5,0,1,2,:1O:1O,:1O1S:1O1S:1O1S:1O1S,,,1L:1L,1,0.03000300030003
650,3,6,1,1,1,::1O,:::1O:1O:1S,,,1L,1,0.03000300030003
651,3,5,1,1,0,:1O:1O,::::1S,,,,1,0.03000300030003
652,3,5,0,1,1,::1O,:1O:1O1S:1S:1S,,,1L,1,0.03000300030003
653,4,2,0,1,0,:::,:1S,,,,1,0.03000300030003
654,4,2,0,1,0,::1O:2O,:1S,,,,1,0.03000300030003
655,3,6,0,1,1,::1O,::1O:1O1S:1O1S:1S,,,1L,1,0.03000300030003
656,3,6,0,1,0,::,::::1O:1S,,,,1,0.03000300030003
657,3,5,0,1,1,::,1O:1O1S:1O1S:1S:1S,,,1L,1,0.03000300030003
658,3,6,0,1,0,::,::::1O:1O1S,,,,1,0.03000300030003
659,3,5,0,1,1,:2O:2O,:::1O1S:1O1S,,,1L,1,0.03000300030003
660,3,6,0,1,0,:2O:2O,:::::1S,,,,1,0.03000300030003
661,3,5,0,1,2,:1O:1O,::1O:1O1S:1O1S,,,1L:1L,1,0.03000300030003
662,3,6,1,1,0,::1O,::::1S:1S,,,,1,0.03000300030003
663,3,5,0,1,2,::,1O:1O:1O:1O1S:1O1S,,,1L:1L,1,0.03000300030003
664,4,2,0,1,0,:::1O,1S:1S,,,,1,0.03000300030003
665,3,5,0,1,1,:1O:2O,:::1O:1O,,,1L,1,0.03000300030003
666,3,6,0,1,0,:1O:1O,::::1O:1S,,,,1,0.03000300030003
667,3,6,0,1,1,:1O:1O,::::1O1S:1O1S,,,1L,1,0.03000300030003
668,3,5,2,1,0,:1O:1O,::::,:,,,1,0.03000300030003
669,3,5,0,1,1,:1O:2O,::1O:1O1S:1S,,,1L,1,0.03000300030003
670,3,5,0,1,2,::1O,:1O:1O:1O1S:1O1S,,,1L:1L,1,0.03000300030003
671,3,5,0,1,2,:1O:1O,::1O1S:1O1S:1O1S,,,1L:1L,1,0.03000300030003
672,4,1,0,1,0,:::1O,1O1S,,,,1,0.03000300030003
673,3,5,1,1,0,::,:::1O1S:1S,1O,,,1,0.03000300030003
674,3,5,0,1,1,::1O,:1O:1O1S:1O1S:1S,,,1L,1,0.03000300030003
675,4,1,0,1,0,:::1O,1S,,,,1,0.03000300030003
676,3,6,0,1,1,::,::1O:1O:1O:1S,,,1L,1,0.03000300030003
677,3,5,0,1,1,::,:::1O:1O1S,,,1L,1,0.03000300030003
678,4,1,1,1,0,:::,,,,,1,0.03000300030003
679,3,6,0,1,0,::1O,::::1S:1S,,,,1,0.03000300030003
680,3,6,1,1,1,:1O:1O,:::1O:1O1S:1S,,,1L,1,0.03000300030003
681,3,6,1,1,1,1O:1O:1O,::::1O:1O1S,,,1L,1,0.03000300030003
682,3,6,0,1,0,::,:::::1O,,,,1,0.03000300030003
683,3,6,1,1,0,::1O,:::::1S,,,,1,0.03000300030003
684,3,5,0,1,2,:1O:1O,:1O:1O:1O1S:1S,,,1L:1L,1,0.03000300030003
685,3,6,1,1,0,::1O,:::::,1O,,,1,0.03000300030003
686,4,1,1,1,0,:::1O,1S,,,,1,0.03000300030003
687,4,2,0,1,0,:1O:1O:1O,:,,,,1,0.03000300030003
688,3,6,0,1,0,::1O,::::1O:1S,,,,1,0.03000300030003
689,4,2,0,1,0,:1O:1O:2O,:1S,,,,1,0.03000300030003
690,3,6,0,1,2,::1O,:::1O1S:1O1S:1O1S,,,1L:1L,1,0.03000300030003
691,0,4,0,1,1,,::1O1S:1O1S,,,1L,1,0.03000300030003
692,4,3,0,1,0,1O:1O:1O:1O,::,,,,1,0.03000300030003
693,5,4,0,1,1,::::,1O:1O:1O1S:1S,,,1L,1,0.03000300030003
694,5,4,0,1,1,:::1O:1O,::1O:1O,,,1L,1,0.03000300030003
695,5,4,0,1,1,::1O:1O:2O,::1O:1O1S,,,1L,1,0.03000300030003
696,5,4,0,1,1,::1O:1O:1O,1O:1O1S:1S:1S,,,1L,1,0.03000300030003
697,5,4,0,1,0,::::2O,:::,,,,1,0.03000300030003
698,5,4,0,1,0,::::1O,::1S:1S,,,,1,0.03000300030003
699,5,4,0,1,0,::::1O,::1O1S:1S,,,,1,0.03000300030003
700,5,4,0,1,0,:::1O:2O,::1S:1S,,,,1,0.03000300030003
701,5,4,0,1,0,:::1O:1O,::1S:1S,,,,1,0.03000300030003
702,5,4,0,1,0,::1O:1O:2O,:::,,,,1,0.03000300030003
703,5,4,0,1,0,::1O:1O:1O,:::1S,,,,1,0.03000300030003
704,5,4,0,1,0,::1O:1O:1O,:::,,,,1,0.03000300030003
705,5,4,0,1,0,:1O:1O:1O:2O,:::,,,,1,0.03000300030003
706,5,3,1,1,1,::::1O,:1O1S:1O1S,,,1L,1,0.03000300030003
707,5,3,1,1,1,:::1O:1O,::1O,1O,,1L,1,0.03000300030003
708,5,3,1,1,0,::::1O,::1O1S,,,,1,0.03000300030003
709,5,4,0,1,1,:::2O:2O,::1O:1O1S,,,1L,1,0.03000300030003
710,5,4,0,1,1,::::,:1O1S:1O1S:1O1S,,,1L,1,0.03000300030003
711,5,2,0,1,0,:1O:1O:1O:1O,:,,,,1,0.03000300030003
712,5,4,0,1,1,::::1O,:1O:1O1S:1O1S,,,1L,1,0.03000300030003
713,5,5,0,1,1,:::1O:1O,:::1O:1O,,,1L,1,0.03000300030003
714,5,5,0,1,0,::::2O,::::,,,,1,0.03000300030003
715,5,5,0,1,0,::::,::::1O,,,,1,0.03000300030003
716,5,5,0,1,0,:::1O:2O,::::1S,,,,1,0.03000300030003
717,5,5,0,1,0,:::1O:2O,::::,,,,1,0.03000300030003
718,5,5,0,1,0,:::1O:1O,::::,,,,1,0.03000300030003
719,5,5,0,1,0,::1O:1O:1O,::::,,,,1,0.03000300030003
720,5,4,1,1,1,::1O:1O:1O,:::1O,,,1L,1,0.03000300030003
721,5,4,1,1,0,::::1O,:::,1O,,,1,0.03000300030003
722,5,4,1,1,0,::::,:::,,,,1,0.03000300030003
723,5,4,1,1,0,::1O:1O:2O,:::,,,,1,0.03000300030003
724,5,4,0,1,2,::::1O,:1O:1O1S:1O1S,,,1L:1L,1,0.03000300030003
725,5,4,0,1,1,::::2O,::1O1S:1O1S,,,1L,1,0.03000300030003
726,5,4,0,1,1,::::2O,:1O:1O:1O,,,1L,1,0.03000300030003
727,5,4,0,1,1,::::1O,:1O:1O:1O1S,,,1L,1,0.03000300030003
728,5,3,1,1,0,::::,::,,,,1,0.03000300030003
729,5,3,1,1,0,:::1O:1O,::1S,1O,,,1,0.03000300030003
730,5,3,1,1,0,:::1O:1O,::1S,,,,1,0.03000300030003
731,5,3,1,1,0,:::1O:1O,::,,,,1,0.03000300030003
732,5,3,0,1,0,:::1O:1O,1O:1S:1S,,,,1,0.03000300030003
733,5,3,0,1,0,::1O:1O:2O,::1S,,,,1,0.03000300030003
734,5,3,0,1,0,::1O:1O:2O,::,,,,1,0.03000300030003
735,5,3,0,1,0,::1O:1O:1O,:1S:1S,,,,1,0.03000300030003
736,5,3,0,1,0,:1O:1O:1O:2O,::,,,,1,0.03000300030003
737,5,2,1,1,1,::1O:1O:2O,:1O,,,1L,1,0.03000300030003
738,5,2,1,1,0,:::1O:2O,:,,,,1,0.03000300030003
739,5,2,1,1,0,::1O:1O:1O,:,,,,1,0.03000300030003
740,5,2,0,2,1,:::1O:2O,:1O1S,,3S:3S:3S:3S:4S:4S:5S:5S,1L,1,0.03000300030003
741,5,2,0,2,0,::::,:,,1S:1S:1S:2S:2S:2S:2S:2S,,1,0.03000300030003
742,5,2,0,1,1,:::1O:1O,1O:1O1S,,,1L,1,0.03000300030003
743,5,2,0,1,1,::1O:1O:1O,1O:1O1S,,,1L,1,0.03000300030003
744,5,2,0,1,1,:1O:1O:1O:1O,:1O,,,1L,1,0.03000300030003
745,5,2,0,1,0,:::1O:2O,:,,,,1,0.03000300030003
746,5,2,0,1,0,:::1O:1O,1S:1S,,,,1,0.03000300030003
747,5,3,0,1,0,:::1O:1O,:1S:1S,,,,1,0.03000300030003
748,5,3,0,1,0,::::,:1S:1S,,,,1,0.03000300030003
749,5,3,0,1,0,::::,::1O,,,,1,0.03000300030003
750,5,3,0,1,1,:::1O:1O,1O:1O:1O1S,,,1L,1,0.03000300030003
751,5,3,0,2,0,::::2O,::,,1S:1S:1S:1S:2S:3S:3S:3S,,1,0.03000300030003
752,5,3,0,1,2,:::1O:2O,1O:1O1S:1O1S,,,1L:1L,1,0.03000300030003
753,5,3,0,1,1,::::1O,1O:1O1S:1S,,,1L,1,0.03000300030003
754,5,3,0,1,1,::::1O,1O1S:1O1S:1O1S,,,1L,1,0.03000300030003
755,5,3,0,1,1,:::1O:2O,:1O:1O,,,1L,1,0.03000300030003
756,5,3,0,1,1,:::1O:2O,1O1S:1O1S:1S,,,1L,1,0.03000300030003
757,5,3,0,1,1,::1O:1O:2O,:1O:1O1S,,,1L,1,0.03000300030003
758,5,3,0,1,0,::::2O,:1O:1S,,,,1,0.03000300030003
759,5,3,0,1,1,::1O:1O:2O,:1O:1O,,,1L,1,0.03000300030003
760,5,3,0,1,1,::1O:1O:1O,:1O:1O,,,1L,1,0.03000300030003
761,5,3,0,1,1,::1O:1O:1O,:1O1S:1O1S,,,1L,1,0.03000300030003
762,5,3,0,1,1,:1O:1O:1O:2O,::1O,,,1L,1,0.03000300030003
763,5,3,0,1,0,::::2O,::1S,,,,1,0.03000300030003
764,5,3,0,1,0,::::2O,:1S:1S,,,,1,0.03000300030003
765,5,5,0,1,1,:::1O:1O,:::1O:1O1S,,,1L,1,0.03000300030003
766,5,5,0,1,1,::::1O,::1O:1O:1O,,,1L,1,0.03000300030003
767,5,5,0,1,1,::::1O,:::1O1S:1O1S,,,1L,1,0.03000300030003
768,6,4,0,1,0,:::1O:1O:2O,::1S:1S,,,,1,0.03000300030003
769,7,1,0,1,0,::::1O:1O:2O,,,,,1,0.03000300030003
770,7,1,0,1,0,::::1O:1O:1O,,,,,1,0.03000300030003
771,7,1,0,1,0,:::1O:1O:1O:1O,,,,,1,0.03000300030003
772,6,5,0,1,1,::::1O:1O,:::1O:1O1S,,,1L,1,0.03000300030003
773,6,5,0,1,1,::::1O:1O,::1O:1O:1O1S,,,1L,1,0.03000300030003
774,6,5,0,1,0,:::::1O,::::,,,,1,0.03000300030003
775,6,4,1,1,0,::::1O:1O,:::,,,,1,0.03000300030003
776,6,4,0,1,1,:::::1O,::1O:1O1S,,,1L,1,0.03000300030003
777,6,4,0,1,1,:::::,::1O:1O1S,,,1L,1,0.03000300030003
778,6,4,0,1,1,::::1O:1O,::1O:1O1S,,,1L,1,0.03000300030003
779,6,4,0,1,1,::::1O:1O,::1O1S:1O1S,,,1L,1,0.03000300030003
780,6,4,0,1,1,::::1O:1O,:1O:1O1S:1O1S,,,1L,1,0.03000300030003
781,6,4,0,1,0,:::::1O,:::1S,,,,1,0.03000300030003
782,6,4,0,1,0,::::1O:2O,:::1S,,,,1,0.03000300030003
783,6,4,0,1,0,::::1O:2O,:::,,,,1,0.03000300030003
784,7,1,0,1,0,:::::1O:1O,1S,,,,1,0.03000300030003
785,7,1,0,1,0,:::::1O:2O,,,,,1,0.03000300030003
786,7,1,0,1,0,::::::1O,1S,,,,1,0.03000300030003
787,8,0,0,1,0,::::::1O:2O,,,,,1,0.03000300030003
788,8,2,0,1,0,::::::1O:2O,:,,,,1,0.03000300030003
789,8,2,0,1,0,::::::1O:1O,:,,,,1,0.03000300030003
790,8,1,0,1,0,:::::::1O,,,,,1,0.03000300030003
791,8,1,0,1,0,::::::1O:1O,,,,,1,0.03000300030003
792,8,1,0,1,0,:::::1O:1O:1O,,,,,1,0.03000300030003
793,8,1,0,1,0,::::1O:1O:1O:1O,,,,,1,0.03000300030003
794,7,4,0,1,0,::::::2O,:::,,,,1,0.03000300030003
795,7,2,0,1,0,:::::1O:1O,1O1S:1S,,,,1,0.03000300030003
796,7,3,0,1,1,:::::1O:1O,:1O1S:1O1S,,,1L,1,0.03000300030003
797,7,3,0,1,0,::::::1O,::,,,,1,0.03000300030003
798,7,2,0,1,1,::::::1O,1O1S:1O1S,,,1L,1,0.03000300030003
799,7,2,0,1,0,::::::1O,:1S,,,,1,0.03000300030003
800,7,2,0,1,0,:::::1O:2O,:,,,,1,0.03000300030003
801,7,2,0,1,0,:::::1O:1O,1S:1S,,,,1,0.03000300030003
802,6,4,0,1,0,::::1O:1O,:::1S,,,,1,0.03000300030003
803,6,4,0,1,0,:::1O:1O:1O,:::1S,,,,1,0.03000300030003
804,5,5,0,1,1,::::1O,:::1O:1O1S,,,1L,1,0.03000300030003
805,6,3,1,1,0,:::::2O,::1S,,,,1,0.03000300030003
806,6,2,0,1,0,:::::,:,,,,1,0.03000300030003
807,6,2,0,1,0,::::1O:2O,:1S,,,,1,0.03000300030003
808,6,2,0,1,0,::::1O:1O,:1S,,,,1,0.03000300030003
809,6,2,0,1,0,::::1O:1O,:,,,,1,0.03000300030003
810,6,2,0,1,0,:::1O:1O:2O,:1S,,,,1,0.03000300030003
811,6,2,0,1,0,::1O:1O:1O:2O,:,,,,1,0.03000300030003
812,6,1,0,1,0,:::::2O,,,,,1,0.03000300030003
813,6,1,0,1,0,::::1O:1O,1S,,,,1,0.03000300030003
814,6,1,0,1,0,::::1O:1O,,,,,1,0.03000300030003
815,6,1,0,1,0,:::1O:1O:2O,,,,,1,0.03000300030003
816,6,1,0,1,0,::1O:1O:1O:2O,,,,,1,0.03000300030003
817,6,0,0,1,0,:::::1O,,,,,1,0.03000300030003
818,5,6,0,1,1,::::1O,::1O:1O:1O1S:1S,,,1L,1,0.03000300030003
819,5,6,0,1,0,:::1O:1O,:::::1S,,,,1,0.03000300030003
820,5,6,0,1,0,::1O:1O:1O,:::::,,,,1,0.03000300030003
821,6,2,0,1,0,:::::,:1S,,,,1,0.03000300030003
822,6,2,0,1,0,:::::1O,1S:1S,,,,1,0.03000300030003
823,6,2,0,1,0,:::::2O,:1S,,,,1,0.03000300030003
824,6,3,0,1,0,:::::2O,::1S,,,,1,0.03000300030003
825,6,3,1,1,0,:::::,::,,,,1,0.03000300030003
826,6,3,0,1,1,:::::2O,:1O:1O,,,1L,1,0.03000300030003
827,6,3,0,1,1,:::::,1O:1O:1S,,,1L,1,0.03000300030003
828,6,3,0,1,1,::::1O:1O,::1O1S,,,1L,1,0.03000300030003
829,6,3,0,1,1,:::1O:1O:2O,:1O:1O1S,,,1L,1,0.03000300030003
830,6,3,0,1,1,:::1O:1O:1O,:1O:1O1S,,,1L,1,0.03000300030003
831,6,3,0,1,0,:::::2O,::1O,,,,1,0.03000300030003
832,6,2,0,1,1,::::1O:1O,1O:1O1S,,,1L,1,0.03000300030003
833,6,3,0,1,0,::::1O:2O,::1S,,,,1,0.03000300030003
834,6,3,0,1,0,::::1O:1O,::1S,,,,1,0.03000300030003
835,6,3,0,1,0,:::1O:1O:2O,::1S,,,,1,0.03000300030003
836,6,3,0,1,0,::1O:1O:1O:1O,::1S,,,,1,0.03000300030003
837,6,2,0,2,0,:::::1O,:,,:1S:1S:1S:2S:2S:2S:2S,,1,0.03000300030003
838,6,2,0,1,1,:::::1O,1O:1O1S,,,1L,1,0.03000300030003
839,5,2,0,1,0,::1O:1O:2O,:1S,,,,1,0.03000300030003
840,5,1,1,1,1,::::1O,1O1S,1N3O2S,,1L,1,0.03000300030003
841,4,3,0,1,0,:1O:1O:1O,::1S,,,,1,0.03000300030003
842,4,4,0,1,1,::1O:1O,:1O:1O:1O1S,,,1L,1,0.03000300030003
843,4,4,0,1,1,::1O:1O,1O:1O:1S:1S,,,1L,1,0.03000300030003
844,4,4,0,1,1,:1O:2O:2O,:::1O,,,1L,1,0.03000300030003
845,4,4,0,1,1,:1O:1O:1O,::1O:1O,,,1L,1,0.03000300030003
846,4,4,0,1,1,1O:1O:2O:2O,::1O:1O1S,,,1L,1,0.03000300030003
847,4,4,0,1,1,1O:1O:1O:2O,::1O:1O1S,,,1L,1,0.03000300030003
848,4,4,0,1,1,1O:1O:1O:1O,::1O:1O1S,,,1L,1,0.03000300030003
849,4,4,0,1,1,1O:1O:1O:1O,:1O:1O:1S,,,1L,1,0.03000300030003
850,4,4,0,1,0,:::2O,:::,,,,1,0.03000300030003
851,4,4,0,1,0,:::1O,:::1O1S,,,,1,0.03000300030003
852,4,4,0,1,0,:::1O,:::1O,,,,1,0.03000300030003
853,4,4,0,1,0,:::,:::1O,,,,1,0.03000300030003
854,4,4,0,1,0,::2O:2O,:::,,,,1,0.03000300030003
855,4,4,0,1,0,::1O:2O,:::,,,,1,0.03000300030003
856,4,4,0,1,0,::1O:1O,:::1O,,,,1,0.03000300030003
857,4,4,0,1,0,::1O:1O,::1O1S:1S,,,,1,0.03000300030003
858,4,4,0,1,1,::1O:1O,:1O1S:1O1S:1S,,,1L,1,0.03000300030003
859,4,4,0,1,1,::1O:2O,1O:1O:1O:1S,,,1L,1,0.03000300030003
860,5,1,1,1,0,::1O:1O:2O,1S,,,,1,0.03000300030003
861,4,4,0,1,1,::1O:2O,:1O:1O1S:1O1S,,,1L,1,0.03000300030003
862,4,4,0,1,2,:::1O,1O:1O:1O1S:1S,,,1L:1L,1,0.03000300030003
863,4,4,0,1,2,:::1O,1O:1O:1O1S:1O1S,,,1L:1L,1,0.03000300030003
864,4,4,0,1,2,:::,:1O1S:1O1S:1O1S,,,1L:1L,1,0.03000300030003
865,4,4,0,1,2,:::,1O1S:1O1S:1O1S:1S,,,1L:1L,1,0.03000300030003
866,4,4,0,1,2,::1O:1O,1O:1O:1O1S:1O1S,,,1L:1L,1,0.03000300030003
867,4,4,0,1,1,:::2O,::1O:1O1S,,,1L,1,0.03000300030003
868,4,4,0,1,1,:::2O,:1O:1O1S:1O1S,,,1L,1,0.03000300030003
869,4,4,0,1,1,:::2O,1O:1O:1O:1O1S,,,1L,1,0.03000300030003
870,4,4,0,1,1,:::1O,:1O1S:1O1S:1O1S,,,1L,1,0.03000300030003
871,4,4,0,1,1,:::1O,1O:1O:1O1S:1S,,,1L,1,0.03000300030003
872,4,4,0,1,1,:::,::1O:1O1S,,,1L,1,0.03000300030003
873,4,4,0,1,1,:::,1O:1O1S:1O1S:1S,,,1L,1,0.03000300030003
874,4,4,0,1,1,:::,1O1S:1O1S:1O1S:1S,,,1L,1,0.03000300030003
875,4,4,0,1,1,::1O:2O,::1O:1O1S,,,1L,1,0.03000300030003
876,4,4,0,1,1,::1O:2O,:1O:1O1S:1S,,,1L,1,0.03000300030003
877,4,4,0,1,0,:1O:2O:2O,:::1S,,,,1,0.03000300030003
878,4,4,0,1,0,:1O:1O:2O,:::1S,,,,1,0.03000300030003
879,4,4,0,1,0,:1O:1O:2O,:::,,,,1,0.03000300030003
880,4,3,1,1,1,:::1O,:1O:1O1S,1O,,1L,1,0.03000300030003
881,4,3,0,1,1,:::2O,1O1S:1O1S:1S,,,1L,1,0.03000300030003
882,4,3,0,1,1,:::1O,:1O:1O,,,1L,1,0.03000300030003
883,4,3,0,1,1,:::1O,1O:1O:1S,,,1L,1,0.03000300030003
884,4,3,0,1,1,:::,:1O:1O1S,,,1L,1,0.03000300030003
885,4,3,0,1,1,:::,:1O1S:1O1S,,,1L,1,0.03000300030003
886,4,3,0,1,1,::1O:1O,:1O:1S,,,1L,1,0.03000300030003
887,4,3,0,1,1,::1O:1O,1O:1O1S:1S,,,1L,1,0.03000300030003
888,4,3,0,1,1,:1O:1O:2O,1O:1O1S:1S,,,1L,1,0.03000300030003
889,4,3,0,1,1,:1O:1O:2O,1O1S:1O1S:1S,,,1L,1,0.03000300030003
890,4,3,0,1,1,:1O:1O:1O,:1O1S:1S,,,1L,1,0.03000300030003
891,4,3,0,1,1,:1O:1O:1O,:1O1S:1O1S,,,1L,1,0.03000300030003
892,4,3,0,1,1,1O:1O:1O:2O,:1O:1O1S,,,1L,1,0.03000300030003
893,4,3,0,1,1,1O:1O:1O:2O,:1O1S:1O1S,,,1L,1,0.03000300030003
894,4,3,0,1,0,:::2O,:1S:1S,,,,1,0.03000300030003
895,4,3,0,1,0,:1O:1O:2O,::,,,,1,0.03000300030003
896,4,3,0,1,1,:::2O,:1O:1O1S,,,1L,1,0.03000300030003
897,4,3,0,1,2,:::,1O1S:1O1S:1O1S,,,1L:1L,1,0.03000300030003
898,4,3,0,1,2,:::,1O:1O:1O1S,,,1L:1L,1,0.03000300030003
899,4,3,1,1,1,::1O:1O,:1O1S:1O1S,,,1L,1,0.03000300030003
900,4,3,1,1,1,:::1O,:1O:1O,1O,,1L,1,0.03000300030003
901,4,3,1,1,1,:::1O,:1O1S:1O1S,,,1L,1,0.03000300030003
902,4,3,1,1,1,::1O:2O,::1O1S,,,1L,1,0.03000300030003
903,4,3,1,1,1,::1O:2O,1O1S:1O1S:1S,,,1L,1,0.03000300030003
904,4,3,1,1,1,::1O:1O,:1O:1O1S,1O,,1L,1,0.03000300030003
905,4,3,1,1,1,::1O:1O,:1O:1O1S,,,1L,1,0.03000300030003
906,4,3,1,1,1,::1O:1O,1O1S:1O1S:1S,,,1L,1,0.03000300030003
907,4,3,1,1,0,::1O:1O,:1S:1S,,,,1,0.03000300030003
908,4,3,1,1,1,1O:1O:1O:1O,::1O,,,1L,1,0.03000300030003
909,4,3,1,1,0,:::2O,::,,,,1,0.03000300030003
910,4,3,1,1,0,:::1O,:1S:1S,,,,1,0.03000300030003
911,4,3,1,1,0,:::,::1S,,,,1,0.03000300030003
912,4,3,1,1,0,::1O:2O,::,,,,1,0.03000300030003
913,4,3,1,1,0,::1O:1O,::,1O,,,1,0.03000300030003
914,4,4,0,1,2,:::1O,:1O1S:1O1S:1O1S,,,1L:1L,1,0.03000300030003
915,4,4,0,1,2,:::1O,:1O:1O:1O1S,,,1L:1L,1,0.03000300030003
916,4,4,0,2,1,::1O:1O,:::1O1S,,1S:1S:1S:2S:3S:3S:3S:3S,1L,1,0.03000300030003
917,4,5,0,1,1,:::1O,::1O:1O1S:1O1S,,,1L,1,0.03000300030003
918,4,6,0,1,0,::1O:1O,:::::1S,,,,1,0.03000300030003
919,4,6,0,1,0,::1O:1O,:::::,,,,1,0.03000300030003
920,4,6,0,1,0,::1O:1O,::::1O1S:1S,,,,1,0.03000300030003
921,4,5,1,1,2,:::1O,::1O:1O:1O1S,1O,,1L:1L,1,0.03000300030003
922,4,5,1,1,0,:::,::::,,,,1,0.03000300030003
923,4,5,1,1,0,::1O:1O,::::1S,,,,1,0.03000300030003
924,4,5,0,2,1,::1O:1O,::::1O1S,,1S:1S:1S:2S:3S:3S:3S:3S,1L,1,0.03000300030003
925,4,5,0,1,2,:::1O,::1O:1O1S:1O1S,,,1L:1L,1,0.03000300030003
926,4,5,0,1,2,:::1O,::1O1S:1O1S:1O1S,,,1L:1L,1,0.03000300030003
927,4,5,0,1,2,:::1O,:1O:1O:1O:1O1S,,,1L:1L,1,0.03000300030003
928,4,5,0,1,2,:::1O,:1O:1O1S:1O1S:1O1S,,,1L:1L,1,0.03000300030003
929,4,5,0,1,2,::1O:2O,:1O:1O:1O1S:1O1S,,,1L:1L,1,0.03000300030003
930,4,5,0,1,2,::1O:1O,::1O:1O1S:1O1S,,,1L:1L,1,0.03000300030003
931,4,5,0,1,1,:::2O,:::1O1S:1O1S,,,1L,1,0.03000300030003
932,4,5,0,1,1,:::1O,:::1O:1O,,,1L,1,0.03000300030003
933,4,6,0,1,0,::1O:2O,:::::,,,,1,0.03000300030003
934,4,6,0,1,1,1O:1O:1O:1O,::::1O:1O1S,,,1L,1,0.03000300030003
935,4,6,0,1,1,::1O:1O,::1O:1O:1O1S:1S,,,1L,1,0.03000300030003
936,4,6,0,1,1,:::2O,::1O:1O1S:1O1S:1S,,,1L,1,0.03000300030003
937,5,1,0,1,0,::::2O,1S,,,,1,0.03000300030003
938,5,1,0,1,0,::::,,,,,1,0.03000300030003
939,5,1,0,1,0,::1O:1O:1O,,,,,1,0.03000300030003
940,5,1,0,1,0,:1O:1O:1O:1O,,,,,1,0.03000300030003
941,4,7,0,1,2,:::,:::1O:1O1S:1O1S:1S,,,1L:1L,1,0.03000300030003
942,4,7,0,1,1,:::2O,::::1O:1O1S:1S,,,1L,1,0.03000300030003
943,4,6,0,1,1,:::1O,::::1O:1O1S,,,1L,1,0.03000300030003
944,4,6,0,1,1,::1O:1O,:::1O:1O:1O1S,,,1L,1,0.03000300030003
945,4,6,0,1,1,:::1O,:::1O:1O1S:1S,,,1L,1,0.03000300030003
946,4,6,0,1,1,:::,::::1O:1O1S,,,1L,1,0.03000300030003
947,4,6,0,1,1,:::,:::1O:1O:1O1S,,,1L,1,0.03000300030003
948,4,6,0,1,1,::1O:2O,::::1O:1O1S,,,1L,1,0.03000300030003
949,4,6,0,1,1,::1O:1O,::::1O:1O,,,1L,1,0.03000300030003
950,4,6,0,1,1,::1O:1O,:::1O:1O:1S,,,1L,1,0.03000300030003
951,4,5,0,1,1,:::1O,::1O:1O1S:1S,,,1L,1,0.03000300030003
952,4,5,0,1,1,:::1O,:1O:1O1S:1O1S:1S,,,1L,1,0.03000300030003
953,4,4,0,2,1,:::2O,::1O1S:1S,,1S:1S:1S:2S:3S:3S:3S:3S,1L,1,0.03000300030003
954,4,5,0,1,1,:::1O,:1O1S:1O1S:1S:1S,,,1L,1,0.03000300030003
955,4,5,0,1,0,:1O:1O:2O,::::,,,,1,0.03000300030003
956,4,5,0,1,0,:1O:1O:1O,::::,,,,1,0.03000300030003
957,4,4,1,1,2,:::1O,:1O:1O1S:1O1S,,,1L:1L,1,0.03000300030003
958,4,4,1,1,1,:::1O,::1O:1O1S,,,1L,1,0.03000300030003
959,4,4,1,1,1,:::1O,::1O1S:1O1S,,,1L,1,0.03000300030003
960,4,4,1,1,1,::1O:2O,::1O1S:1O1S,,,1L,1,0.03000300030003
961,4,4,1,1,1,::1O:1O,::1O:1O1S,,,1L,1,0.03000300030003
962,4,4,1,1,1,::1O:1O,::1O1S:1O1S,1O,,1L,1,0.03000300030003
963,4,4,1,1,0,:::2O,:::,,,,1,0.03000300030003
964,4,4,1,1,0,:::1O,::1S:1S,1O,,,1,0.03000300030003
965,4,4,1,1,0,:::1O,::1S:1S,,,,1,0.03000300030003
966,4,4,1,1,0,:::,:::,,,,1,0.03000300030003
967,4,4,1,1,0,::1O:2O,:::,,,,1,0.03000300030003
968,4,4,1,1,0,::1O:1O,:::,1O,,,1,0.03000300030003
969,4,4,1,1,0,:1O:1O:1O,:::,1O,,,1,0.03000300030003
970,4,5,0,1,0,:::,:::1O:1S,,,,1,0.03000300030003
971,4,5,0,1,0,:::,::::1O1S,,,,1,0.03000300030003
972,4,5,0,1,0,:::1O,:::1O1S:1S,,,,1,0.03000300030003
973,4,5,0,1,1,::1O:1O,:1O:1O1S:1S:1S,,,1L,1,0.03000300030003
974,4,5,0,1,1,::1O:2O,::::1O1S,,,1L,1,0.03000300030003
975,4,5,0,1,1,::1O:2O,::1O:1O:1O1S,,,1L,1,0.03000300030003
976,4,5,0,1,1,::1O:2O,::1O:1O1S:1S,,,1L,1,0.03000300030003
977,4,5,0,1,1,::1O:1O,::1O:1O:1S,,,1L,1,0.03000300030003
978,4,5,0,1,1,::1O:1O,::1O:1O:1O1S,,,1L,1,0.03000300030003
979,4,5,0,1,1,::1O:1O,:1O:1O:1O1S:1O1S,,,1L,1,0.03000300030003
980,4,5,0,1,1,:1O:1O:1O,:::1O:1O,,,1L,1,0.03000300030003
981,4,5,0,1,0,:::1O,:::1O:1S,,,,1,0.03000300030003
982,4,5,0,1,1,:1O:1O:1O,:::1O1S:1O1S,,,1L,1,0.03000300030003
983,4,5,0,1,1,:1O:1O:1O,::1O:1O:1O1S,,,1L,1,0.03000300030003
984,4,5,0,1,0,:::2O,::::1S,,,,1,0.03000300030003
985,4,5,0,1,0,:::2O,::::1O1S,,,,1,0.03000300030003
986,4,5,0,1,0,:::2O,::1S:1S:1S,,,,1,0.03000300030003
987,4,5,0,1,0,:::1O,:::1S:1S,,,,1,0.03000300030003
988,4,4,0,1,1,::1O:2O,::1O1S:1O1S,,,1L,1,0.03000300030003
989,3,3,1,1,0,:1O:1O,::1O1S,,,,1,0.03000300030003
990,3,5,0,1,0,::1O,:::1O1S:1O1S,,,,1,0.03000300030003
991,1,6,1,1,1,,::1O:1O1S:1O1S:1S,,,1L,1,0.03000300030003
992,1,6,1,1,1,1O,:::1O:1O1S:1S,,,1L,1,0.03000300030003
993,1,6,1,1,1,1O,:::1O1S:1O1S:1S,1O,,1L,1,0.03000300030003
994,1,6,1,1,1,1O,::1O1S:1O1S:1S:1S,,,1L,1,0.03000300030003
995,1,6,1,1,1,,::::1O:1O1S,1O,,1L,1,0.03000300030003
996,1,6,1,1,1,,::::1O1S:1O1S,1O,,1L,1,0.03000300030003
997,1,6,1,1,1,,:::1O:1O:1S,1O,,1L,1,0.03000300030003
998,1,6,1,1,1,,:::1O1S:1O1S:1O1S,,,1L,1,0.03000300030003
999,1,6,1,1,1,,::1O:1O:1O1S:1S,,,1L,1,0.03000300030003
1000,1,6,1,1,0,2O,:::::1O1S,,,,1,0.03000300030003
1001,1,6,0,2,0,,:::::1S,,1S:1S:1S:2S:2S:2S:3S:3S,,1,0.03000300030003
1002,1,6,1,1,0,1O,:::::,,,,1,0.03000300030003
1003,1,6,1,1,0,,:::::1S,,,,1,0.03000300030003
1004,1,6,1,1,0,,:::::,1O,,,1,0.03000300030003
1005,1,6,1,1,0,,:::1S:1S:1S,,,,1,0.03000300030003
1006,1,6,1,1,0,,:::1O:1S:1S,,,,1,0.03000300030003
1007,1,6,1,1,0,,:::1O1S:1S:1S,,,,1,0.03000300030003
1008,1,6,0,2,2,1O,::1O:1O:1O1S:1O1S,,1S:1S:1S:2S:3S:3S:3S:3S,1L:1L,1,0.03000300030003
1009,1,6,0,2,1,1O,:::1O:1O1S:1O1S,,1S:1S:1S:2S:2S:2S:3S:3S,1L,1,0.03000300030003
1010,1,6,1,1,1,1O,:::1O:1O1S:1S,1O,,1L,1,0.03000300030003
1011,1,6,1,1,1,2O,:::1O:1O1S:1S,1O,,1L,1,0.03000300030003
1012,1,6,1,1,2,,1O:1O:1O1S:1O1S:1O1S:1S,,,1L:1L,1,0.03000300030003
1013,1,6,1,1,2,,::1O1S:1O1S:1O1S:1S,,,1L:1L,1,0.03000300030003
1014,1,7,0,1,1,,1O:1O:1O:1O1S:1O1S:1S:1S,,,1L,1,0.03000300030003
1015,1,7,0,1,0,2O,:::::1S:1S,,,,1,0.03000300030003
1016,1,7,0,1,0,1O,::::::1O1S,,,,1,0.03000300030003
1017,1,7,0,1,0,1O,::::1O1S:1S:1S,,,,1,0.03000300030003
1018,1,7,0,1,0,,::::::1O1S,,,,1,0.03000300030003
1019,1,7,0,1,0,,::::1S:1S:1S,,,,1,0.03000300030003
1020,1,7,0,1,0,,::::1O:1S:1S,,,,1,0.03000300030003
1021,1,6,2,1,1,1O,::::1O:1O1S,:,,1L,1,0.03000300030003
1022,1,6,2,1,1,1O,::::1O:1O,:,,1L,1,0.03000300030003
1023,1,6,2,1,0,,:::::,:1O,,,1,0.03000300030003
1024,1,6,1,2,1,1O,:::::1O,1O,1S:1S:1S:2S:3S:3S:3S:3S,1L,1,0.03000300030003
1025,1,6,1,1,2,,:::1O:1O1S:1O1S,1O,,1L:1L,1,0.03000300030003
1026,1,6,1,1,2,,:::1O:1O1S:1O1S,,,1L:1L,1,0.03000300030003
1027,1,6,1,1,2,,::1O:1O:1O1S:1S,,,1L:1L,1,0.03000300030003
1028,1,6,1,1,2,,::1O:1O:1O1S:1O1S,,,1L:1L,1,0.03000300030003
1029,1,6,1,1,2,,::1O:1O1S:1O1S:1S,,,1L:1L,1,0.03000300030003
1030,1,6,1,1,2,,::1O:1O1S:1O1S:1O1S,,,1L:1L,1,0.03000300030003
1031,1,6,0,2,1,,::1O:1O1S:1O1S:1S,,:1S:1S:1S:1S:2S:2S:2S,1L,1,0.03000300030003
1032,1,6,0,1,3,1O,:1O:1O:1O:1O1S:1O1S,,,1L:1L:1L,1,0.03000300030003
1033,1,7,0,1,1,,:::1O1S:1O1S:1O1S:1O1S,,,1L,1,0.03000300030003
1034,1,6,0,1,1,,::::1O:1O1S,,,1L,1,0.03000300030003
1035,1,6,0,1,1,1O,:::1O:1O:1O1S,,,1L,1,0.03000300030003
1036,1,6,0,1,1,1O,:::1O:1O1S:1S,,,1L,1,0.03000300030003
1037,1,6,0,1,1,1O,:::1O:1O1S:1O1S,,,1L,1,0.03000300030003
1038,1,6,0,1,1,1O,:::1O1S:1O1S:1S,,,1L,1,0.03000300030003
1039,1,6,0,1,1,1O,:::1O1S:1O1S:1O1S,,,1L,1,0.03000300030003
1040,1,6,0,1,1,1O,::1O:1O1S:1S:1S,,,1L,1,0.03000300030003
1041,1,6,0,1,1,1O,::1O1S:1O1S:1S:1S,,,1L,1,0.03000300030003
1042,1,6,0,1,1,1O,:1O:1O1S:1O1S:1S:1S,,,1L,1,0.03000300030003
1043,1,6,0,1,1,,:::1O:1O:1S,,,1L,1,0.03000300030003
1044,1,6,0,1,2,2O,:::1O1S:1O1S:1O1S,,,1L:1L,1,0.03000300030003
1045,1,6,0,1,1,,::1O:1O1S:1O1S:1O1S,,,1L,1,0.03000300030003
1046,1,6,0,1,1,,:1O:1O1S:1O1S:1S:1S,,,1L,1,0.03000300030003
1047,1,6,0,1,1,,:1O:1O1S:1O1S:1O1S:1S,,,1L,1,0.03000300030003
1048,1,6,0,1,0,1O,:::1O:1S:1S,,,,1,0.03000300030003
1049,1,6,0,1,0,,:::::1O,,,,1,0.03000300030003
1050,1,6,0,1,0,,::::1O:1O1S,,,,1,0.03000300030003
1051,1,6,0,1,0,,:::1S:1S:1S,,,,1,0.03000300030003
1052,1,6,0,1,0,,:::1O1S:1S:1S,,,,1,0.03000300030003
1053,1,6,0,1,1,2O,:::1O1S:1O1S:1O1S,,,1L,1,0.03000300030003
1054,1,6,0,1,1,2O,:::1O:1O1S:1O1S,,,1L,1,0.03000300030003
1055,1,6,0,1,1,2O,::::1O:1O,,,1L,1,0.03000300030003
1056,1,6,0,1,2,,1O:1O:1O1S:1O1S:1O1S:1S,,,1L:1L,1,0.03000300030003
1057,1,6,0,1,2,2O,::1O:1O:1O:1S,,,1L:1L,1,0.03000300030003
1058,1,6,0,1,2,2O,::1O:1O:1O:1O1S,,,1L:1L,1,0.03000300030003
1059,1,6,0,1,2,1O,::1O:1O:1O1S:1S,,,1L:1L,1,0.03000300030003
1060,1,6,0,1,2,1O,::1O:1O1S:1O1S:1S,,,1L:1L,1,0.03000300030003
1061,1,6,0,1,2,1O,::1O:1O1S:1O1S:1O1S,,,1L:1L,1,0.03000300030003
1062,1,6,0,1,2,1O,:1O:1O:1O1S:1O1S:1O1S,,,1L:1L,1,0.03000300030003
1063,1,6,0,1,2,1O,:1O:1O1S:1O1S:1O1S:1O1S,,,1L:1L,1,0.03000300030003
1064,1,6,0,1,2,,:::1O:1O:1O1S,,,1L:1L,1,0.03000300030003
1065,1,6,0,1,2,,:::1O1S:1O1S:1O1S,,,1L:1L,1,0.03000300030003
1066,1,6,0,1,2,,::1O:1O:1O1S:1S,,,1L:1L,1,0.03000300030003
1067,1,6,0,1,2,,::1O1S:1O1S:1O1S:1S,,,1L:1L,1,0.03000300030003
1068,1,6,0,1,2,,:1O:1O:1O:1O1S:1S,,,1L:1L,1,0.03000300030003
1069,1,6,0,1,2,,:1O:1O:1O1S:1O1S:1S,,,1L:1L,1,0.03000300030003
1070,1,6,0,1,2,,:1O:1O:1O1S:1O1S:1O1S,,,1L:1L,1,0.03000300030003
1071,1,6,0,1,2,,:1O:1O1S:1O1S:1O1S:1S,,,1L:1L,1,0.03000300030003
1072,1,6,0,1,2,,:1O:1O1S:1O1S:1O1S:1O1S,,,1L:1L,1,0.03000300030003
1073,1,6,0,1,2,,1O:1O:1O:1O1S:1O1S:1O1S,,,1L:1L,1,0.03000300030003
1074,1,7,0,1,1,,::1O:1O1S:1O1S:1S:1S,,,1L,1,0.03000300030003
1075,1,7,0,1,1,,:::1O1S:1O1S:1O1S:1S,,,1L,1,0.03000300030003
1076,1,5,2,1,1,1O,:::1O1S:1O1S,:,,1L,1,0.03000300030003
1077,2,3,1,1,0,:,:1S:1S,3O,,,1,0.03000300030003
1078,2,3,1,1,1,:,:1O1S:1O1S,1O,,1L,1,0.03000300030003
1079,2,3,1,1,0,:2O,::,,,,1,0.03000300030003
1080,2,3,1,1,0,:1O,::1S,,,,1,0.03000300030003
1081,2,3,1,1,0,:1O,::,,,,1,0.03000300030003
1082,2,3,1,1,0,:1O,:1S:1S,1O,,,1,0.03000300030003
1083,2,3,1,1,0,:,::1S,,,,1,0.03000300030003
1084,2,3,1,1,0,:,::,1O,,,1,0.03000300030003
1085,2,3,1,1,0,:,::,,,,1,0.03000300030003
1086,2,3,1,1,0,:,:1S:1S,,,,1,0.03000300030003
1087,2,2,0,1,0,1O:2O,:,,,,1,0.03000300030003
1088,2,3,0,2,1,1O:1O,::1O1S,,1S:1S:1S:2S:3S:3S:3S:3S,1L,1,0.03000300030003
1089,2,3,0,1,2,1O:1O,1O:1O1S:1O1S,,,1L:1L,1,0.03000300030003
1090,2,3,0,1,1,:1O,1O:1O1S:1S,,,1L,1,0.03000300030003
1091,2,3,0,1,1,:1O,1O:1O1S:1O1S,,,1L,1,0.03000300030003
1092,2,3,0,1,1,1O:2O,:1O:1O1S,,,1L,1,0.03000300030003
1093,2,3,0,1,1,1O:1O,1O1S:1O1S:1S,,,1L,1,0.03000300030003
1094,2,3,0,1,0,:2O,::1S,,,,1,0.03000300030003
1095,2,3,0,1,0,:1O,:1S:1S,,,,1,0.03000300030003
1096,2,3,1,1,1,:,:1O:1O1S,,,1L,1,0.03000300030003
1097,2,3,1,2,1,1O:1O,::1O1S,1O,1S:1S:1S:2S:2S:2S:3S:3S,1L,1,0.03000300030003
1098,2,3,1,2,1,:,:1O1S:1S,1O,2S:2S:2S:3S:3S:4S:4S:4S,1L,1,0.03000300030003
1099,2,3,1,2,1,:,::1O1S,,2S:2S:2S:3S:3S:4S:4S:4S,1L,1,0.03000300030003
1100,2,4,0,1,1,:1O,1O1S:1O1S:1S:1S,,,1L,1,0.03000300030003
1101,2,4,0,1,1,:1O,1O1S:1O1S:1O1S:1S,,,1L,1,0.03000300030003
1102,2,4,0,1,1,:,1O:1O1S:1O1S:1S,,,1L,1,0.03000300030003
1103,2,4,0,1,1,1O:2O,::1O:1O1S,,,1L,1,0.03000300030003
1104,2,4,0,1,1,1O:2O,::1O:1O,,,1L,1,0.03000300030003
1105,2,4,0,1,1,1O:2O,:1O:1O1S:1S,,,1L,1,0.03000300030003
1106,2,4,0,1,1,1O:2O,:1O1S:1S:1S,,,1L,1,0.03000300030003
1107,2,4,0,1,1,1O:1O,:1O:1O:1S,,,1L,1,0.03000300030003
1108,2,4,0,1,1,1O:1O,:1O:1O1S:1S,,,1L,1,0.03000300030003
1109,2,4,0,1,0,:2O,:::1S,,,,1,0.03000300030003
1110,2,4,0,1,0,:1O,::1O1S:1S,,,,1,0.03000300030003
1111,2,4,0,1,0,:,::1O:1S,,,,1,0.03000300030003
1112,2,4,0,1,0,:,:1S:1S:1S,,,,1,0.03000300030003
1113,2,4,0,1,0,1O:2O,:::1S,,,,1,0.03000300030003
1114,2,4,0,1,0,1O:1O,:1O:1S:1S,,,,1,0.03000300030003
1115,2,3,1,2,1,:1O,::1O,,1S:1S:1S:2S:3S:3S:3S:3S,1L,1,0.03000300030003
1116,2,3,1,2,1,:1O,1O1S:1S:1S,,2S:2S:2S:3S:3S:4S:4S:4S,1L,1,0.03000300030003
1117,2,3,0,1,0,:,::1S,,,,1,0.03000300030003
1118,1,9,0,1,2,,::1O:1O:1O:1O:1O:1O1S:1S,,,1L:1L,1,0.03000300030003
1119,1,7,0,1,1,,:::1O:1O:1O1S:1O1S,,,1L,1,0.03000300030003
1120,1,7,0,1,2,,::1O:1O1S:1O1S:1O1S:1O1S,,,1L:1L,1,0.03000300030003
1121,1,7,0,1,2,1O,::::1O:1O1S:1O1S,,,1L:1L,1,0.03000300030003
1122,1,7,0,1,2,1O,:::1O:1O:1O1S:1S,,,1L:1L,1,0.03000300030003
1123,1,7,0,1,2,1O,::1O:1O:1O1S:1O1S:1O1S,,,1L:1L,1,0.03000300030003
1124,1,7,0,1,2,1O,::1O:1O1S:1O1S:1O1S:1O1S,,,1L:1L,1,0.03000300030003
1125,1,7,0,1,2,,:::1O:1O:1O1S:1S,,,1L:1L,1,0.03000300030003
1126,1,7,0,1,2,,:::1O1S:1O1S:1O1S:1S,,,1L:1L,1,0.03000300030003
1127,1,7,0,1,2,,::1O:1O:1O1S:1O1S:1S,,,1L:1L,1,0.03000300030003
1128,1,7,0,1,2,,::1O:1O1S:1O1S:1S:1S,,,1L:1L,1,0.03000300030003
1129,1,7,0,1,2,,:1O:1O:1O:1O1S:1O1S:1O1S,,,1L:1L,1,0.03000300030003
1130,1,9,0,1,1,1O,::::::1O:1O:1O,,,1L,1,0.03000300030003
1131,1,7,0,1,2,,:1O:1O:1O1S:1O1S:1O1S:1S,,,1L:1L,1,0.03000300030003
1132,1,7,0,1,2,,:1O:1O:1O1S:1O1S:1O1S:1O1S,,,1L:1L,1,0.03000300030003
1133,1,7,0,1,2,,1O:1O1S:1O1S:1O1S:1O1S:1O1S:1S,,,1L:1L,1,0.03000300030003
1134,1,7,0,1,1,1O,::::1O:1O:1S,,,1L,1,0.03000300030003
1135,1,7,0,1,1,1O,::::1O:1O1S:1S,,,1L,1,0.03000300030003
1136,1,7,0,1,1,1O,:::1O:1O1S:1O1S:1O1S,,,1L,1,0.03000300030003
1137,1,7,0,1,1,,::::1O1S:1O1S:1S,,,1L,1,0.03000300030003
1138,1,7,0,1,1,,:::1O:1O:1O1S:1S,,,1L,1,0.03000300030003
1139,1,7,0,2,1,,:::::1O1S:1S,,3S:3S:3S:4S:4S:4S:5S:5S,1L,1,0.03000300030003
1140,1,7,0,2,1,,:::::1O:1O1S,,::1S:1S:2S:2S:2S:2S,1L,1,0.03000300030003
1141,1,7,1,1,0,,:::::1S:1S,,,,1,0.03000300030003
1142,1,7,1,1,1,,::::1O1S:1O1S:1O1S,,,1L,1,0.03000300030003
1143,1,8,0,2,1,,:::::1O:1O:1O,,1S:1S:1S:2S:3S:3S:3S:3S,1L,1,0.03000300030003
1144,1,8,0,1,2,,:::1O:1O:1O:1O1S:1S,,,1L:1L,1,0.03000300030003
1145,1,8,0,1,2,,:::1O:1O:1O:1O1S:1O1S,,,1L:1L,1,0.03000300030003
1146,1,8,0,1,2,,::1O:1O:1O1S:1O1S:1O1S:1O1S,,,1L:1L,1,0.03000300030003
1147,1,8,0,1,2,,:1O:1O:1O:1O1S:1O1S:1O1S:1S,,,1L:1L,1,0.03000300030003
1148,1,8,0,1,1,1O,:::::1O1S:1O1S:1S,,,1L,1,0.03000300030003
1149,1,8,0,1,1,,::::1O:1O:1O1S:1S,,,1L,1,0.03000300030003
1150,1,8,0,1,1,,::::1O:1O1S:1O1S:1S,,,1L,1,0.03000300030003
1151,1,8,0,1,0,1O,:::::::1S,,,,1,0.03000300030003
1152,1,8,0,1,0,1O,::::::1O1S:1S,,,,1,0.03000300030003
1153,1,8,0,1,0,1O,:::::1S:1S:1S,,,,1,0.03000300030003
1154,1,8,0,1,0,,:::::::,,,,1,0.03000300030003
1155,1,7,1,1,2,,:::1O:1O:1O1S:1S,1O,,1L:1L,1,0.03000300030003
1156,1,7,1,1,2,,:::1O:1O1S:1O1S:1O1S,1O,,1L:1L,1,0.03000300030003
1157,1,7,1,1,1,1O,:::::1O:1O1S,,,1L,1,0.03000300030003
1158,1,7,1,1,1,1O,::::1O:1O1S:1S,,,1L,1,0.03000300030003
1159,1,7,1,1,1,,:::::1O:1O1S,,,1L,1,0.03000300030003
1160,1,5,2,1,2,1O,:1O:1O:1O1S:1O1S,:,,1L:1L,1,0.03000300030003
1161,1,5,2,1,1,1O,::1O:1O1S:1S,1O:1O,,1L,1,0.03000300030003
1162,2,4,0,1,1,:1O,:1O1S:1O1S:1S,,,1L,1,0.03000300030003
1163,0,7,0,1,2,,:::1O:1O1S:1O1S:1S,,,1L:1L,1,0.03000300030003
1164,0,7,1,1,1,,:::1O:1O1S:1S:1S,1O,,1L,1,0.03000300030003
1165,0,7,1,1,0,,::::::1S,1O,,,1,0.03000300030003
1166,0,7,1,1,0,,::::::1S,,,,1,0.03000300030003
1167,0,7,1,1,0,,:::::1S:1S,,,,1,0.03000300030003
1168,0,7,0,2,2,,:::1O1S:1O1S:1S:1S,,1S:1S:1S:2S:3S:3S:3S:3S,1L:1L,1,0.03000300030003
1169,0,7,0,2,1,,::::1O:1O1S:1S,,:1S:1S:1S:2S:2S:2S:2S,1L,1,0.03000300030003
1170,0,7,0,2,1,,::::1O1S:1O1S:1S,,2S:2S:2S:3S:3S:4S:4S:4S,1L,1,0.03000300030003
1171,0,7,0,1,2,,:::1O:1O:1O1S:1O1S,,,1L:1L,1,0.03000300030003
1172,0,7,0,1,2,,:::1O:1O1S:1O1S:1O1S,,,1L:1L,1,0.03000300030003
1173,0,7,0,1,1,,::1O:1O1S:1O1S:1S:1S,,,1L,1,0.03000300030003
1174,0,7,0,1,2,,::1O:1O:1O1S:1O1S:1S,,,1L:1L,1,0.03000300030003
1175,0,7,0,1,2,,::1O:1O:1O1S:1O1S:1O1S,,,1L:1L,1,0.03000300030003
1176,0,7,0,1,2,,::1O:1O1S:1O1S:1O1S:1O1S,,,1L:1L,1,0.03000300030003
1177,0,7,0,1,2,,:1O:1O1S:1O1S:1O1S:1S:1S,,,1L:1L,1,0.03000300030003
1178,0,7,0,1,1,,::::1O:1O:1S,,,1L,1,0.03000300030003
1179,0,7,0,1,1,,::::1O:1O:1O1S,,,1L,1,0.03000300030003
1180,0,7,0,1,1,,::::1O:1O1S:1O1S,,,1L,1,0.03000300030003
1181,0,7,0,1,1,,:::1O:1O:1O:1S,,,1L,1,0.03000300030003
1182,0,7,1,1,1,,::::1O:1O1S:1O1S,,,1L,1,0.03000300030003
1183,0,7,1,1,1,,::::1O:1O:1O1S,1O,,1L,1,0.03000300030003
1184,0,7,1,1,2,,:1O:1O1S:1O1S:1O1S:1S:1S,,,1L:1L,1,0.03000300030003
1185,0,7,1,1,2,,::1O:1O:1O1S:1O1S:1O1S,,,1L:1L,1,0.03000300030003
1186,0,8,0,1,2,,::::1O:1O:1O1S:1O1S,,,1L:1L,1,0.03000300030003
1187,0,8,0,1,2,,:::1O:1O:1O:1O1S:1O1S,,,1L:1L,1,0.03000300030003
1188,0,8,0,1,2,,:::1O:1O:1O1S:1O1S:1S,,,1L:1L,1,0.03000300030003
1189,0,8,0,1,2,,:::1O:1O:1O1S:1O1S:1O1S,,,1L:1L,1,0.03000300030003
1190,0,8,0,1,2,,:::1O1S:1O1S:1O1S:1S:1S,,,1L:1L,1,0.03000300030003
1191,0,8,0,1,2,,::1O:1O:1O:1O1S:1O1S:1O1S,,,1L:1L,1,0.03000300030003
1192,0,8,0,1,2,,::1O:1O1S:1O1S:1O1S:1O1S:1S,,,1L:1L,1,0.03000300030003
1193,0,8,0,1,2,,:1O:1O:1O1S:1O1S:1O1S:1O1S:1S,,,1L:1L,1,0.03000300030003
1194,0,8,0,1,1,,:::1O:1O:1O:1O1S:1S,,,1L,1,0.03000300030003
1195,0,8,0,1,1,,:::1O:1O1S:1O1S:1S:1S,,,1L,1,0.03000300030003
1196,0,8,0,1,1,,:::1O1S:1O1S:1O1S:1S:1S,,,1L,1,0.03000300030003
1197,0,8,0,1,1,,::1O:1O1S:1S:1S:1S:1S,,,1L,1,0.03000300030003
1198,0,8,0,1,0,,:::::::1S,,,,1,0.03000300030003
1199,0,8,0,1,0,,::::1O1S:1O1S:1O1S:1S,,,,1,0.03000300030003
1200,0,7,1,1,2,,::::1O:1O1S:1O1S,,,1L:1L,1,0.03000300030003
1201,0,7,1,1,2,,:::1O:1O:1O1S:1O1S,,,1L:1L,1,0.03000300030003
1202,0,7,1,1,2,,::1O:1O:1O:1O1S:1S,,,1L:1L,1,0.03000300030003
1203,0,7,0,1,1,,:::1O1S:1O1S:1O1S:1S,,,1L,1,0.03000300030003
1204,0,7,0,1,0,,::::::1S,,,,1,0.03000300030003
1205,0,9,0,1,2,,:::1O:1O:1O:1O1S:1O1S:1O1S,,,1L:1L,1,0.03000300030003
1206,0,5,1,1,2,,1O:1O1S:1O1S:1O1S:1S,,,1L:1L,1,0.03000300030003
1207,0,6,0,1,1,,::1O:1O1S:1O1S:1S,,,1L,1,0.03000300030003
1208,0,6,0,1,1,,::1O1S:1O1S:1O1S:1S,,,1L,1,0.03000300030003
1209,0,6,0,1,0,,:::::,,,,1,0.03000300030003
1210,0,6,0,1,0,,::::1S:1S,,,,1,0.03000300030003
1211,0,6,0,1,0,,:::1S:1S:1S,,,,1,0.03000300030003
1212,0,6,0,1,0,,:::1O1S:1S:1S,,,,1,0.03000300030003
1213,0,5,2,1,2,,:1O:1O1S:1O1S:1S,:,,1L:1L,1,0.03000300030003
1214,0,5,1,2,1,,:::1O1S:1O1S,1O,3S:3S:3S:3S:4S:4S:5S:5S,1L,1,0.03000300030003
1215,0,5,1,1,1,,:::1O1S:1O1S,,,1L,1,0.03000300030003
1216,0,7,0,1,0,,:::::1S:1S,,,,1,0.03000300030003
1217,0,5,1,1,0,,::::1S,,,,1,0.03000300030003
1218,0,5,1,1,0,,::::,1N,,,1,0.03000300030003
1219,0,5,1,1,0,,::::,,,,1,0.03000300030003
1220,0,5,0,2,1,,::1O:1O1S:1O1S,,1S:1S:1S:1S:2S:2S:3S:3S,1L,1,0.03000300030003
1221,0,5,0,1,2,,:1O1S:1O1S:1O1S:1S,,,1L:1L,1,0.03000300030003
1222,0,5,0,1,2,,1O:1O:1O1S:1O1S:1S,,,1L:1L,1,0.03000300030003
1223,0,5,0,1,2,,1O1S:1O1S:1O1S:1O1S:1S,,,1L:1L,1,0.03000300030003
1224,0,5,0,1,1,,::::1O,,,1L,1,0.03000300030003
1225,0,6,0,1,1,,:::1O1S:1O1S:1O1S,,,1L,1,0.03000300030003
1226,0,6,0,1,1,,:::1O:1O1S:1O1S,,,1L,1,0.03000300030003
1227,0,6,0,1,1,,:::1O:1O1S:1S,,,1L,1,0.03000300030003
1228,0,6,0,1,2,,1O:1O1S:1O1S:1O1S:1O1S:1O1S,,,1L:1L,1,0.03000300030003
1229,0,7,0,1,0,,::::1S:1S:1S,,,,1,0.03000300030003
1230,0,6,1,2,1,,:::1O:1O1S:1S,,2S:2S:2S:3S:3S:4S:4S:4S,1L,1,0.03000300030003
1231,0,6,1,1,2,,:::1O:1O:1O1S,,,1L:1L,1,0.03000300030003
1232,0,6,1,1,2,,:::1O:1O1S:1O1S,1O,,1L:1L,1,0.03000300030003
1233,0,6,1,1,2,,:::1O1S:1O1S:1O1S,,,1L:1L,1,0.03000300030003
1234,0,6,1,1,2,,1O:1O1S:1O1S:1O1S:1S:1S,,,1L:1L,1,0.03000300030003
1235,0,6,1,1,1,,:::1O:1O1S:1S,,,1L,1,0.03000300030003
1236,0,6,1,1,1,,:::1O:1O1S:1O1S,,,1L,1,0.03000300030003
1237,0,6,1,1,1,,::1O:1O1S:1S:1S,1O,,1L,1,0.03000300030003
1238,0,6,1,1,1,,::1O:1O1S:1O1S:1S,1O,,1L,1,0.03000300030003
1239,0,6,1,1,0,,:::::1O1S,1O,,,1,0.03000300030003
1240,0,6,0,2,1,,:::::1O1S,,3S:3S:3S:3S:4S:4S:5S:5S,1L,1,0.03000300030003
1241,0,6,0,2,1,,:::::1O1S,,2S:2S:3S:3S:3S:4S:4S:4S,1L,1,0.03000300030003
1242,0,6,0,2,1,,::1O:1O1S:1O1S:1S,,1S:1S:1S:2S:2S:3S:3S:3S,1L,1,0.03000300030003
1243,0,6,0,1,2,,::1O:1O:1O1S:1O1S,,,1L:1L,1,0.03000300030003
1244,0,6,0,1,2,,::1O:1O1S:1O1S:1S,,,1L:1L,1,0.03000300030003
1245,0,6,0,1,2,,1O:1O:1O:1O1S:1S:1S,,,1L:1L,1,0.03000300030003
1246,0,8,1,1,2,,::1O:1O:1O:1O1S:1O1S:1S,,,1L:1L,1,0.03000300030003
1247,0,9,0,1,2,,::::1O:1O:1O:1O:1O1S,,,1L:1L,1,0.03000300030003
1248,1,5,2,1,0,,::::1S,:,,,1,0.03000300030003
1249,1,5,0,2,1,,::::1O1S,,3S:3S:3S:4S:4S:4S:5S:5S,1L,1,0.03000300030003
1250,1,5,1,1,0,,:::1S:1S,,,,1,0.03000300030003
1251,1,5,1,1,0,,:::1O:1S,,,,1,0.03000300030003
1252,1,5,1,1,0,,::1S:1S:1S,,,,1,0.03000300030003
1253,1,5,1,1,0,,:1O1S:1S:1S:1S,,,,1,0.03000300030003
1254,1,5,0,2,2,,:1O:1O:1O1S:1O1S,,2S:2S:2S:3S:3S:4S:4S:4S,1L:1L,1,0.03000300030003
1255,1,5,0,2,1,1O,::::1O1S,,1S:1S:1S:2S:3S:3S:3S:3S,1L,1,0.03000300030003
1256,1,5,0,2,1,1O,::1O1S:1S:1S,,1S:1S:1S:2S:3S:3S:3S:3S,1L,1,0.03000300030003
1257,1,5,0,2,1,1O,:1O:1O1S:1O1S:1S,,:1S:1S:1S:2S:2S:2S:2S,1L,1,0.03000300030003
1258,1,5,0,2,1,,:::1O:1O1S,,1S:1S:1S:2S:2S:2S:3S:3S,1L,1,0.03000300030003
1259,1,5,0,1,2,,1O:1O1S:1O1S:1O1S:1O1S,,,1L:1L,1,0.03000300030003
1260,1,5,0,2,1,,:::1O1S:1O1S,,2S:2S:2S:2S:2S:2S:3S:3S,1L,1,0.03000300030003
1261,1,5,0,2,1,,::1O:1S:1S,,3S:3S:3S:3S:4S:4S:5S:5S,1L,1,0.03000300030003
1262,1,5,0,1,2,1O,::1O1S:1O1S:1O1S,,,1L:1L,1,0.03000300030003
1263,1,5,0,1,2,1O,:1O:1O1S:1O1S:1S,,,1L:1L,1,0.03000300030003
1264,1,5,0,1,2,1O,:1O:1O1S:1O1S:1O1S,,,1L:1L,1,0.03000300030003
1265,1,5,0,1,2,1O,:1O1S:1O1S:1O1S:1S,,,1L:1L,1,0.03000300030003
1266,1,5,0,1,2,1O,1O:1O1S:1O1S:1O1S:1S,,,1L:1L,1,0.03000300030003
1267,1,5,0,1,2,1O,1O:1O1S:1O1S:1O1S:1O1S,,,1L:1L,1,0.03000300030003
1268,1,5,1,1,0,,::::1O,,,,1,0.03000300030003
1269,1,5,1,1,0,,::::1O1S,,,,1,0.03000300030003
1270,1,5,1,1,0,1O,:1O1S:1O1S:1S:1S,,,,1,0.03000300030003
1271,1,5,1,1,0,1O,::::,,,,1,0.03000300030003
1272,1,5,1,2,2,1O,::1O:1O1S:1O1S,,1S:1S:1S:2S:3S:3S:3S:3S,1L:1L,1,0.03000300030003
1273,1,5,1,2,1,1O,:::1O:1S,,1S:1S:1S:2S:3S:3S:3S:3S,1L,1,0.03000300030003
1274,1,5,1,2,1,,::::1O1S,,2S:2S:2S:3S:3S:4S:4S:4S,1L,1,0.03000300030003
1275,1,5,1,2,1,,:::1O1S:1S,1O,1S:1S:1S:2S:3S:3S:3S:3S,1L,1,0.03000300030003
1276,1,5,1,2,1,,:::1O1S:1S,,3S:3S:3S:4S:4S:4S:5S:5S,1L,1,0.03000300030003
1277,1,5,1,1,2,1O,:1O:1O1S:1O1S:1O1S,,,1L:1L,1,0.03000300030003
1278,1,5,1,1,2,,::1O1S:1O1S:1O1S,1O,,1L:1L,1,0.03000300030003
1279,1,5,1,1,2,,:1O1S:1O1S:1O1S:1O1S,,,1L:1L,1,0.03000300030003
1280,1,5,1,1,2,,1O:1O1S:1O1S:1O1S:1S,1O,,1L:1L,1,0.03000300030003
1281,1,5,1,1,1,2O,:::1O:1O1S,,,1L,1,0.03000300030003
1282,1,5,1,1,1,1O,:::1O1S:1S,1O,,1L,1,0.03000300030003
1283,1,5,1,1,1,,:::1S:1S,,,1L,1,0.03000300030003
1284,1,5,1,1,1,,:::1O:1O1S,,,1L,1,0.03000300030003
1285,1,5,1,1,1,,:::1O1S:1O1S,1O1S,,1L,1,0.03000300030003
1286,1,5,1,1,1,,::1O:1O:1O1S,,,1L,1,0.03000300030003
1287,1,5,1,1,1,,::1O:1O1S:1S,2O,,1L,1,0.03000300030003
1288,1,5,1,1,0,1O,::::,1O,,,1,0.03000300030003
1289,1,5,0,1,2,,::1O:1O:1O1S,,,1L:1L,1,0.03000300030003
1290,1,5,0,1,1,2O,:::1O1S:1O1S,,,1L,1,0.03000300030003
1291,1,3,0,2,1,,:1O1S:1S,,3S:3S:3S:3S:4S:4S:5S:5S,1L,1,0.03000300030003
1292,1,4,0,1,1,1O,:1O:1O1S:1S,,,1L,1,0.03000300030003
1293,1,4,1,1,2,,:1O1S:1O1S:1O1S,,,1L:1L,1,0.03000300030003
1294,1,4,1,1,1,1O,::1O1S:1O1S,,,1L,1,0.03000300030003
1295,1,4,1,1,1,,1O1S:1O1S:1O1S:1S,,,1L,1,0.03000300030003
1296,1,4,1,1,0,1O,::1S:1S,,,,1,0.03000300030003
1297,1,4,1,1,0,,:::,,,,1,0.03000300030003
1298,1,4,0,2,1,,:1O1S:1O1S:1S,,3S:3S:3S:3S:4S:4S:5S:5S,1L,1,0.03000300030003
1299,1,4,0,1,1,2O,:1O1S:1O1S:1O1S,,,1L,1,0.03000300030003
1300,1,4,0,1,1,1O,::1O:1O1S,,,1L,1,0.03000300030003
1301,1,4,0,1,1,1O,:1O:1O1S:1O1S,,,1L,1,0.03000300030003
1302,1,5,0,1,1,2O,::1O1S:1O1S:1S,,,1L,1,0.03000300030003
1303,1,4,0,1,1,1O,:1O1S:1O1S:1O1S,,,1L,1,0.03000300030003
1304,1,4,0,1,1,1O,1O1S:1O1S:1S:1S,,,1L,1,0.03000300030003
1305,1,4,0,1,1,1O,1O1S:1O1S:1O1S:1S,,,1L,1,0.03000300030003
1306,1,4,0,1,1,,::1O:1O1S,,,1L,1,0.03000300030003
1307,1,4,0,1,1,,1O:1O1S:1O1S:1S,,,1L,1,0.03000300030003
1308,1,4,0,1,1,,1O1S:1O1S:1O1S:1S,,,1L,1,0.03000300030003
1309,1,4,0,1,0,1O,:::,,,,1,0.03000300030003
1310,1,3,1,1,0,,1S:1S:1S,,,,1,0.03000300030003
1311,1,4,1,2,1,,:1O1S:1S:1S,1O,2S:2S:2S:3S:3S:4S:4S:4S,1L,1,0.03000300030003
1312,1,4,1,2,1,1O,:::1O1S,,3S:3S:3S:4S:4S:4S:5S:5S,1L,1,0.03000300030003
1313,1,5,0,1,0,,::1O1S:1O1S:1S,,,,1,0.03000300030003
1314,1,5,0,1,0,,::1O1S:1S:1S,,,,1,0.03000300030003
1315,1,5,0,1,1,1O,::1O:1O:1S,,,1L,1,0.03000300030003
1316,1,5,0,1,1,1O,::1O:1O1S:1S,,,1L,1,0.03000300030003
1317,1,5,0,1,1,1O,:1O1S:1O1S:1O1S:1S,,,1L,1,0.03000300030003
1318,1,5,0,1,1,1O,1O:1O:1O1S:1S:1S,,,1L,1,0.03000300030003
1319,1,5,0,1,1,,:::1O:1O,,,1L,1,0.03000300030003
1320,1,5,0,1,1,,:::1O1S:1O1S,,,1L,1,0.03000300030003
1321,1,5,0,1,1,,::1O:1O1S:1S,,,1L,1,0.03000300030003
1322,1,5,0,1,1,,::1O1S:1O1S:1S,,,1L,1,0.03000300030003
1323,1,5,0,1,1,,:1O:1O:1O1S:1S,,,1L,1,0.03000300030003
1324,1,5,0,1,1,,:1O:1O1S:1S:1S,,,1L,1,0.03000300030003
1325,1,5,0,1,1,,:1O:1O1S:1O1S:1O1S,,,1L,1,0.03000300030003
1326,1,5,0,1,1,,1O1S:1O1S:1O1S:1S:1S,,,1L,1,0.03000300030003
1327,1,5,0,1,0,2O,::::1S,,,,1,0.03000300030003
1328,1,5,0,1,0,2O,:::1S:1S,,,,1,0.03000300030003
1329,1,5,0,1,0,1O,::::1S,,,,1,0.03000300030003
1330,1,5,0,1,0,,:::1O:1S,,,,1,0.03000300030003
1331,1,5,0,1,0,,::1S:1S:1S,,,,1,0.03000300030003
1332,2,4,0,1,1,:1O,1O:1O:1S:1S,,,1L,1,0.03000300030003
1333,2,4,0,1,1,:1O,:1O:1O1S:1O1S,,,1L,1,0.03000300030003
1334,3,5,0,1,0,::,::::1O1S,,,,1,0.03000300030003
1335,3,2,1,1,1,:1O:1O,1O1S:1S,1O,,1L,1,0.03000300030003
1336,3,3,0,1,1,1O:2O:2O,:1O1S:1O1S,,,1L,1,0.03000300030003
1337,3,3,0,1,1,1O:1O:2O,:1O:1O1S,,,1L,1,0.03000300030003
1338,3,3,0,1,1,1O:1O:1O,:1O1S:1O1S,,,1L,1,0.03000300030003
1339,3,3,0,1,0,::1O,:1O1S:1S,,,,1,0.03000300030003
1340,3,3,0,1,0,:2O:2O,::,,,,1,0.03000300030003
1341,3,3,0,1,0,1O:1O:2O,::1S,,,,1,0.03000300030003
1342,3,3,0,1,0,1O:1O:2O,:1O1S:1S,,,,1,0.03000300030003
1343,3,2,1,1,1,::1O,1O1S:1O1S,,,1L,1,0.03000300030003
1344,3,2,1,1,0,::2O,:,,,,1,0.03000300030003
1345,2,8,0,1,2,:,::::1O:1O:1O1S:1O1S,,,1L:1L,1,0.03000300030003
1346,3,2,1,1,0,::1O,:1S,,,,1,0.03000300030003
1347,3,2,1,1,0,::,:1S,,,,1,0.03000300030003
1348,3,2,1,1,0,::,:,,,,1,0.03000300030003
1349,3,2,0,2,1,::1O,1O:1S,,3S:3S:3S:3S:4S:4S:5S:5S,1L,1,0.03000300030003
1350,3,2,0,2,1,:1O:1O,:1O1S,,2S:2S:2S:3S:3S:4S:4S:4S,1L,1,0.03000300030003
1351,3,2,0,1,1,::2O,1O1S:1O1S,,,1L,1,0.03000300030003
1352,3,2,0,1,0,::,:1S,,,,1,0.03000300030003
1353,3,2,0,1,0,:1O:2O,:,,,,1,0.03000300030003
1354,3,3,0,1,1,:1O:1O,1O:1O1S:1S,,,1L,1,0.03000300030003
1355,3,3,0,1,1,:1O:1O,:1O1S:1O1S,,,1L,1,0.03000300030003
1356,3,3,0,1,1,:1O:2O,1O:1O1S:1O1S,,,1L,1,0.03000300030003
1357,3,3,0,1,1,:1O:2O,:1O1S:1O1S,,,1L,1,0.03000300030003
1358,3,3,1,1,0,::1O,::1S,,,,1,0.03000300030003
1359,3,3,1,1,0,::1O,:1S:1S,,,,1,0.03000300030003
1360,0,4,1,2,1,,::1O1S:1S,1N2O1S,1S:1S:1S:2S:3S:3S:3S:3S,1L,1,0.03000300030003
1361,3,3,1,1,0,:1O:1O,::,1O,,,1,0.03000300030003
1362,3,3,1,1,0,:1O:1O,::,,,,1,0.03000300030003
1363,3,3,0,2,1,::1O,:1O1S:1S,,2S:2S:2S:3S:3S:4S:4S:4S,1L,1,0.03000300030003
1364,3,3,0,2,1,1O:1O:2O,::1O1S,,1S:1S:1S:2S:3S:3S:3S:3S,1L,1,0.03000300030003
1365,3,3,0,2,0,::,::1O1S,,1S:1S:1S:1S:1S:2S:2S:2S,,1,0.03000300030003
1366,3,3,0,1,2,::2O,1O:1O1S:1O1S,,,1L:1L,1,0.03000300030003
1367,3,3,0,1,2,::,1O1S:1O1S:1O1S,,,1L:1L,1,0.03000300030003
1368,3,3,0,1,2,:1O:1O,1O:1O:1O1S,,,1L:1L,1,0.03000300030003
1369,3,3,0,1,1,::1O,:1O:1O1S,,,1L,1,0.03000300030003
1370,3,3,0,1,1,::1O,:1O1S:1O1S,,,1L,1,0.03000300030003
1371,3,3,0,1,1,::1O,1O1S:1O1S:1S,,,1L,1,0.03000300030003
1372,3,3,0,1,1,::1O,1O1S:1O1S:1O1S,,,1L,1,0.03000300030003
1373,3,3,0,1,1,::,1O1S:1O1S:1O1S,,,1L,1,0.03000300030003
1374,3,3,0,1,1,:1O:2O,:1O:1O1S,,,1L,1,0.03000300030003
1375,3,2,0,1,0,:1O:1O,:,,,,1,0.03000300030003
1376,2,8,0,1,2,:,:::1O:1O1S:1O1S:1O1S:1O1S,,,1L:1L,1,0.03000300030003
1377,3,3,1,1,1,1O:1O:1O,::1O1S,2O,,1L,1,0.03000300030003
1378,2,7,0,1,0,:1O,::::::1O,,,,1,0.03000300030003
1379,2,7,0,1,1,:,:::1O1S:1O1S:1O1S:1S,,,1L,1,0.03000300030003
1380,2,7,0,1,1,:,::1O1S:1O1S:1O1S:1S:1S,,,1L,1,0.03000300030003
1381,2,7,0,1,1,1O:1O,::::1O:1O1S:1O1S,,,1L,1,0.03000300030003
1382,2,7,0,1,1,1O:1O,:::1O:1O:1S:1S,,,1L,1,0.03000300030003
1383,2,7,0,1,1,1O:1O,:::1O:1O:1O:1S,,,1L,1,0.03000300030003
1384,2,7,0,1,0,:2O,::::::1S,,,,1,0.03000300030003
1385,2,7,0,1,0,:2O,:::::1O1S:1S,,,,1,0.03000300030003
1386,2,7,0,1,0,:1O,::::::1S,,,,1,0.03000300030003
1387,2,7,0,1,0,:1O,::::::,,,,1,0.03000300030003
1388,2,7,1,1,1,:1O,::::1O:1O1S:1O1S,,,1L,1,0.03000300030003
1389,2,7,0,1,0,:1O,:::::1S:1S,,,,1,0.03000300030003
1390,2,7,0,1,0,:,::::::1S,,,,1,0.03000300030003
1391,2,7,0,1,0,:,::::::1O1S,,,,1,0.03000300030003
1392,2,7,0,1,0,:,:::::1S:1S,,,,1,0.03000300030003
1393,2,7,0,1,0,1O:1O,::::::,,,,1,0.03000300030003
1394,2,6,2,1,1,1O:2O,::::1O:1O,1O:1O,,1L,1,0.03000300030003
1395,2,6,1,1,2,:,:::1O:1O:1O1S,1O,,1L:1L,1,0.03000300030003
1396,2,6,1,1,2,:,::1O:1O1S:1O1S:1O1S,2O,,1L:1L,1,0.03000300030003
1397,2,7,0,1,1,:,:::1O:1O1S:1O1S:1O1S,,,1L,1,0.03000300030003
1398,2,7,0,1,1,:,:::1O:1O:1O1S:1O1S,,,1L,1,0.03000300030003
1399,2,7,0,1,1,:,:::1O:1O:1O1S:1S,,,1L,1,0.03000300030003
1400,2,7,0,1,1,:,:::1O:1O:1O:1S,,,1L,1,0.03000300030003
1401,2,7,1,1,1,:,::::1O:1O1S:1S,,,1L,1,0.03000300030003
1402,2,7,1,1,0,:1O,::::::1S,1O,,,1,0.03000300030003
1403,2,7,0,1,2,:2O,::1O:1O:1O1S:1O1S:1S,,,1L:1L,1,0.03000300030003
1404,2,7,0,1,2,:1O,::::1O:1O1S:1O1S,,,1L:1L,1,0.03000300030003
1405,2,7,0,1,2,:1O,:::1O:1O:1O1S:1O1S,,,1L:1L,1,0.03000300030003
1406,2,7,0,1,2,:1O,:::1O:1O1S:1O1S:1S,,,1L:1L,1,0.03000300030003
1407,2,7,0,1,2,:1O,:1O:1O:1O:1O1S:1O1S:1S,,,1L:1L,1,0.03000300030003
1408,2,7,0,1,2,:,::1O:1O:1O:1O:1O1S,,,1L:1L,1,0.03000300030003
1409,2,7,0,1,2,1O:2O,::1O:1O:1O1S:1O1S:1O1S,,,1L:1L,1,0.03000300030003
1410,2,7,0,1,2,1O:1O,:::1O:1O:1O:1S,,,1L:1L,1,0.03000300030003
1411,2,7,0,1,2,1O:1O,:::1O:1O1S:1O1S:1O1S,,,1L:1L,1,0.03000300030003
1412,2,7,0,1,2,1O:1O,::1O:1O1S:1O1S:1O1S:1O1S,,,1L:1L,1,0.03000300030003
1413,2,7,0,1,1,:1O,:::::1O1S:1O1S,,,1L,1,0.03000300030003
1414,2,7,0,1,1,:1O,::1O:1O:1O1S:1S:1S,,,1L,1,0.03000300030003
1415,2,7,0,1,1,:,::::1O:1O1S:1S,,,1L,1,0.03000300030003
1416,2,7,0,1,1,:,::::1O1S:1O1S:1O1S,,,1L,1,0.03000300030003
1417,2,7,0,1,1,:,:::1O:1O:1S:1S,,,1L,1,0.03000300030003
1418,3,3,1,1,0,::2O,::1S,,,,1,0.03000300030003
1419,3,3,1,1,1,:1O:1O,:1O1S:1O1S,,,1L,1,0.03000300030003
1420,2,6,1,1,2,:,:1O:1O:1O1S:1O1S:1O1S,,,1L:1L,1,0.03000300030003
1421,3,4,0,2,1,::1O,:::1O1S,,1S:1S:1S:2S:3S:3S:3S:3S,1L,1,0.03000300030003
1422,3,4,1,1,0,::,::1S:1S,1O,,,1,0.03000300030003
1423,3,4,1,1,0,:1O:2O,:::1S,,,,1,0.03000300030003
1424,3,4,1,1,0,:1O:2O,:::1O1S,1O,,,1,0.03000300030003
1425,3,4,1,1,0,:1O:1O,:::1S,,,,1,0.03000300030003
1426,3,4,1,1,0,:1O:1O,:::1O1S,,,,1,0.03000300030003
1427,3,4,1,1,0,:1O:1O,:::,1O,,,1,0.03000300030003
1428,3,4,0,2,1,::2O,::1O:1S,,1S:1S:1S:2S:3S:3S:3S:3S,1L,1,0.03000300030003
1429,3,4,0,2,1,::1O,:::1O1S,,2S:3S:3S:3S:4S:4S:4S:4S,1L,1,0.03000300030003
1430,3,4,0,2,1,::1O,:::1O,,2S:2S:2S:3S:3S:4S:4S:4S,1L,1,0.03000300030003
1431,3,4,0,1,2,::1O,1O:1O1S:1O1S:1S,,,1L:1L,1,0.03000300030003
1432,3,4,0,2,1,::1O,::1O:1S,,2S:2S:2S:3S:3S:4S:4S:4S,1L,1,0.03000300030003
1433,3,4,0,2,1,::1O,::1O:1O,,1S:1S:1S:2S:2S:2S:2S:2S,1L,1,0.03000300030003
1434,3,4,0,2,1,::1O,::1O1S:1S,,2S:2S:2S:3S:3S:4S:4S:4S,1L,1,0.03000300030003
1435,3,4,0,2,1,::,:::1O1S,,2S:2S:2S:3S:3S:4S:4S:4S,1L,1,0.03000300030003
1436,3,4,0,2,1,::,::1O:1S,,1S:1S:1S:2S:3S:3S:3S:3S,1L,1,0.03000300030003
1437,3,4,0,2,1,:1O:1O,:::1O1S,,2S:2S:2S:3S:3S:4S:4S:4S,1L,1,0.03000300030003
1438,3,4,0,2,0,:1O:1O,:::1S,,1S:1S:1S:2S:2S:2S:2S:2S,,1,0.03000300030003
1439,3,4,0,1,2,::1O,:1O:1O:1O1S,,,1L:1L,1,0.03000300030003
1440,3,4,1,1,0,::,:::1S,1O,,,1,0.03000300030003
1441,3,4,1,1,0,::1O,:::,1O,,,1,0.03000300030003
1442,3,4,1,1,0,::2O,::1S:1S,1O,,,1,0.03000300030003
1443,3,4,1,1,0,::2O,:::,,,,1,0.03000300030003
1444,3,5,0,1,0,::,:1S:1S:1S:1S,,,,1,0.03000300030003
1445,3,5,0,1,0,:1O:2O,::::1S,,,,1,0.03000300030003
1446,3,5,0,1,0,:1O:2O,::::1O1S,,,,1,0.03000300030003
1447,3,5,0,1,0,:1O:2O,::::,,,,1,0.03000300030003
1448,3,5,0,1,0,:1O:1O,::::1O1S,,,,1,0.03000300030003
1449,3,5,0,1,0,:1O:1O,:::1S:1S,,,,1,0.03000300030003
1450,3,5,0,1,0,:1O:1O,:::1O1S:1S,,,,1,0.03000300030003
1451,3,5,0,1,0,1O:1O:1O,::::1S,,,,1,0.03000300030003
1452,3,5,0,1,0,1O:1O:1O,::::,,,,1,0.03000300030003
1453,3,5,0,1,0,1O:1O:1O,:::1S:1S,,,,1,0.03000300030003
1454,3,4,2,1,1,:1O:1O,::1O:1S,1O:1O,,1L,1,0.03000300030003
1455,3,4,1,1,1,::2O,::1O:1O1S,,,1L,1,0.03000300030003
1456,3,4,1,1,1,::1O,::1O:1O1S,,,1L,1,0.03000300030003
1457,3,4,1,1,1,::1O,::1O1S:1S,1O,,1L,1,0.03000300030003
1458,3,4,1,1,1,::1O,:1O1S:1O1S:1S,,,1L,1,0.03000300030003
1459,3,4,1,1,1,:1O:2O,::1O:1O1S,1O,,1L,1,0.03000300030003
1460,3,4,1,1,1,:1O:1O,::1O:1O1S,2O1S,,1L,1,0.03000300030003
1461,3,4,0,1,2,::1O,1O:1O:1O1S:1S,,,1L:1L,1,0.03000300030003
1462,3,4,0,1,2,::,:1O1S:1O1S:1O1S,,,1L:1L,1,0.03000300030003
1463,3,3,1,1,1,:1O:1O,:1O:1O1S,,,1L,1,0.03000300030003
1464,3,4,0,1,0,:1O:1O,:1S:1S:1S,,,,1,0.03000300030003
1465,3,4,0,1,1,1O:1O:1O,::1O:1O,,,1L,1,0.03000300030003
1466,3,4,0,1,1,1O:1O:1O,::1O1S:1O1S,,,1L,1,0.03000300030003
1467,3,4,0,1,1,1O:1O:1O,:1O:1O1S:1S,,,1L,1,0.03000300030003
1468,3,4,0,1,0,::2O,:::1O1S,,,,1,0.03000300030003
1469,3,4,0,1,0,::2O,::1S:1S,,,,1,0.03000300030003
1470,3,4,0,1,0,::1O,::1O:1O1S,,,,1,0.03000300030003
1471,3,4,0,1,0,::,:::1O1S,,,,1,0.03000300030003
1472,3,4,0,1,0,:1O:1O,::1O1S:1S,,,,1,0.03000300030003
1473,3,4,0,1,0,:1O:1O,:1O:1S:1S,,,,1,0.03000300030003
1474,3,4,0,1,2,::,1O:1O:1O:1O1S,,,1L:1L,1,0.03000300030003
1475,3,4,0,1,0,1O:1O:2O,::1S:1S,,,,1,0.03000300030003
1476,3,4,0,1,0,1O:1O:1O,:::,,,,1,0.03000300030003
1477,3,4,0,1,0,1O:1O:1O,::1S:1S,,,,1,0.03000300030003
1478,3,3,2,1,1,::1O,::1O1S,:1O1S,,1L,1,0.03000300030003
1479,3,3,1,1,2,::,1O1S:1O1S:1O1S,,,1L:1L,1,0.03000300030003
1480,3,3,1,1,1,::1O,::1O1S,2O1S,,1L,1,0.03000300030003
1481,3,3,1,1,1,::,1O1S:1O1S:1S,,,1L,1,0.03000300030003
1482,3,3,1,1,1,:1O:2O,:1O:1S,,,1L,1,0.03000300030003
1483,3,4,0,1,1,1O:1O:1O,::1O:1O1S,,,1L,1,0.03000300030003
1484,3,4,0,1,1,:1O:1O,1O:1O1S:1O1S:1S,,,1L,1,0.03000300030003
1485,3,4,0,1,1,:1O:1O,:1O:1O1S:1O1S,,,1L,1,0.03000300030003
1486,3,4,0,1,1,:1O:1O,:1O:1O:1O1S,,,1L,1,0.03000300030003
1487,3,4,0,1,1,::2O,:1O:1O:1S,,,1L,1,0.03000300030003
1488,3,4,0,1,1,::2O,:1O:1O:1O1S,,,1L,1,0.03000300030003
1489,3,4,0,1,1,::2O,:1O:1O1S:1S,,,1L,1,0.03000300030003
1490,3,4,0,1,1,::2O,:1O:1O1S:1O1S,,,1L,1,0.03000300030003
1491,3,4,0,1,1,::2O,1O:1O1S:1O1S:1O1S,,,1L,1,0.03000300030003
1492,3,4,0,1,1,::1O,:1O:1O:1O1S,,,1L,1,0.03000300030003
1493,3,4,0,1,1,::1O,:1O:1O1S:1S,,,1L,1,0.03000300030003
1494,3,4,0,1,1,::1O,:1O1S:1O1S:1S,,,1L,1,0.03000300030003
1495,3,4,0,1,1,::1O,1O:1O:1O1S:1S,,,1L,1,0.03000300030003
1496,3,4,0,1,1,::1O,1O:1O1S:1O1S:1S,,,1L,1,0.03000300030003
1497,3,4,0,1,1,:2O:2O,:1O:1O1S:1O1S,,,1L,1,0.03000300030003
1498,3,4,0,1,1,:1O:2O,::1O:1O,,,1L,1,0.03000300030003
1499,3,4,0,1,1,:1O:2O,::1O1S:1O1S,,,1L,1,0.03000300030003
1500,3,4,0,1,1,:1O:2O,:1O:1O:1S,,,1L,1,0.03000300030003
1501,3,4,0,1,1,:1O:2O,:1O:1O1S:1S,,,1L,1,0.03000300030003
1502,3,4,0,1,1,:1O:2O,:1O:1O1S:1O1S,,,1L,1,0.03000300030003
1503,3,4,0,1,1,:1O:1O,:::1O1S,,,1L,1,0.03000300030003
1504,2,6,1,1,2,:,::1O1S:1O1S:1O1S:1O1S,,,1L:1L,1,0.03000300030003
1505,2,6,1,1,1,:2O,::::1O:1O,,,1L,1,0.03000300030003
1506,2,4,0,1,1,:2O,:1O:1O1S:1S,,,1L,1,0.03000300030003
1507,2,5,0,1,1,:1O,:1O:1O:1O1S:1O1S,,,1L,1,0.03000300030003
1508,2,5,0,1,2,:,1O:1O:1O1S:1O1S:1S,,,1L:1L,1,0.03000300030003
1509,2,5,0,1,2,1O:2O,1O1S:1O1S:1O1S:1S:1S,,,1L:1L,1,0.03000300030003
1510,2,5,0,1,2,1O:1O,::1O:1O1S:1O1S,,,1L:1L,1,0.03000300030003
1511,2,5,0,1,1,:2O,::1O:1O:1O,,,1L,1,0.03000300030003
1512,2,5,0,1,1,:2O,::1O1S:1O1S:1O1S,,,1L,1,0.03000300030003
1513,2,5,0,1,1,:2O,:1O:1O1S:1O1S:1S,,,1L,1,0.03000300030003
1514,2,5,0,1,1,:1O,::1O:1O:1O1S,,,1L,1,0.03000300030003
1515,2,5,0,1,1,:1O,:1O:1O:1S:1S,,,1L,1,0.03000300030003
1516,2,5,0,1,1,:1O,:1O:1O1S:1S:1S,,,1L,1,0.03000300030003
1517,2,5,0,1,1,1O:1O,::1O:1O1S:1S,,,1L,1,0.03000300030003
1518,2,5,0,1,1,:1O,:1O1S:1O1S:1S:1S,,,1L,1,0.03000300030003
1519,2,5,0,1,1,:1O,:1O1S:1O1S:1O1S:1S,,,1L,1,0.03000300030003
1520,2,5,0,1,1,:,::1O1S:1O1S:1S,,,1L,1,0.03000300030003
1521,2,5,0,1,1,:,:1O1S:1O1S:1O1S:1O1S,,,1L,1,0.03000300030003
1522,2,5,0,1,1,:,1O:1O1S:1O1S:1S:1S,,,1L,1,0.03000300030003
1523,2,5,0,1,1,1O:2O,:::1O:1O1S,,,1L,1,0.03000300030003
1524,2,5,0,1,1,1O:2O,:1O1S:1O1S:1O1S:1S,,,1L,1,0.03000300030003
1525,2,5,0,1,1,1O:1O,::1O:1O:1S,,,1L,1,0.03000300030003
1526,2,5,0,1,2,:,:1O1S:1O1S:1O1S:1O1S,,,1L:1L,1,0.03000300030003
1527,2,5,0,1,2,:,:1O1S:1O1S:1O1S:1S,,,1L:1L,1,0.03000300030003
1528,2,5,0,1,2,:,:1O:1O:1O1S:1O1S,,,1L:1L,1,0.03000300030003
1529,2,5,0,1,2,:,:1O:1O:1O:1O1S,,,1L:1L,1,0.03000300030003
1530,2,5,1,1,1,:,::1O:1O1S:1O1S,1O,,1L,1,0.03000300030003
1531,2,5,1,1,1,:,::1O1S:1O1S:1S,1O1S,,1L,1,0.03000300030003
1532,2,5,1,1,1,:,:1O:1O1S:1O1S:1S,,,1L,1,0.03000300030003
1533,2,5,1,1,1,1O:1O,:::1O:1O1S,1O,,1L,1,0.03000300030003
1534,2,5,1,1,1,1O:1O,:::1O:1O1S,,,1L,1,0.03000300030003
1535,2,5,1,1,0,:1O,::::1O,,,,1,0.03000300030003
1536,2,5,1,1,0,:1O,::1S:1S:1S,1O,,,1,0.03000300030003
1537,2,5,1,1,0,:,::::1S,1O,,,1,0.03000300030003
1538,2,5,1,1,0,:,::1O1S:1S:1S,,,,1,0.03000300030003
1539,2,5,1,1,0,1O:1O,::::,,,,1,0.03000300030003
1540,2,5,1,1,0,1O:1O,:::1S:1S,,,,1,0.03000300030003
1541,2,5,0,2,1,:1O,:::1O:1S,,1S:1S:1S:2S:3S:3S:3S:3S,1L,1,0.03000300030003
1542,2,5,0,2,1,:,::::1O1S,,3S:3S:3S:3S:4S:4S:5S:5S,1L,1,0.03000300030003
1543,2,5,0,2,0,:,::::1S,,:::1S:1S:2S:2S:2S,,1,0.03000300030003
1544,2,5,0,1,2,:1O,:1O:1O1S:1O1S:1S,,,1L:1L,1,0.03000300030003
1545,2,5,0,1,2,:1O,:1O1S:1O1S:1O1S:1S,,,1L:1L,1,0.03000300030003
1546,2,5,0,1,2,:1O,:1O1S:1O1S:1O1S:1O1S,,,1L:1L,1,0.03000300030003
1547,2,5,0,1,1,1O:1O,::1O:1O:1O1S,,,1L,1,0.03000300030003
1548,2,5,0,1,1,1O:1O,::1O1S:1O1S:1S,,,1L,1,0.03000300030003
1549,2,5,1,1,1,:,:::1O1S:1O1S,,,1L,1,0.03000300030003
1550,2,4,0,2,1,:2O,:1O:1O:1S,,1S:1S:1S:2S:3S:3S:3S:3S,1L,1,0.03000300030003
1551,2,4,1,1,1,1O:1O,:1O:1O1S:1O1S,,,1L,1,0.03000300030003
1552,2,4,1,1,0,:2O,:::1S,,,,1,0.03000300030003
1553,2,4,1,1,0,:1O,:::,1O,,,1,0.03000300030003
1554,2,4,1,1,0,:,:::1O1S,1O1S,,,1,0.03000300030003
1555,2,4,1,1,0,:,::1O:1S,,,,1,0.03000300030003
1556,2,4,1,1,0,:,::1O1S:1S,,,,1,0.03000300030003
1557,2,4,1,1,0,1O:1O,:::1S,,,,1,0.03000300030003
1558,2,4,0,2,2,:1O,::1O1S:1O1S,,1S:1S:1S:2S:3S:3S:3S:3S,1L:1L,1,0.03000300030003
1559,2,4,0,2,1,:1O,::1O:1O1S,,1S:1S:1S:2S:3S:3S:3S:3S,1L,1,0.03000300030003
1560,2,5,0,1,1,1O:1O,:1O:1O1S:1O1S:1S,,,1L,1,0.03000300030003
1561,2,4,0,2,1,:1O,::1O1S:1S,,1S:1S:1S:2S:3S:3S:3S:3S,1L,1,0.03000300030003
1562,2,4,0,2,1,:1O,:1O1S:1O1S:1S,,1S:1S:1S:1S:2S:2S:2S:3S,1L,1,0.03000300030003
1563,2,4,0,2,1,:,:::1O1S,,3S:3S:3S:3S:4S:4S:5S:5S,1L,1,0.03000300030003
1564,2,4,0,2,1,:,::1O1S:1S,,2S:2S:2S:3S:3S:4S:4S:4S,1L,1,0.03000300030003
1565,2,4,0,2,1,1O:1O,:::1O1S,,2S:2S:2S:3S:3S:4S:4S:4S,1L,1,0.03000300030003
1566,2,4,0,1,2,:2O,:1O:1O1S:1O1S,,,1L:1L,1,0.03000300030003
1567,2,4,0,1,2,:,:1O:1O:1O1S,,,1L:1L,1,0.03000300030003
1568,2,4,0,1,2,1O:1O,1O:1O1S:1O1S:1O1S,,,1L:1L,1,0.03000300030003
1569,2,4,1,1,1,1O:1O,::1O1S:1O1S,1O,,1L,1,0.03000300030003
1570,2,4,1,1,1,:1O,:1O1S:1O1S:1O1S,,,1L,1,0.03000300030003
1571,2,4,1,1,1,:1O,:1O:1O:1S,,,1L,1,0.03000300030003
1572,2,4,1,1,1,:1O,::1O1S:1O1S,1O,,1L,1,0.03000300030003
1573,2,5,0,1,1,1O:1O,1O:1O1S:1S:1S:1S,,,1L,1,0.03000300030003
1574,2,5,0,1,0,:2O,:::1O1S:1O1S,,,,1,0.03000300030003
1575,2,5,0,1,0,:1O,::::1O1S,,,,1,0.03000300030003
1576,2,5,0,1,0,:,::::1O,,,,1,0.03000300030003
1577,2,5,0,1,0,:,:::1O1S:1O1S,,,,1,0.03000300030003
1578,2,5,0,1,0,1O:2O,::::,,,,1,0.03000300030003
1579,2,5,0,1,0,1O:1O,:::1O:1S,,,,1,0.03000300030003
1580,2,4,2,1,2,:1O,:1O:1O1S:1O1S,:,,1L:1L,1,0.03000300030003
1581,2,4,2,1,1,:,::1O1S:1O1S,:,,1L,1,0.03000300030003
1582,2,4,2,1,0,:,:::1S,:,,,1,0.03000300030003
1583,2,4,1,2,1,:1O,::1O:1S,1N1O,1S:1S:1S:2S:3S:3S:3S:3S,1L,1,0.03000300030003
1584,2,4,1,1,2,:,:1O:1O1S:1O1S,1O,,1L:1L,1,0.03000300030003
1585,2,4,1,1,2,:,1O:1O1S:1O1S:1O1S,,,1L:1L,1,0.03000300030003
1586,2,4,1,1,1,:2O,:1O:1O:1S,1O,,1L,1,0.03000300030003
1587,2,4,1,1,1,:2O,:1O1S:1O1S:1S,,,1L,1,0.03000300030003
1588,2,4,1,1,1,:1O,::1O:1O1S,,,1L,1,0.03000300030003
1589,2,4,1,1,1,:1O,::1O:1O,,,1L,1,0.03000300030003
1590,2,5,1,1,1,:,::1O:1O:1O1S,,,1L,1,0.03000300030003
1591,2,5,1,1,1,:,:::1O:1O1S,,,1L,1,0.03000300030003
1592,2,6,1,1,1,:1O,::::1O1S:1S,1O,,1L,1,0.03000300030003
1593,2,6,0,1,2,:,:::1O1S:1O1S:1O1S,,,1L:1L,1,0.03000300030003
1594,2,6,0,1,2,:1O,::1O:1O:1O1S:1S,,,1L:1L,1,0.03000300030003
1595,2,6,0,1,2,:1O,::1O:1O:1O1S:1O1S,,,1L:1L,1,0.03000300030003
1596,2,6,0,1,2,:1O,::1O:1O1S:1O1S:1O1S,,,1L:1L,1,0.03000300030003
1597,2,6,0,1,2,:1O,::1O1S:1O1S:1O1S:1O1S,,,1L:1L,1,0.03000300030003
1598,2,6,0,1,2,:1O,:1O:1O:1O:1O1S:1O1S,,,1L:1L,1,0.03000300030003
1599,2,6,0,1,2,:1O,:1O:1O:1O1S:1O1S:1O1S,,,1L:1L,1,0.03000300030003
1600,2,6,0,1,2,:1O,1O:1O:1O:1O:1O1S:1O1S,,,1L:1L,1,0.03000300030003
1601,2,6,0,1,2,:1O,1O:1O:1O:1O1S:1O1S:1O1S,,,1L:1L,1,0.03000300030003
1602,2,6,0,1,2,:,::1O:1O:1O:1O1S,,,1L:1L,1,0.03000300030003
1603,2,6,0,1,1,:1O,::1O:1O1S:1O1S:1O1S,,,1L,1,0.03000300030003
1604,2,6,0,1,2,:,::1O:1O1S:1O1S:1O1S,,,1L:1L,1,0.03000300030003
1605,2,6,0,1,2,:,1O:1O1S:1O1S:1O1S:1O1S:1O1S,,,1L:1L,1,0.03000300030003
1606,2,6,0,1,2,1O:1O,1O:1O1S:1O1S:1O1S:1S:1S,,,1L:1L,1,0.03000300030003
1607,2,6,0,1,1,:2O,:::1O:1O:1S,,,1L,1,0.03000300030003
1608,2,6,0,1,1,:2O,:::1O:1O1S:1S,,,1L,1,0.03000300030003
1609,2,6,0,1,1,:2O,::1O:1O:1O:1O1S,,,1L,1,0.03000300030003
1610,2,6,0,1,1,:1O,::::1O:1O1S,,,1L,1,0.03000300030003
1611,2,6,0,1,1,:1O,::1O:1O:1O1S:1O1S,,,1L,1,0.03000300030003
1612,2,6,0,1,2,:1O,::1O:1O:1O:1O1S,,,1L:1L,1,0.03000300030003
1613,2,6,0,1,2,:2O,:1O:1O:1O1S:1O1S:1O1S,,,1L:1L,1,0.03000300030003
1614,2,6,0,1,2,:2O,::1O1S:1O1S:1O1S:1S,,,1L:1L,1,0.03000300030003
1615,2,6,0,1,2,:2O,::1O:1O:1O1S:1S,,,1L:1L,1,0.03000300030003
1616,2,6,1,1,1,:1O,:::1O:1O:1S,,,1L,1,0.03000300030003
1617,2,6,1,1,1,:1O,:::1O:1O:1O1S,,,1L,1,0.03000300030003
1618,2,6,1,1,1,:1O,:::1O:1O1S:1S,,,1L,1,0.03000300030003
1619,2,6,1,1,1,:,:::1O1S:1O1S:1S,1O,,1L,1,0.03000300030003
1620,2,6,1,1,0,:1O,::::1S:1S,,,,1,0.03000300030003
1621,2,6,1,1,0,:,:::::1S,1O,,,1,0.03000300030003
1622,2,6,1,1,0,:,:::::1S,,,,1,0.03000300030003
1623,2,6,1,1,0,:,:::::,,,,1,0.03000300030003
1624,2,6,1,1,0,:,:::1O:1S:1S,1O,,,1,0.03000300030003
1625,2,6,1,1,0,1O:1O,:::::,,,,1,0.03000300030003
1626,2,6,0,2,1,:1O,:::::1O,,3S:3S:3S:3S:4S:4S:5S:5S,1L,1,0.03000300030003
1627,2,6,0,2,1,1O:1O,:::::1O1S,,1S:1S:1S:2S:3S:3S:3S:3S,1L,1,0.03000300030003
1628,2,6,0,2,1,1O:1O,::::1O1S:1S,,3S:3S:3S:3S:4S:4S:5S:5S,1L,1,0.03000300030003
1629,2,6,0,2,0,:2O,:::::1S,,1S:1S:1S:1S:2S:2S:2S:2S,,1,0.03000300030003
1630,2,6,0,1,3,:1O,1O:1O:1O1S:1O1S:1O1S:1O1S,,,1L:1L:1L,1,0.03000300030003
1631,2,6,0,1,3,:,1O:1O:1O:1O:1O1S:1O1S,,,1L:1L:1L,1,0.03000300030003
1632,2,6,0,1,3,:,1O:1O:1O1S:1O1S:1O1S:1O1S,,,1L:1L:1L,1,0.03000300030003
1633,2,6,0,1,1,:1O,::1O:1O1S:1S:1S,,,1L,1,0.03000300030003
1634,2,6,0,1,1,:1O,:1O:1O:1S:1S:1S,,,1L,1,0.03000300030003
1635,2,5,1,1,1,:1O,:1O:1O:1O1S:1S,,,1L,1,0.03000300030003
1636,2,5,1,2,1,:,::1O1S:1S:1S,,1S:1S:1S:2S:3S:3S:3S:3S,1L,1,0.03000300030003
1637,2,6,0,1,0,1O:1O,::::1S:1S,,,,1,0.03000300030003
1638,2,6,0,1,0,1O:1O,::::1O1S:1S,,,,1,0.03000300030003
1639,2,6,0,1,0,1O:1O,:::1O1S:1S:1S,,,,1,0.03000300030003
1640,2,5,2,1,1,:,::1O:1O1S:1S,:2O1S,,1L,1,0.03000300030003
1641,2,5,2,1,0,:1O,::::,:,,,1,0.03000300030003
1642,2,5,2,1,0,:,::::,:,,,1,0.03000300030003
1643,2,5,1,2,2,:,:::1O1S:1O1S,,1S:1S:1S:2S:3S:3S:3S:3S,1L:1L,1,0.03000300030003
1644,2,5,1,2,1,:1O,::::1O1S,,2S:2S:2S:3S:3S:4S:4S:4S,1L,1,0.03000300030003
1645,2,5,1,1,2,:1O,:1O:1O:1O1S:1O1S,2O,,1L:1L,1,0.03000300030003
1646,2,6,0,1,1,:,::::1O1S:1O1S,,,1L,1,0.03000300030003
1647,2,5,1,1,2,:1O,:1O:1O:1O1S:1O1S,,,1L:1L,1,0.03000300030003
1648,2,5,1,1,2,:,::1O1S:1O1S:1O1S,,,1L:1L,1,0.03000300030003
1649,2,5,1,1,2,:,:1O:1O1S:1O1S:1S,,,1L:1L,1,0.03000300030003
1650,2,5,1,1,1,:1O,::::1O1S,1N1O1S,,1L,1,0.03000300030003
1651,2,5,1,1,1,:1O,:::1O:1O,1O,,1L,1,0.03000300030003
1652,2,5,1,1,1,:1O,:::1O1S:1O1S,,,1L,1,0.03000300030003
1653,2,5,1,1,1,:1O,::1O:1O:1O1S,,,1L,1,0.03000300030003
1654,2,5,1,1,1,:1O,::1O1S:1O1S:1O1S,,,1L,1,0.03000300030003
1655,2,6,0,1,0,1O:1O,:::::,,,,1,0.03000300030003
1656,2,6,0,1,0,1O:1O,:::::1O,,,,1,0.03000300030003
1657,2,6,0,1,0,1O:1O,:::::1O1S,,,,1,0.03000300030003
1658,2,6,0,1,0,1O:2O,:::::,,,,1,0.03000300030003
1659,2,6,0,1,1,:,:::1O1S:1O1S:1S,,,1L,1,0.03000300030003
1660,2,6,0,1,1,:,::1O:1O:1O:1S,,,1L,1,0.03000300030003
1661,2,6,0,1,1,:,::1O:1O:1O1S:1S,,,1L,1,0.03000300030003
1662,2,6,0,1,1,:,::1O:1O:1O1S:1O1S,,,1L,1,0.03000300030003
1663,2,6,0,1,1,:,::1O1S:1O1S:1O1S:1S,,,1L,1,0.03000300030003
1664,2,6,0,1,1,:,::1O1S:1O1S:1O1S:1O1S,,,1L,1,0.03000300030003
1665,2,6,0,1,1,:,:1O:1O:1O1S:1S:1S,,,1L,1,0.03000300030003
1666,2,6,0,1,1,:,:1O1S:1O1S:1O1S:1O1S:1S,,,1L,1,0.03000300030003
1667,2,6,0,1,1,:,1O:1O:1O1S:1S:1S:1S,,,1L,1,0.03000300030003
1668,2,6,0,1,1,1O:1O,::::1O:1O1S,,,1L,1,0.03000300030003
1669,2,6,0,1,1,1O:1O,::1O:1O:1O1S:1S,,,1L,1,0.03000300030003
1670,2,6,0,1,1,1O:1O,::1O:1O1S:1O1S:1S,,,1L,1,0.03000300030003
1671,2,6,0,1,0,:2O,:::::,,,,1,0.03000300030003
1672,2,6,0,1,0,:1O,:::1O1S:1S:1S,,,,1,0.03000300030003
1673,2,6,0,1,0,:1O,::1O:1O1S:1S:1S,,,,1,0.03000300030003
1674,2,6,0,1,0,:,::::1O1S:1S,,,,1,0.03000300030003
1675,2,6,0,1,0,1O:2O,:::::1S,,,,1,0.03000300030003
1676,8,3,0,1,1,:::::::1O,:1O:1O1S,,,1L,1,0.03000300030003
