,num_dol,num_dtfeg,num_tfsi,num_ps,num_li,atoms_dol,atoms_dtfeg,atoms_tfsi,atoms_ps,atoms_li,count,%
0,1,2,1,1,2,1O,2O:2O,1O,,1L:1L,131,3.9303930393039295
1,2,2,1,1,2,:1O,2O:2O,1O,,1L:1L,50,1.5001500150015
2,3,1,1,1,2,1O:1O:1O,2O,1O,,1L:1L,47,1.41014101410141
3,3,2,0,1,1,::1O,:2O,,,1L,47,1.41014101410141
4,2,2,0,1,2,1O:1O,2O:2O,,,1L:1L,46,1.38013801380138
5,4,2,0,1,1,:::1O,:2O,,,1L,30,0.9000900090009001
6,4,1,1,1,2,:1O:1O:1O,2O,1O,,1L:1L,29,0.8700870087008701
7,1,2,1,1,2,1O,2O:2O,2O,,1L:1L,26,0.7800780078007801
8,2,3,0,1,1,:1O,::2O,,,1L,26,0.7800780078007801
9,1,3,1,1,2,1O,:2O:2O,1O,,1L:1L,25,0.7500750075007501
10,0,2,1,2,2,,2O:2O,1O,:::1S:1S:2S:2S:2S,1L:1L,24,0.7200720072007201
11,4,1,0,1,2,1O:1O:1O:1O,2O,,,1L:1L,24,0.7200720072007201
12,3,3,0,1,1,::1O,::2O,,,1L,24,0.7200720072007201
13,2,2,0,1,1,:1O,:2O,,,1L,23,0.6900690069006901
14,3,1,1,1,2,1O:1O:1O,2O,2O1S,,1L:1L,22,0.6600660066006601
15,1,2,1,1,2,1O,2O:2O,2O1S,,1L:1L,22,0.6600660066006601
16,1,2,1,2,2,,2O:2O,1O,:::1S:1S:2S:2S:2S,1L:1L,22,0.6600660066006601
17,1,3,0,1,1,1O,::2O,,,1L,21,0.6300630063006301
18,3,2,0,1,1,:1O:1O,:2O,,,1L,18,0.54005400540054
19,4,2,0,1,1,::1O:1O,:2O,,,1L,17,0.51005100510051
20,2,2,1,1,2,1O:1O,2O:2O,1O,,1L:1L,16,0.48004800480048
21,3,1,0,1,2,1O:1O:1O,2O,,,1L:1L,16,0.48004800480048
22,3,1,1,1,2,1O:1O:1O,2O,2O,,1L:1L,16,0.48004800480048
23,3,1,1,1,2,1O:1O:2O,2O,1O,,1L:1L,16,0.48004800480048
24,4,1,0,1,1,:::1O,2O,,,1L,16,0.48004800480048
25,3,3,0,1,1,:1O:1O,::2O,,,1L,15,0.45004500450045
26,0,3,1,2,2,,:2O:2O,1O,:::1S:1S:2S:2S:2S,1L:1L,15,0.45004500450045
27,3,2,1,1,2,1O:1O:1O,:2O,1O,,1L:1L,14,0.42004200420042
28,1,4,0,1,1,1O,:::2O,,,1L,14,0.42004200420042
29,4,1,0,1,1,::1O:1O,2O,,,1L,14,0.42004200420042
30,4,1,1,1,1,::1O:1O,,1O,,1L,12,0.36003600360036
31,3,1,1,2,2,:1O:1O,2O,1O,1S:1S:1S:2S:3S:3S:3S:3S,1L:1L,12,0.36003600360036
32,5,0,2,1,2,:1O:1O:1O:1O,,1O:1O,,1L:1L,12,0.36003600360036
33,2,2,1,1,2,:1O,2O:2O,2O,,1L:1L,12,0.36003600360036
34,4,0,2,1,2,1O:1O:1O:1O,,1O:1O,,1L:1L,12,0.36003600360036
35,4,0,2,1,2,1O:1O:1O:1O,,1O:2O1S,,1L:1L,12,0.36003600360036
36,3,2,0,1,2,:1O:1O,2O:2O,,,1L:1L,11,0.33003300330033
37,2,3,0,1,1,:1O,:1O:2O,,,1L,11,0.33003300330033
38,5,1,0,1,1,:1O:1O:1O:1O,,,,1L,11,0.33003300330033
39,5,1,1,1,1,::1O:1O:1O,,1O,,1L,11,0.33003300330033
40,4,2,0,1,1,:1O:1O:1O,:,,,1L,11,0.33003300330033
41,2,1,1,2,2,1O:1O,2O,1O,1S:1S:1S:2S:3S:3S:3S:3S,1L:1L,11,0.33003300330033
42,3,1,0,2,2,1O:1O:1O,2O,,2S:2S:2S:2S:2S:2S:3S:3S,1L:1L,10,0.3000300030003
43,5,1,0,1,1,::1O:1O:1O,,,,1L,10,0.3000300030003
44,1,2,1,1,2,1O,2O:2O,1O1S,,1L:1L,10,0.3000300030003
45,4,1,0,1,1,:1O:1O:1O,,,,1L,10,0.3000300030003
46,2,2,0,1,1,:1O,1O:2O,,,1L,10,0.3000300030003
47,5,0,2,1,2,1O:1O:1O:1O:1O,,1O:1O,,1L:1L,9,0.27002700270027
48,5,1,1,1,1,:::1O:1O,,1O,,1L,9,0.27002700270027
49,2,3,0,1,2,1O:1O,:2O:2O,,,1L:1L,9,0.27002700270027
50,5,1,0,1,1,:::1O:1O,2O,,,1L,9,0.27002700270027
51,5,0,1,1,2,:1O:1O:1O:1O,,1O,,1L:1L,9,0.27002700270027
52,3,1,0,2,2,1O:1O:1O,2O,,1S:1S:1S:2S:3S:3S:3S:3S,1L:1L,9,0.27002700270027
53,3,2,0,1,1,1O:1O:1O,:,,,1L,8,0.24002400240024
54,3,0,4,1,2,:1O:1O,,1O:1O:1O:2O,,1L:1L,8,0.24002400240024
55,4,1,1,1,2,1O:1O:1O:1O,,1O,,1L:1L,8,0.24002400240024
56,2,3,0,1,1,1O:1O,::2O,,,1L,8,0.24002400240024
57,2,2,1,1,1,:1O,:2O,,,1L,8,0.24002400240024
58,3,2,1,1,1,::1O,:2O,,,1L,8,0.24002400240024
59,2,2,0,1,1,1O:1O,:2O,,,1L,8,0.24002400240024
60,4,1,1,1,2,:1O:1O:1O,2O,2O1S,,1L:1L,8,0.24002400240024
61,3,2,1,1,1,:1O:1O,:,1O,,1L,8,0.24002400240024
62,4,1,0,1,2,:1O:1O:1O,2O,,,1L:1L,8,0.24002400240024
63,4,0,2,1,2,1O:1O:1O:1O,,1O:2O,,1L:1L,8,0.24002400240024
64,5,0,2,1,2,:1O:1O:1O:1O,,1O:1O1S,,1L:1L,8,0.24002400240024
65,4,0,1,1,2,1O:1O:1O:1O,,1O,,1L:1L,8,0.24002400240024
66,5,2,0,1,1,::::1O,:2O,,,1L,8,0.24002400240024
67,4,2,1,1,1,:1O:1O:1O,:,1O,,1L,7,0.21002100210021
68,3,2,0,1,1,::1O,1O:2O,,,1L,7,0.21002100210021
69,3,2,0,1,1,:1O:1O,1O:2O,,,1L,7,0.21002100210021
70,4,1,1,1,1,:1O:1O:1O,,1O,,1L,7,0.21002100210021
71,2,1,1,2,2,1O:1O,2O,1O,1S:1S:1S:1S:2S:2S:2S:2S,1L:1L,7,0.21002100210021
72,2,4,0,1,1,:1O,:::2O,,,1L,7,0.21002100210021
73,5,2,0,1,1,::1O:1O:1O,:,,,1L,7,0.21002100210021
74,4,2,1,1,1,::1O:1O,:,1O,,1L,7,0.21002100210021
75,4,1,0,2,2,:1O:1O:1O,2O,,:::1S:1S:2S:2S:2S,1L:1L,7,0.21002100210021
76,3,1,1,1,2,:1O:1O,2O,2O,,1L:1L,7,0.21002100210021
77,4,1,1,1,2,1O:1O:1O:1O,2O,1O,,1L:1L,7,0.21002100210021
78,3,1,0,2,2,1O:1O:1O,2O,,:::1S:1S:2S:2S:2S,1L:1L,7,0.21002100210021
79,6,0,2,1,2,:1O:1O:1O:1O:1O,,1O:1O,,1L:1L,6,0.18001800180018
80,4,1,0,1,2,1O:1O:1O:2O,2O,,,1L:1L,6,0.18001800180018
81,5,0,1,1,2,1O:1O:1O:1O:2O,,1O,,1L:1L,6,0.18001800180018
82,3,1,0,1,2,1O:1O:2O,2O,,,1L:1L,6,0.18001800180018
83,1,3,1,1,1,1O,::2O,,,1L,6,0.18001800180018
84,1,3,0,1,1,1O,:1O:2O,,,1L,6,0.18001800180018
85,6,1,0,1,1,::1O:1O:1O:1O,,,,1L,6,0.18001800180018
86,3,2,0,2,2,1O:1O:1O,:2O,,2S:2S:2S:2S:2S:2S:3S:3S,1L:1L,6,0.18001800180018
87,5,2,0,1,1,:::1O:1O,:2O,,,1L,6,0.18001800180018
88,4,1,0,2,2,:1O:1O:1O,2O,,1S:1S:1S:2S:3S:3S:3S:3S,1L:1L,6,0.18001800180018
89,2,3,1,1,1,:,::2O,1O,,1L,6,0.18001800180018
90,6,0,1,1,2,1O:1O:1O:1O:1O:1O,,,,1L:1L,6,0.18001800180018
91,4,3,0,1,1,:1O:1O:1O,::,,,1L,6,0.18001800180018
92,5,0,1,1,2,1O:1O:1O:1O:1O,,1O,,1L:1L,6,0.18001800180018
93,3,1,1,2,2,:1O:1O,2O,2O1S,1S:1S:1S:2S:3S:3S:3S:3S,1L:1L,6,0.18001800180018
94,3,2,1,1,1,::1O,:2O,1O,,1L,6,0.18001800180018
95,2,1,1,2,2,1O:1O,2O,1O,2S:2S:2S:3S:3S:4S:4S:4S,1L:1L,6,0.18001800180018
96,4,1,1,1,2,:1O:1O:2O,2O,1O,,1L:1L,6,0.18001800180018
97,4,1,0,1,1,1O:1O:1O:1O,,,,1L,5,0.15001500150015
98,4,1,1,1,1,:1O:1O:1O,,,,1L,5,0.15001500150015
99,3,1,1,1,2,1O:1O:1O,2O,3O1S,,1L:1L,5,0.15001500150015
100,3,1,1,1,2,1O:1O:1O,,1O,,1L:1L,5,0.15001500150015
101,4,1,1,1,2,:1O:1O:1O,2O,2O,,1L:1L,5,0.15001500150015
102,3,3,0,1,1,1O:1O:1O,::,,,1L,5,0.15001500150015
103,4,1,2,1,2,1O:1O:1O:1O,,1O:1O,,1L:1L,5,0.15001500150015
104,3,2,0,2,2,1O:1O:1O,:2O,,1S:1S:1S:1S:2S:2S:2S:3S,1L:1L,5,0.15001500150015
105,4,1,0,1,1,:1O:1O:2O,,,,1L,5,0.15001500150015
106,4,0,3,1,2,1O:1O:1O:1O,,:1O:1O,,1L:1L,5,0.15001500150015
107,0,4,1,1,1,,:::2O,1O,,1L,5,0.15001500150015
108,5,0,2,1,2,1O:1O:1O:1O:1O,,:1O,,1L:1L,5,0.15001500150015
109,6,1,1,1,1,:::1O:1O:1O,,1O,,1L,5,0.15001500150015
110,2,2,1,2,2,1O:1O,:2O,1O,1S:1S:1S:1S:2S:2S:2S:2S,1L:1L,5,0.15001500150015
111,4,1,0,2,2,:1O:1O:1O,2O,,2S:2S:2S:3S:3S:4S:4S:4S,1L:1L,5,0.15001500150015
112,3,1,1,1,1,:1O:1O,,1O,,1L,5,0.15001500150015
113,3,2,1,1,2,1O:1O:1O,:2O,2O,,1L:1L,5,0.15001500150015
114,5,1,1,1,2,1O:1O:1O:1O:1O,,1O,,1L:1L,5,0.15001500150015
115,2,2,1,1,1,1O:1O,:,1O,,1L,5,0.15001500150015
116,4,0,4,1,2,::1O:1O,,1O:1O:1O:2O,,1L:1L,5,0.15001500150015
117,3,2,0,2,2,1O:1O:1O,:2O,,2S:2S:2S:3S:3S:4S:4S:4S,1L:1L,5,0.15001500150015
118,6,0,1,1,2,1O:1O:1O:1O:1O:1O,,1O,,1L:1L,5,0.15001500150015
119,1,3,0,1,2,1O,:2O:2O,,,1L:1L,5,0.15001500150015
120,2,4,0,1,1,:1O,::1O:2O,,,1L,5,0.15001500150015
121,2,3,1,1,1,:1O,::2O,,,1L,5,0.15001500150015
122,3,3,1,1,1,:1O:1O,::,1O,,1L,5,0.15001500150015
123,3,1,2,1,2,1O:1O:1O,2O,:1O,,1L:1L,5,0.15001500150015
124,3,3,0,1,1,::1O,:1O:2O,,,1L,5,0.15001500150015
125,4,2,1,1,2,:1O:1O:1O,:2O,1O,,1L:1L,5,0.15001500150015
126,2,1,0,2,2,1O:1O,2O,,2S:2S:2S:3S:3S:4S:4S:4S,1L:1L,4,0.12001200120012
127,5,1,1,1,2,:1O:1O:1O:1O,,1O,,1L:1L,4,0.12001200120012
128,4,1,1,1,2,1O:1O:1O:2O,2O,1O,,1L:1L,4,0.12001200120012
129,2,2,1,1,1,:1O,:2O,1O,,1L,4,0.12001200120012
130,5,1,1,1,2,::1O:1O:1O,2O,1O,,1L:1L,4,0.12001200120012
131,4,3,0,1,1,::1O:1O,::2O,,,1L,4,0.12001200120012
132,5,1,1,1,1,:1O:1O:1O:1O,,,,1L,4,0.12001200120012
133,4,1,1,1,1,::1O:1O,,2O,,1L,4,0.12001200120012
134,5,0,2,1,2,:1O:1O:1O:2O,,1O:1O,,1L:1L,4,0.12001200120012
135,3,2,1,1,2,::1O,2O:2O,1O,,1L:1L,4,0.12001200120012
136,3,0,4,1,2,:1O:1O,,1O:1O:2O:2O,,1L:1L,4,0.12001200120012
137,5,0,2,1,2,:1O:1O:1O:1O,,1O:2O,,1L:1L,4,0.12001200120012
138,4,2,0,1,1,1O:1O:1O:1O,:,,,1L,4,0.12001200120012
139,4,0,1,1,2,1O:1O:1O:1O,,2O1S,,1L:1L,4,0.12001200120012
140,4,1,0,2,2,:1O:1O:1O,2O,,::1S:1S:2S:2S:2S:2S,1L:1L,4,0.12001200120012
141,1,2,1,2,2,1O,1O:2O,1O,1S:1S:1S:1S:2S:2S:2S:2S,1L:1L,4,0.12001200120012
142,4,0,1,1,2,1O:1O:1O:2O,,1O,,1L:1L,4,0.12001200120012
143,2,1,0,2,2,1O:1O,2O,,3S:3S:3S:3S:4S:4S:5S:5S,1L:1L,4,0.12001200120012
144,3,2,1,1,2,:1O:1O,2O:2O,1O,,1L:1L,4,0.12001200120012
145,2,1,1,2,2,:1O,2O,1O,2S:2S:2S:2S:2S:2S:2S:2S,1L:1L,4,0.12001200120012
146,3,2,1,1,1,::1O,1O:2O,1O,,1L,4,0.12001200120012
147,3,2,1,1,1,:1O:2O,:,1O,,1L,4,0.12001200120012
148,3,2,1,1,1,:1O:1O,:1O,1O,,1L,4,0.12001200120012
149,4,2,1,1,1,::1O:1O,:1O,1O,,1L,4,0.12001200120012
150,4,0,2,1,2,:1O:1O:1O,,1O:1O,,1L:1L,4,0.12001200120012
151,3,2,1,1,1,::1O,:2O,2O1S,,1L,4,0.12001200120012
152,5,1,1,1,1,:::1O:1O,,1O1S,,1L,4,0.12001200120012
153,3,0,2,1,2,1O:1O:1O,,1O:1O,,1L:1L,4,0.12001200120012
154,2,2,0,1,2,1O:2O,2O:2O,,,1L:1L,4,0.12001200120012
155,2,2,0,1,2,:1O,2O:2O,,,1L:1L,4,0.12001200120012
156,2,1,1,1,2,1O:1O,2O,1N3O2S,,1L:1L,4,0.12001200120012
157,2,2,0,2,2,1O:1O,:2O,,2S:2S:2S:2S:2S:2S:3S:3S,1L:1L,4,0.12001200120012
158,6,0,1,1,2,:1O:1O:1O:1O:1O,,1O,,1L:1L,4,0.12001200120012
159,2,2,1,1,2,:1O,2O:2O,2O1S,,1L:1L,4,0.12001200120012
160,3,1,0,2,2,:1O:1O,2O,,1S:1S:1S:2S:3S:3S:3S:3S,1L:1L,4,0.12001200120012
161,2,0,4,1,2,1O:1O,,1O:1O:1O:2O,,1L:1L,4,0.12001200120012
162,1,2,1,1,2,1O,2O:2O,3O1S,,1L:1L,4,0.12001200120012
163,4,1,1,1,2,1O:1O:1O:1O,2O,1O1S,,1L:1L,4,0.12001200120012
164,4,0,3,1,2,1O:1O:1O:1O,,1O:1O:2O1S,,1L:1L,4,0.12001200120012
165,6,1,1,1,1,::::1O:1O,,1O,,1L,4,0.12001200120012
166,4,1,1,1,2,1O:1O:1O:1O,2O,,,1L:1L,4,0.12001200120012
167,3,2,0,1,2,1O:1O:1O,2O:2O,,,1L:1L,4,0.12001200120012
168,4,0,2,1,2,1O:1O:1O:2O,,1O:2O1S,,1L:1L,4,0.12001200120012
169,3,1,0,1,1,:1O:1O,2O,,,1L,4,0.12001200120012
170,2,2,1,2,2,:,2O:2O,1O,:::1S:1S:2S:2S:2S,1L:1L,4,0.12001200120012
171,3,2,0,1,1,1O:1O:2O,:,,,1L,4,0.12001200120012
172,3,1,0,1,2,:1O:1O,2O,,,1L:1L,4,0.12001200120012
173,5,0,1,1,1,:::1O:1O,,1O,,1L,4,0.12001200120012
174,5,2,1,1,1,::1O:1O:1O,:,,,1L,4,0.12001200120012
175,3,1,0,1,1,::1O,2O,,,1L,4,0.12001200120012
176,3,1,0,2,2,1O:1O:1O,2O,,1S:1S:1S:1S:2S:2S:2S:3S,1L:1L,4,0.12001200120012
177,1,3,1,1,2,1O,:2O:2O,1O1S,,1L:1L,4,0.12001200120012
178,3,2,0,1,1,1O:1O:1O,:1O,,,1L,4,0.12001200120012
179,5,0,1,1,2,1O:1O:1O:1O:2O,,2O,,1L:1L,4,0.12001200120012
180,6,0,0,1,2,1O:1O:1O:1O:1O:1O,,,,1L:1L,4,0.12001200120012
181,4,2,0,1,2,1O:1O:1O:1O,:2O,,,1L:1L,3,0.09000900090009
182,3,1,1,2,2,:1O:1O,2O,1O,2S:2S:2S:2S:2S:2S:2S:2S,1L:1L,3,0.09000900090009
183,2,3,1,1,1,1O:1O,::,1O,,1L,3,0.09000900090009
184,5,1,0,1,1,::1O:1O:1O,1O,,,1L,3,0.09000900090009
185,3,1,0,2,2,1O:1O:1O,2O,,2S:2S:2S:3S:3S:4S:4S:4S,1L:1L,3,0.09000900090009
186,4,2,1,1,2,:1O:1O:1O,:2O,2O1S,,1L:1L,3,0.09000900090009
187,3,1,1,1,2,:1O:1O,2O,1N3O2S,,1L:1L,3,0.09000900090009
188,3,2,1,1,1,::1O,1O:2O,,,1L,3,0.09000900090009
189,3,1,1,1,2,:1O:1O,2O,1N2O2S,,1L:1L,3,0.09000900090009
190,4,2,1,1,1,:1O:1O:1O,:,,,1L,3,0.09000900090009
191,3,1,1,1,2,1O:1O:1O,2O,1O1S,,1L:1L,3,0.09000900090009
192,4,1,2,1,2,1O:1O:1O:1O,,1O:1O1S,,1L:1L,3,0.09000900090009
193,3,1,2,1,2,1O:1O:1O,2O,1O:1O,,1L:1L,3,0.09000900090009
194,3,2,1,1,1,::,:2O,1O,,1L,3,0.09000900090009
195,4,2,0,2,2,:1O:1O:1O,:2O,,1S:1S:1S:2S:3S:3S:3S:3S,1L:1L,3,0.09000900090009
196,5,1,0,1,1,::1O:1O:1O,2O,,,1L,3,0.09000900090009
197,3,0,2,1,2,1O:1O:1O,,1O:1O1S,,1L:1L,3,0.09000900090009
198,4,1,1,1,1,:::1O,,1O,,1L,3,0.09000900090009
199,3,1,1,2,2,:1O:1O,2O,1O,1S:1S:1S:1S:2S:2S:2S:2S,1L:1L,3,0.09000900090009
200,5,1,0,1,1,:1O:1O:1O:2O,,,,1L,3,0.09000900090009
201,4,1,1,1,1,:::1O,2O,,,1L,3,0.09000900090009
202,3,1,1,1,1,::1O,2O,1O,,1L,3,0.09000900090009
203,2,2,0,1,2,1O:1O,1O:2O,,,1L:1L,3,0.09000900090009
204,5,0,2,1,2,:1O:1O:1O:1O,,1N1O1S:1O,,1L:1L,3,0.09000900090009
205,4,1,2,1,2,1O:1O:1O:2O,,1O:1O,,1L:1L,3,0.09000900090009
206,2,2,0,2,2,1O:1O,:2O,,1S:1S:1S:1S:2S:2S:2S:3S,1L:1L,3,0.09000900090009
207,4,1,1,1,2,1O:1O:1O:1O,2O,2O1S,,1L:1L,3,0.09000900090009
208,5,0,2,1,2,1O:1O:1O:1O:2O,,1O:1O,,1L:1L,3,0.09000900090009
209,2,4,0,1,1,1O:1O,:::2O,,,1L,3,0.09000900090009
210,3,0,4,1,2,1O:1O:1O,,1O:1O:1O:2O,,1L:1L,3,0.09000900090009
211,3,1,2,1,2,1O:1O:1O,,1O:2O1S,,1L:1L,3,0.09000900090009
212,4,2,0,1,1,:1O:1O:1O,:1O,,,1L,3,0.09000900090009
213,2,2,1,1,2,1O:1O,:2O,2O,,1L:1L,3,0.09000900090009
214,2,2,1,2,2,1O:1O,:2O,1O,2S:2S:2S:2S:2S:2S:2S:2S,1L:1L,3,0.09000900090009
215,4,1,0,2,2,:1O:1O:2O,2O,,:::1S:1S:2S:2S:2S,1L:1L,3,0.09000900090009
216,3,1,0,2,2,:1O:1O,2O,,2S:2S:2S:3S:3S:4S:4S:4S,1L:1L,3,0.09000900090009
217,2,2,1,1,2,1O:1O,2O:2O,,,1L:1L,3,0.09000900090009
218,5,0,2,1,2,1O:1O:1O:1O:1O,,1O:2O,,1L:1L,3,0.09000900090009
219,3,1,2,1,2,1O:1O:1O,,1O:1O,,1L:1L,3,0.09000900090009
220,2,2,1,2,2,1O:1O,:2O,2O,1S:1S:1S:1S:2S:2S:2S:2S,1L:1L,3,0.09000900090009
221,4,2,0,1,1,:::1O,1O:2O,,,1L,3,0.09000900090009
222,2,2,1,1,1,:1O,1O:2O,,,1L,3,0.09000900090009
223,4,1,0,2,2,1O:1O:1O:1O,2O,,:::1S:1S:2S:2S:2S,1L:1L,3,0.09000900090009
224,2,2,1,1,1,:,:2O,1O,,1L,3,0.09000900090009
225,2,2,1,1,1,1O:2O,:,1O,,1L,3,0.09000900090009
226,2,2,1,1,1,1O:1O,:2O,,,1L,3,0.09000900090009
227,3,2,1,1,1,1O:1O:1O,:,1O,,1L,3,0.09000900090009
228,5,0,2,1,1,::1O:1O:1O,,:1O,,1L,3,0.09000900090009
229,2,2,0,2,2,1O:1O,:2O,,2S:3S:3S:3S:3S:3S:3S:4S,1L:1L,3,0.09000900090009
230,2,3,1,1,2,:1O,:2O:2O,1O,,1L:1L,3,0.09000900090009
231,3,2,0,1,2,1O:1O:1O,:2O,,,1L:1L,3,0.09000900090009
232,4,1,2,1,2,:1O:1O:1O,,1O:1O,,1L:1L,3,0.09000900090009
233,5,0,1,1,2,:1O:1O:1O:2O,,1O,,1L:1L,3,0.09000900090009
234,4,1,1,1,1,::1O:1O,1O,1O,,1L,3,0.09000900090009
235,2,3,0,1,1,1O:1O,:1O:2O,,,1L,3,0.09000900090009
236,5,0,1,1,2,1O:1O:1O:1O:1O,,2O,,1L:1L,3,0.09000900090009
237,5,0,1,1,1,::1O:1O:1O,,1O,,1L,3,0.09000900090009
238,5,1,1,1,2,:1O:1O:1O:1O,2O,1O,,1L:1L,3,0.09000900090009
239,1,2,1,1,2,2O,2O:2O,1O,,1L:1L,3,0.09000900090009
240,3,2,1,1,2,1O:1O:1O,:2O,2O1S,,1L:1L,3,0.09000900090009
241,2,1,1,1,2,1O:1O,2O,3O1S,,1L:1L,3,0.09000900090009
242,2,1,1,1,2,1O:1O,2O,2O1S,,1L:1L,3,0.09000900090009
243,2,1,1,1,2,1O:1O,2O,1N2O1S,,1L:1L,3,0.09000900090009
244,1,2,0,2,2,1O,2O:2O,,1S:1S:1S:1S:2S:2S:2S:2S,1L:1L,3,0.09000900090009
245,2,1,0,2,2,1O:1O,2O,,2S:3S:4S:4S:4S:4S:4S:4S,1L:1L,3,0.09000900090009
246,4,0,2,1,2,1O:1O:1O:2O,,1O:1O,,1L:1L,3,0.09000900090009
247,6,1,0,1,2,1O:1O:1O:1O:1O:1O,,,,1L:1L,3,0.09000900090009
248,4,0,2,1,2,1O:1O:1O:2O,,1O:2O,,1L:1L,3,0.09000900090009
249,2,1,0,2,2,1O:1O,2O,,2S:2S:3S:3S:3S:3S:3S:3S,1L:1L,3,0.09000900090009
250,2,1,0,1,2,1O:1O,2O,,,1L:1L,3,0.09000900090009
251,4,0,2,1,2,:1O:1O:1O,,1N2O2S:1O,,1L:1L,3,0.09000900090009
252,2,0,4,1,2,1O:1O,,1O:1O:1O1S:2O,,1L:1L,3,0.09000900090009
253,5,1,1,1,1,::1O:1O:1O,1O,1O,,1L,3,0.09000900090009
254,6,0,2,1,2,:1O:1O:1O:1O:1O,,1O:2O,,1L:1L,3,0.09000900090009
255,1,2,1,2,2,1O,:2O,1O,2S:2S:2S:2S:2S:2S:2S:2S,1L:1L,3,0.09000900090009
256,1,2,1,2,2,1O,:2O,1O,2S:2S:2S:2S:2S:2S:2S:3S,1L:1L,3,0.09000900090009
257,5,1,2,1,2,:1O:1O:1O:1O,,1O:1O,,1L:1L,3,0.09000900090009
258,4,0,2,1,2,:1O:1O:1O,,1O:2O,,1L:1L,3,0.09000900090009
259,3,2,1,2,2,:1O:1O,:2O,1O,2S:2S:2S:3S:3S:4S:4S:4S,1L:1L,3,0.09000900090009
260,5,2,0,1,1,:1O:1O:1O:1O,:,,,1L,3,0.09000900090009
261,1,2,2,2,2,1O,:2O,1O:1O,1S:1S:1S:1S:2S:2S:2S:2S,1L:1L,3,0.09000900090009
262,6,0,0,1,2,1O:1O:1O:1O:1O:2O,,,,1L:1L,3,0.09000900090009
263,1,3,1,1,1,,::2O,1O,,1L,3,0.09000900090009
264,1,3,1,1,1,1O,::2O,1O,,1L,3,0.09000900090009
265,4,0,3,1,2,1O:1O:1O:1O,,1O:1O:2O,,1L:1L,3,0.09000900090009
266,2,1,1,2,2,1O:1O,2O,,2S:2S:2S:3S:3S:4S:4S:4S,1L:1L,3,0.09000900090009
267,1,3,1,2,2,,:2O:2O,1O,:::1S:1S:2S:2S:2S,1L:1L,3,0.09000900090009
268,0,2,1,2,2,,2O:2O,2O1S,:::1S:1S:2S:2S:2S,1L:1L,3,0.09000900090009
269,7,0,0,1,1,::1O:1O:1O:1O:1O,,,,1L,3,0.09000900090009
270,2,1,1,2,2,1O:1O,2O,1O,2S:2S:2S:3S:3S:3S:4S:4S,1L:1L,3,0.09000900090009
271,4,1,0,1,1,::1O:1O,1O,,,1L,3,0.09000900090009
272,1,1,1,2,2,1O,2O,1O,2S:2S:2S:2S:2S:2S:2S:2S,1L:1L,2,0.06000600060006
273,1,2,2,2,2,1O,:2O,1O:1O,1S:1S:1S:2S:3S:3S:3S:3S,1L:1L,2,0.06000600060006
274,4,1,1,2,2,:1O:1O:1O,2O,,:::1S:1S:2S:2S:2S,1L:1L,2,0.06000600060006
275,4,0,2,1,2,1O:1O:1O:1O,,1N2O2S:1O,,1L:1L,2,0.06000600060006
276,4,0,2,2,2,1O:1O:1O:1O,,1O:1O,:1S:1S:1S:2S:2S:2S:2S,1L:1L,2,0.06000600060006
277,0,2,2,2,2,,:2O,1O:1O,2S:2S:2S:3S:3S:3S:4S:4S,1L:1L,2,0.06000600060006
278,4,1,1,1,1,:1O:1O:2O,,1O,,1L,2,0.06000600060006
279,4,3,0,1,1,:::1O,::2O,,,1L,2,0.06000600060006
280,1,2,2,1,2,1O,2O:2O,:1O,,1L:1L,2,0.06000600060006
281,4,3,0,1,1,::1O:1O,::,,,1L,2,0.06000600060006
282,4,1,1,1,1,::1O:1O,,1O1S,,1L,2,0.06000600060006
283,4,3,0,1,1,:1O:1O:1O,::1O,,,1L,2,0.06000600060006
284,4,2,2,1,2,1O:1O:1O:1O,:,1O:1O,,1L:1L,2,0.06000600060006
285,6,0,1,1,1,:::1O:1O:2O,,,,1L,2,0.06000600060006
286,4,0,2,1,2,:1O:1O:1O,,:1O,,1L:1L,2,0.06000600060006
287,3,1,2,1,2,:1O:1O,2O,1O:1O,,1L:1L,2,0.06000600060006
288,4,0,2,1,2,:1O:1O:1O,,1O:2O1S,,1L:1L,2,0.06000600060006
289,0,2,2,2,2,,:2O,1O:1O,2S:2S:2S:3S:3S:4S:4S:4S,1L:1L,2,0.06000600060006
290,4,1,1,1,1,::1O:2O,,1N1O1S,,1L,2,0.06000600060006
291,3,1,1,1,2,1O:1O:1O,2O,1N2O2S,,1L:1L,2,0.06000600060006
292,3,0,2,1,2,1O:1O:1O,,:1O,,1L:1L,2,0.06000600060006
293,3,0,2,1,2,1O:1O:2O,,1O:2O,,1L:1L,2,0.06000600060006
294,4,2,1,1,1,:::1O,:2O,1O,,1L,2,0.06000600060006
295,4,2,1,1,1,:::,:2O,1O,,1L,2,0.06000600060006
296,4,0,2,1,2,:1O:1O:1O,,1O:1O1S,,1L:1L,2,0.06000600060006
297,4,2,1,1,1,::1O:1O,:2O,1O,,1L,2,0.06000600060006
298,5,0,0,1,1,::1O:1O:1O,,,,1L,2,0.06000600060006
299,5,0,1,1,1,::1O:1O:1O,,,,1L,2,0.06000600060006
300,2,3,1,2,2,:,:2O:2O,1O,:::1S:1S:2S:2S:2S,1L:1L,2,0.06000600060006
301,0,2,1,2,2,,2O:2O,1O,::1S:1S:2S:2S:2S:2S,1L:1L,2,0.06000600060006
302,3,2,0,1,2,1O:1O:1O,1O:1O,,,1L:1L,2,0.06000600060006
303,1,3,1,1,2,1O,:2O:2O,2O1S,,1L:1L,2,0.06000600060006
304,4,1,1,1,2,::1O:1O,2O,3O2S,,1L:1L,2,0.06000600060006
305,2,3,0,1,1,:,::2O,,,1L,2,0.06000600060006
306,3,3,0,1,1,1O:1O:2O,::,,,1L,2,0.06000600060006
307,4,0,3,1,2,1O:1O:1O:1O,,1O:1O:1O,,1L:1L,2,0.06000600060006
308,3,2,0,1,1,::2O,:2O,,,1L,2,0.06000600060006
309,1,3,1,1,2,1O,:1O:2O,1N3O2S,,1L:1L,2,0.06000600060006
310,1,3,1,1,2,1O,1O:2O:2O,1O,,1L:1L,2,0.06000600060006
311,1,3,1,1,1,1O,:1O:2O,,,1L,2,0.06000600060006
312,1,3,1,1,1,,::2O,2O1S,,1L,2,0.06000600060006
313,1,3,1,1,1,,:1O:2O,1O,,1L,2,0.06000600060006
314,2,3,1,2,2,1O:1O,::2O,1O,1S:1S:1S:1S:2S:2S:2S:3S,1L:1L,2,0.06000600060006
315,2,3,1,1,1,1O:1O,::1O,1O,,1L,2,0.06000600060006
316,5,0,1,1,2,1O:1O:1O:1O:1O,,1O1S,,1L:1L,2,0.06000600060006
317,2,1,1,2,2,1O:1O,2O,2O1S,1S:1S:1S:2S:3S:3S:3S:3S,1L:1L,2,0.06000600060006
318,6,0,0,1,2,:1O:1O:1O:1O:2O,,,,1L:1L,2,0.06000600060006
319,3,3,0,1,1,:1O:2O,::2O,,,1L,2,0.06000600060006
320,5,0,1,1,1,:::1O:1O,,2O1S,,1L,2,0.06000600060006
321,6,0,1,1,1,::1O:1O:1O:1O,,,,1L,2,0.06000600060006
322,1,3,0,1,1,,:1O:2O,,,1L,2,0.06000600060006
323,6,0,1,1,1,::1O:1O:1O:1O,,2O1S,,1L,2,0.06000600060006
324,2,3,1,1,2,1O:1O,:2O:2O,1O,,1L:1L,2,0.06000600060006
325,6,0,1,1,2,:::1O:1O:1O,,2O,,1L:1L,2,0.06000600060006
326,3,0,3,1,2,1O:1O:1O,,1O:1O:2O1S,,1L:1L,2,0.06000600060006
327,3,3,1,1,1,::1O,::2O,,,1L,2,0.06000600060006
328,3,1,1,2,2,:1O:1O,2O,1O,2S:2S:2S:3S:3S:3S:4S:4S,1L:1L,2,0.06000600060006
329,3,1,2,1,2,1O:1O:1O,2O,1O:2O1S,,1L:1L,2,0.06000600060006
330,7,0,0,1,1,::::1O:1O:1O,,,,1L,2,0.06000600060006
331,3,1,1,1,1,:1O:1O,1O,2O1S,,1L,2,0.06000600060006
332,3,1,0,2,2,1O:1O:1O,2O,,2S:2S:3S:3S:3S:3S:3S:3S,1L:1L,2,0.06000600060006
333,6,1,0,1,2,1O:1O:1O:1O:1O:2O,,,,1L:1L,2,0.06000600060006
334,3,1,0,2,2,1O:1O:1O,2O,,::1S:1S:2S:2S:2S:2S,1L:1L,2,0.06000600060006
335,4,0,1,1,2,1O:1O:1O:1O,,1N3O2S,,1L:1L,2,0.06000600060006
336,4,0,2,1,2,1O:1O:1O:1O,,1O:1O1S,,1L:1L,2,0.06000600060006
337,6,1,1,1,1,::1O:1O:1O:1O,,,,1L,2,0.06000600060006
338,4,1,2,1,2,1O:1O:1O:1O,,1O:2O,,1L:1L,2,0.06000600060006
339,4,1,1,1,2,1O:1O:1O:1O,2O,2O,,1L:1L,2,0.06000600060006
340,4,2,0,1,1,:1O:1O:1O,:2O,,,1L,2,0.06000600060006
341,6,1,1,1,1,:::1O:1O:1O,,,,1L,2,0.06000600060006
342,1,2,0,1,2,1O,2O:2O,,,1L:1L,2,0.06000600060006
343,4,1,2,1,2,1O:1O:1O:1O,,1O:2O1S,,1L:1L,2,0.06000600060006
344,4,0,1,1,2,:1O:1O:1O,,1O,,1L:1L,2,0.06000600060006
345,4,0,1,1,2,1O:1O:1O:1O,,1O1S,,1L:1L,2,0.06000600060006
346,6,2,0,1,1,:::1O:1O:1O,:,,,1L,2,0.06000600060006
347,4,0,2,1,2,1O:1O:1O:1O,,:1O,,1L:1L,2,0.06000600060006
348,4,1,1,1,2,1O:1O:1O:2O,2O,,,1L:1L,2,0.06000600060006
349,4,0,2,1,2,1O:1O:1O:1O,,1O:3O1S,,1L:1L,2,0.06000600060006
350,4,1,2,1,2,:1O:1O:1O,,1O:2O1S,,1L:1L,2,0.06000600060006
351,6,1,1,1,2,:1O:1O:1O:1O:1O,,1O,,1L:1L,2,0.06000600060006
352,4,0,1,1,2,1O:1O:1O:2O,,2O,,1L:1L,2,0.06000600060006
353,4,1,1,1,2,:1O:1O:1O,,1O,,1L:1L,2,0.06000600060006
354,3,1,1,2,2,:1O:1O,2O,1O1S,1S:1S:1S:2S:3S:3S:3S:3S,1L:1L,2,0.06000600060006
355,3,1,1,1,1,:1O:2O,,1O,,1L,2,0.06000600060006
356,1,2,1,1,1,1O,:2O,1O,,1L,2,0.06000600060006
357,4,0,2,1,2,1O:1O:1O:2O,,2O:2O1S,,1L:1L,2,0.06000600060006
358,4,0,0,1,1,:1O:1O:1O,,,,1L,2,0.06000600060006
359,3,1,1,2,2,1O:1O:1O,2O,1O,1S:1S:1S:2S:3S:3S:3S:3S,1L:1L,2,0.06000600060006
360,0,2,2,2,2,,:2O,1O:2O,2S:2S:2S:3S:3S:3S:4S:4S,1L:1L,2,0.06000600060006
361,3,0,4,1,2,1O:1O:1O,,1O:1O:1O:1O,,1L:1L,2,0.06000600060006
362,3,0,4,1,2,1O:1O:1O,,1O:1O:2O:2O,,1L:1L,2,0.06000600060006
363,6,0,2,1,2,:1O:1O:1O:1O:1O,,1O:1O1S,,1L:1L,2,0.06000600060006
364,1,2,1,2,2,1O,:2O,1O,1S:1S:1S:1S:2S:2S:2S:2S,1L:1L,2,0.06000600060006
365,4,1,2,1,1,::1O:1O,,:1O,,1L,2,0.06000600060006
366,4,0,2,1,2,1O:1O:1O:1O,,1O1S:2O,,1L:1L,2,0.06000600060006
367,4,0,2,1,2,:1O:1O:1O,,1N3O1S:1O,,1L:1L,2,0.06000600060006
368,3,0,4,1,2,:1O:1O,,1O:1O:1O:2O1S,,1L:1L,2,0.06000600060006
369,3,1,2,1,2,1O:1O:1O,,1O:3O1S,,1L:1L,2,0.06000600060006
370,4,2,0,2,2,:1O:1O:2O,:2O,,2S:2S:2S:2S:2S:2S:3S:3S,1L:1L,2,0.06000600060006
371,1,2,1,1,2,,2O:2O,2O,,1L:1L,2,0.06000600060006
372,2,2,2,2,2,:1O,:2O,1O:1O,1S:1S:1S:2S:3S:3S:3S:3S,1L:1L,2,0.06000600060006
373,3,1,2,1,2,1O:1O:1O,,1O:2O,,1L:1L,2,0.06000600060006
374,1,2,1,1,2,2O,2O:2O,2O,,1L:1L,2,0.06000600060006
375,4,0,1,1,2,:1O:1O:1O,,3O1S,,1L:1L,2,0.06000600060006
376,0,3,1,1,1,,::2O,1O,,1L,2,0.06000600060006
377,6,0,2,1,2,::1O:1O:1O:2O,,1O:1O,,1L:1L,2,0.06000600060006
378,1,2,1,1,2,1O,2O:2O,1N1O1S,,1L:1L,2,0.06000600060006
379,3,1,1,2,2,:1O:1O,2O,,2S:2S:2S:3S:3S:4S:4S:4S,1L:1L,2,0.06000600060006
380,3,1,2,1,2,1O:1O:1O,,1N3O2S:1O,,1L:1L,2,0.06000600060006
381,4,1,1,1,2,1O:1O:1O:1O,,2O1S,,1L:1L,2,0.06000600060006
382,6,1,0,1,1,:::1O:1O:1O,,,,1L,2,0.06000600060006
383,2,1,1,2,2,1O:2O,2O,1O,1S:1S:1S:1S:2S:2S:2S:2S,1L:1L,2,0.06000600060006
384,2,3,1,1,1,:,:1O:2O,1O,,1L,2,0.06000600060006
385,2,2,0,2,2,1O:1O,:2O,,1S:1S:1S:2S:3S:3S:3S:3S,1L:1L,2,0.06000600060006
386,2,2,0,1,1,:,:2O,,,1L,2,0.06000600060006
387,5,0,2,1,2,:1O:1O:1O:2O,,1N3O2S:2O1S,,1L:1L,2,0.06000600060006
388,5,1,0,1,1,::1O:1O:2O,,,,1L,2,0.06000600060006
389,4,1,0,2,2,:1O:1O:1O,2O,,2S:2S:2S:2S:2S:2S:3S:3S,1L:1L,2,0.06000600060006
390,5,0,2,1,2,:1O:1O:1O:1O,,:1N1O1S,,1L:1L,2,0.06000600060006
391,2,2,1,1,2,1O:1O,:2O,1O,,1L:1L,2,0.06000600060006
392,5,1,0,1,1,::1O:1O:2O,2O,,,1L,2,0.06000600060006
393,3,2,1,1,2,::1O,2O:2O,2O,,1L:1L,2,0.06000600060006
394,1,4,1,2,2,1O,:::2O,1O,2S:2S:3S:3S:3S:3S:3S:3S,1L:1L,2,0.06000600060006
395,2,2,1,1,2,1O:1O,:2O,2O1S,,1L:1L,2,0.06000600060006
396,5,0,2,1,2,:1O:1O:1O:1O,,1O:3O1S,,1L:1L,2,0.06000600060006
397,5,1,0,1,1,::1O:2O:2O,,,,1L,2,0.06000600060006
398,5,0,2,1,2,:1O:1O:1O:1O,,1O:2O1S,,1L:1L,2,0.06000600060006
399,2,2,0,1,1,1O:1O,1O:2O,,,1L,2,0.06000600060006
400,2,1,2,2,2,:1O,2O,1O:1O,1S:1S:1S:2S:3S:3S:3S:3S,1L:1L,2,0.06000600060006
401,5,1,0,1,1,:::1O:1O,,,,1L,2,0.06000600060006
402,3,2,0,2,2,1O:1O:2O,:2O,,2S:2S:2S:3S:3S:4S:4S:4S,1L:1L,2,0.06000600060006
403,5,1,0,1,1,:::1O:1O,1O,,,1L,2,0.06000600060006
404,2,1,1,2,2,1O:1O,2O,1O,2S:2S:2S:2S:2S:2S:2S:2S,1L:1L,2,0.06000600060006
405,2,2,1,1,2,:1O,2O:2O,1O1S,,1L:1L,2,0.06000600060006
406,5,1,0,1,1,:::1O:2O,,,,1L,2,0.06000600060006
407,3,2,1,1,1,::1O,:2O,2O,,1L,2,0.06000600060006
408,1,4,1,1,1,,:::2O,1O,,1L,2,0.06000600060006
409,2,1,2,2,2,1O:1O,2O,1O:1O,1S:1S:1S:1S:2S:2S:2S:2S,1L:1L,2,0.06000600060006
410,2,2,1,1,2,1O:1O,2O:2O,1O1S,,1L:1L,2,0.06000600060006
411,4,1,0,1,1,::1O:1O,,,,1L,2,0.06000600060006
412,2,2,1,1,2,:1O,2O:2O,3O1S,,1L:1L,2,0.06000600060006
413,5,0,2,1,2,:1O:1O:1O:2O,,1O:2O,,1L:1L,2,0.06000600060006
414,3,2,1,1,1,1O:1O:1O,:2O,,,1L,2,0.06000600060006
415,4,1,0,1,2,::1O:1O,2O,,,1L:1L,2,0.06000600060006
416,2,2,1,1,1,1O:1O,:1O,1O,,1L,2,0.06000600060006
417,2,1,1,1,1,1O:1O,1O,1O,,1L,2,0.06000600060006
418,2,1,0,2,2,1O:1O,2O,,2S:2S:2S:2S:2S:2S:3S:3S,1L:1L,2,0.06000600060006
419,5,1,1,1,2,:1O:1O:1O:1O,,1O1S,,1L:1L,2,0.06000600060006
420,2,2,1,1,1,1O:1O,:2O,1O,,1L,2,0.06000600060006
421,5,1,1,1,2,1O:1O:1O:1O:1O,,2O,,1L:1L,2,0.06000600060006
422,5,1,0,1,1,1O:1O:1O:1O:1O,,,,1L,2,0.06000600060006
423,5,1,1,1,1,::::1O,2O,,,1L,2,0.06000600060006
424,2,2,0,2,1,:1O,:1O,,2S:3S:3S:3S:3S:3S:3S:4S,1L,2,0.06000600060006
425,4,1,0,2,2,1O:1O:1O:1O,2O,,1S:1S:1S:1S:2S:2S:2S:3S,1L:1L,2,0.06000600060006
426,2,2,1,1,1,1O:2O,:1O,1O,,1L,2,0.06000600060006
427,2,1,1,1,2,1O:1O,2O,1O,,1L:1L,2,0.06000600060006
428,2,1,1,1,2,1O:2O,2O,1O,,1L:1L,2,0.06000600060006
429,4,1,0,1,1,:1O:1O:1O,1O,,,1L,2,0.06000600060006
430,4,1,0,1,1,:1O:1O:1O,2O,,,1L,2,0.06000600060006
431,3,2,0,2,2,:1O:1O,:2O,,2S:2S:2S:2S:2S:2S:2S:3S,1L:1L,2,0.06000600060006
432,5,0,1,1,2,::1O:1O:1O,,1O,,1L:1L,2,0.06000600060006
433,4,1,0,1,1,:1O:1O:2O,1O,,,1L,2,0.06000600060006
434,3,2,1,1,2,:1O:1O,:2O,1N2O2S,,1L:1L,2,0.06000600060006
435,2,0,4,1,2,1O:1O,,1O:1O:2O:2O,,1L:1L,2,0.06000600060006
436,5,0,2,1,2,::1O:1O:1O,,1O:2O1S,,1L:1L,2,0.06000600060006
437,3,2,1,1,1,:1O:1O,:2O,,,1L,2,0.06000600060006
438,2,1,1,2,2,1O:1O,2O,1O,3S:3S:3S:3S:4S:4S:5S:5S,1L:1L,2,0.06000600060006
439,5,1,0,1,2,::1O:1O:1O,2O,,,1L:1L,2,0.06000600060006
440,5,2,1,1,1,:::1O:1O,:,1O,,1L,2,0.06000600060006
441,1,3,1,2,2,1O,::2O,1O,2S:2S:2S:3S:3S:3S:4S:4S,1L:1L,2,0.06000600060006
442,1,3,1,2,2,1O,::2O,1O,1S:1S:1S:1S:2S:2S:2S:3S,1L:1L,2,0.06000600060006
443,5,0,2,1,2,1O:1O:1O:1O:1O,,1N1O1S:1O,,1L:1L,2,0.06000600060006
444,5,1,1,1,1,::1O:1O:1O,,,,1L,2,0.06000600060006
445,1,3,1,2,2,1O,::2O,1O,1S:1S:1S:1S:2S:2S:2S:2S,1L:1L,2,0.06000600060006
446,5,0,2,1,1,:::1O:1O,,:1O,,1L,2,0.06000600060006
447,5,1,0,2,2,::1O:1O:1O,2O,,2S:2S:2S:3S:3S:4S:4S:4S,1L:1L,2,0.06000600060006
448,3,2,0,2,2,1O:1O:1O,:2O,,1S:1S:1S:2S:3S:3S:3S:3S,1L:1L,2,0.06000600060006
449,2,2,1,2,2,:1O,:2O,2O,2S:2S:2S:2S:2S:2S:2S:2S,1L:1L,2,0.06000600060006
450,5,0,1,2,2,:1O:1O:1O:1O,,2O1S,:::1S:1S:2S:2S:2S,1L:1L,2,0.06000600060006
451,2,1,1,2,2,1O:1O,2O,1O1S,2S:2S:2S:3S:3S:4S:4S:4S,1L:1L,2,0.06000600060006
452,4,1,0,2,2,::1O:1O,2O,,2S:2S:2S:3S:3S:4S:4S:4S,1L:1L,2,0.06000600060006
453,4,1,0,2,2,::1O:1O,2O,,3S:3S:3S:3S:4S:4S:5S:5S,1L:1L,2,0.06000600060006
454,2,2,2,1,1,1O:1O,:,1O:1O1S,,1L,2,0.06000600060006
455,5,1,0,2,2,::1O:1O:1O,2O,,:::1S:1S:2S:2S:2S,1L:1L,2,0.06000600060006
456,3,2,0,1,2,::1O,2O:2O,,,1L:1L,2,0.06000600060006
457,5,0,1,2,2,:1O:1O:1O:1O,,1O,:::1S:1S:2S:2S:2S,1L:1L,2,0.06000600060006
458,2,2,2,1,1,:,:2O,:1O,,1L,2,0.06000600060006
459,2,1,1,2,2,:1O,2O,1O,2S:2S:2S:3S:3S:4S:4S:4S,1L:1L,2,0.06000600060006
460,5,1,1,1,1,:1O:1O:1O:1O,,1O,,1L,2,0.06000600060006
461,5,0,2,1,2,1O:1O:1O:1O:1O,,1O:1O1S,,1L:1L,2,0.06000600060006
462,3,2,1,1,2,1O:1O:1O,:2O,2O2S,,1L:1L,2,0.06000600060006
463,2,1,2,1,2,1O:1O,2O,1O:2O,,1L:1L,2,0.06000600060006
464,3,2,1,1,1,::,1O:2O,1O,,1L,2,0.06000600060006
465,5,0,2,1,2,:1O:1O:1O:1O,,1N3O2S:1O,,1L:1L,2,0.06000600060006
466,5,1,0,1,2,::1O:1O:2O,2O,,,1L:1L,2,0.06000600060006
467,2,1,2,1,2,1O:1O,,1O:2O,,1L:1L,2,0.06000600060006
468,5,0,2,1,2,:1O:1O:1O:1O,,1N1O1S:2O1S,,1L:1L,2,0.06000600060006
469,3,2,1,2,2,:1O:1O,:2O,1O,1S:1S:1S:1S:2S:2S:2S:2S,1L:1L,2,0.06000600060006
470,4,0,3,1,2,:1O:1O:1O,,1O:1O:2O1S,,1L:1L,2,0.06000600060006
471,2,1,1,2,2,1O:1O,2O,1O1S,1S:1S:1S:2S:3S:3S:3S:3S,1L:1L,2,0.06000600060006
472,2,2,1,2,2,1O:1O,:2O,1O,1S:1S:1S:2S:3S:3S:3S:3S,1L:1L,2,0.06000600060006
473,4,1,1,1,2,:1O:1O:2O,2O,1N1O1S,,1L:1L,1,0.03000300030003
474,4,1,1,1,2,::1O:1O,,1N3O2S,,1L:1L,1,0.03000300030003
475,4,1,1,1,2,::1O:1O,,1O1S,,1L:1L,1,0.03000300030003
476,4,1,0,1,2,1O:1O:1O:2O,,,,1L:1L,1,0.03000300030003
477,4,1,0,1,1,1O:1O:1O:1O,1O,,,1L,1,0.03000300030003
478,4,1,1,1,2,::1O:2O,2O,1N2O2S,,1L:1L,1,0.03000300030003
479,4,1,1,1,2,::1O:1O,2O,1O,,1L:1L,1,0.03000300030003
480,4,1,1,1,2,:1O:1O:1O,2O,1O1S,,1L:1L,1,0.03000300030003
481,4,1,1,1,2,::1O:1O,2O,2O,,1L:1L,1,0.03000300030003
482,4,1,1,1,2,::1O:1O,2O,2O1S,,1L:1L,1,0.03000300030003
483,4,0,2,1,2,1O:1O:1O:2O,,1N1O:1O,,1L:1L,1,0.03000300030003
484,4,0,2,1,2,1O:1O:1O:1O,,1N2O1S:1O,,1L:1L,1,0.03000300030003
485,4,0,2,1,2,1O:1O:1O:1O,,1O1S:3O1S,,1L:1L,1,0.03000300030003
486,4,1,1,1,2,1O:1O:1O:2O,,1N4O2S,,1L:1L,1,0.03000300030003
487,4,0,2,1,2,1O:1O:1O:2O,,1N1O1S:1O,,1L:1L,1,0.03000300030003
488,4,0,2,1,2,1O:1O:1O:1O,,1N2O:1O,,1L:1L,1,0.03000300030003
489,4,1,1,1,2,:1O:1O:2O,1O,2O,,1L:1L,1,0.03000300030003
490,4,0,2,1,2,1O:1O:1O:1O,,1O1S:1O1S,,1L:1L,1,0.03000300030003
491,4,0,2,1,2,1O:1O:1O:1O,,1N3O2S:2O1S,,1L:1L,1,0.03000300030003
492,4,1,1,1,2,1O:1O:1O:2O,2O,2O1S,,1L:1L,1,0.03000300030003
493,4,1,0,1,1,:::1O,,,,1L,1,0.03000300030003
494,4,0,2,1,2,1O:1O:1O:1O,,1O:3O2S,,1L:1L,1,0.03000300030003
495,4,1,1,1,2,:1O:1O:1O,2O,1N2O1S,,1L:1L,1,0.03000300030003
496,4,1,0,1,1,::1O:2O,,,,1L,1,0.03000300030003
497,4,1,1,1,2,:1O:1O:2O,1O,1N2O2S,,1L:1L,1,0.03000300030003
498,4,1,1,1,2,:1O:1O:2O,,1O,,1L:1L,1,0.03000300030003
499,4,1,1,1,2,:1O:1O:1O,2O,3O2S,,1L:1L,1,0.03000300030003
500,4,1,0,1,1,::1O:2O,2O,,,1L,1,0.03000300030003
501,4,1,1,1,2,:1O:1O:1O,2O,3O1S,,1L:1L,1,0.03000300030003
502,4,0,2,1,2,1O:1O:1O:1O,,2O:2O1S,,1L:1L,1,0.03000300030003
503,4,1,1,1,2,1O:1O:1O:2O,2O,2O,,1L:1L,1,0.03000300030003
504,4,1,0,2,2,:::1O,2O,,2S:2S:2S:3S:3S:4S:4S:4S,1L:1L,1,0.03000300030003
505,4,1,0,1,2,:1O:1O:2O,2O,,,1L:1L,1,0.03000300030003
506,4,1,1,1,1,:1O:1O:1O,,2O1S,,1L,1,0.03000300030003
507,4,0,2,2,2,:1O:1O:2O,,1O:2O,::1S:1S:2S:2S:2S:2S,1L:1L,1,0.03000300030003
508,4,0,2,2,2,1O:1O:1O:1O,,1O:2O,::1S:1S:2S:2S:2S:2S,1L:1L,1,0.03000300030003
509,4,0,3,1,2,:1O:1O:1O,,1O:1O1S:2O,,1L:1L,1,0.03000300030003
510,4,0,3,1,2,:1O:1O:1O,,1O:1O:1O,,1L:1L,1,0.03000300030003
511,4,0,2,2,2,1O:1O:1O:1O,,1O:1O1S,:1S:1S:1S:2S:2S:2S:2S,1L:1L,1,0.03000300030003
512,4,0,3,1,2,:1O:1O:1O,,1O:1O:2O,,1L:1L,1,0.03000300030003
513,4,1,1,1,1,:1O:1O:1O,1O,1O,,1L,1,0.03000300030003
514,4,1,1,1,1,::1O:1O,,2O1S,,1L,1,0.03000300030003
515,4,1,0,2,2,:1O:1O:2O,2O,,2S:2S:2S:2S:2S:2S:3S:3S,1L:1L,1,0.03000300030003
516,4,1,1,1,1,:1O:1O:2O,,1N1O,,1L,1,0.03000300030003
517,4,1,0,2,2,:1O:1O:2O,2O,,1S:1S:1S:2S:3S:3S:3S:3S,1L:1L,1,0.03000300030003
518,4,0,3,1,2,:1O:1O:1O,,1O:2O:3O1S,,1L:1L,1,0.03000300030003
519,4,0,2,2,2,1O:1O:1O:1O,,1O:1O,1S:1S:1S:2S:2S:2S:2S:3S,1L:1L,1,0.03000300030003
520,4,0,2,1,3,:1O:1O:1O,,1N3O2S:1O,,1L:1L:1L,1,0.03000300030003
521,4,0,3,1,2,1O:1O:1O:2O,,1N1O:1O:1O,,1L:1L,1,0.03000300030003
522,4,1,1,1,1,:1O:1O:1O,,1N1O1S,,1L,1,0.03000300030003
523,4,0,3,1,2,1O:1O:1O:1O,,1N3O2S:1O:1O,,1L:1L,1,0.03000300030003
524,4,0,3,1,2,1O:1O:1O:1O,,:1O1S:2O1S,,1L:1L,1,0.03000300030003
525,4,1,1,1,1,:1O:1O:1O,,1N1O,,1L,1,0.03000300030003
526,4,1,0,2,2,::1O:1O,2O,,1S:1S:1S:2S:3S:3S:3S:3S,1L:1L,1,0.03000300030003
527,4,0,3,1,2,1O:1O:1O:1O,,1O:1O1S:1O1S,,1L:1L,1,0.03000300030003
528,4,0,3,1,2,1O:1O:1O:1O,,:1N2O2S:1O,,1L:1L,1,0.03000300030003
529,4,1,1,1,1,1O:1O:1O:2O,1O,,,1L,1,0.03000300030003
530,4,1,1,1,1,1O:1O:1O:1O,,1O,,1L,1,0.03000300030003
531,4,1,1,1,1,1O:1O:1O:1O,,1N1O1S,,1L,1,0.03000300030003
532,4,0,3,1,2,1O:1O:1O:1O,,1O:1O1S:2O1S,,1L:1L,1,0.03000300030003
533,4,1,0,2,2,::1O:1O,2O,,::1S:1S:2S:2S:2S:2S,1L:1L,1,0.03000300030003
534,4,0,3,1,2,1O:1O:1O:1O,,:1N1O1S:1O,,1L:1L,1,0.03000300030003
535,4,1,0,2,2,::1O:1O,2O,,:::1S:1S:2S:2S:2S,1L:1L,1,0.03000300030003
536,4,0,3,1,2,1O:1O:1O:1O,,1O:2O:2O1S,,1L:1L,1,0.03000300030003
537,4,0,3,1,2,1O:1O:1O:1O,,1O:2O1S:3O1S,,1L:1L,1,0.03000300030003
538,4,0,2,1,3,1O:1O:1O:1O,,1O:1O,,1L:1L:1L,1,0.03000300030003
539,4,0,2,1,2,:1O:1O:2O,,1N2O2S:2O,,1L:1L,1,0.03000300030003
540,4,1,0,1,2,:::2O,,,,1L:1L,1,0.03000300030003
541,4,1,0,2,2,1O:1O:1O:1O,2O,,1S:1S:1S:2S:3S:3S:3S:3S,1L:1L,1,0.03000300030003
542,4,0,2,1,2,:1O:1O:1O,,1N2O2S:1O1S,,1L:1L,1,0.03000300030003
543,4,1,0,2,2,1O:1O:1O:2O,2O,,2S:2S:2S:3S:3S:4S:4S:4S,1L:1L,1,0.03000300030003
544,4,0,4,1,2,::1O:1O,,1O:1O:1O:2O1S,,1L:1L,1,0.03000300030003
545,4,1,0,2,2,1O:1O:1O:1O,2O,,::1S:1S:2S:2S:2S:2S,1L:1L,1,0.03000300030003
546,4,0,4,1,2,::1O:2O,,1O:1O:1O:1O,,1L:1L,1,0.03000300030003
547,4,1,0,2,2,1O:1O:1O:1O,2O,,2S:2S:3S:3S:3S:3S:3S:3S,1L:1L,1,0.03000300030003
548,4,0,2,1,2,:1O:1O:1O,,1N2O2S:1N2O2S,,1L:1L,1,0.03000300030003
549,4,1,1,1,1,::1O:1O,1O,1O1S,,1L,1,0.03000300030003
550,4,0,2,1,2,:1O:1O:1O,,1N1O1S:1O,,1L:1L,1,0.03000300030003
551,4,1,1,1,2,1O:1O:1O:1O,,1O1S,,1L:1L,1,0.03000300030003
552,4,1,1,1,2,1O:1O:1O:1O,,2O,,1L:1L,1,0.03000300030003
553,4,1,0,2,1,:1O:1O:2O,,,1S:1S:1S:1S:1S:2S:2S:2S,1L,1,0.03000300030003
554,4,1,1,1,2,1O:1O:1O:1O,1O,1O,,1L:1L,1,0.03000300030003
555,4,1,1,1,2,1O:1O:1O:1O,1O,2O,,1L:1L,1,0.03000300030003
556,4,0,4,1,2,:1O:1O:2O,,1N2O:1O:1O:1O,,1L:1L,1,0.03000300030003
557,4,1,1,1,1,:::1O,2O,1O,,1L,1,0.03000300030003
558,4,0,4,1,2,:1O:1O:1O,,:1O:2O:2O1S,,1L:1L,1,0.03000300030003
559,4,0,2,1,2,:1O:1O:1O,,1N3O2S:1O,,1L:1L,1,0.03000300030003
560,4,0,4,1,2,:1O:1O:1O,,:1O:1O:1O,,1L:1L,1,0.03000300030003
561,4,0,2,1,2,:1O:1O:1O,,1O1S:2O1S,,1L:1L,1,0.03000300030003
562,4,1,1,1,1,:::1O,,2O1S,,1L,1,0.03000300030003
563,4,1,1,1,1,:::,2O,1O,,1L,1,0.03000300030003
564,4,1,1,1,1,::1O:2O,2O,1O,,1L,1,0.03000300030003
565,4,1,1,1,1,::1O:2O,,1O1S,,1L,1,0.03000300030003
566,4,0,4,1,2,:1O:1O:1O,,1O:1O:1O:1O,,1L:1L,1,0.03000300030003
567,4,0,4,1,2,:1O:1O:1O,,1O:1O:1O1S:2O,,1L:1L,1,0.03000300030003
568,4,0,3,1,2,:1O:1O:2O,,1O:1O:1O,,1L:1L,1,0.03000300030003
569,4,0,3,1,2,:1O:1O:1O,,:1O:2O,,1L:1L,1,0.03000300030003
570,4,0,2,1,2,:1O:1O:1O,,1O:3O1S,,1L:1L,1,0.03000300030003
571,4,0,3,1,2,:1O:1O:1O,,:1O:1O,,1L:1L,1,0.03000300030003
572,4,1,1,1,1,::1O:1O,1O,2O1S,,1L,1,0.03000300030003
573,4,1,0,2,2,:1O:1O:1O,2O,,1S:1S:1S:1S:2S:2S:2S:3S,1L:1L,1,0.03000300030003
574,0,1,2,2,2,,2O,1O:2O1S,3S:3S:3S:3S:4S:4S:5S:5S,1L:1L,1,0.03000300030003
575,4,1,1,1,2,:::1O,2O,1N3O2S,,1L:1L,1,0.03000300030003
576,5,1,2,1,2,::1O:1O:1O,,:1O,,1L:1L,1,0.03000300030003
577,5,1,1,1,2,:1O:1O:1O:1O,1O,1O,,1L:1L,1,0.03000300030003
578,5,1,1,1,2,:1O:1O:1O:2O,2O,1O,,1L:1L,1,0.03000300030003
579,5,1,1,2,2,:1O:1O:1O:1O,,1O1S,::1S:1S:2S:2S:2S:2S,1L:1L,1,0.03000300030003
580,5,1,2,1,1,:1O:1O:1O:1O,,:1O,,1L,1,0.03000300030003
581,5,1,2,1,1,::1O:1O:1O,,1O:2O1S,,1L,1,0.03000300030003
582,5,1,2,1,1,::1O:1O:1O,,:1O,,1L,1,0.03000300030003
583,5,1,2,1,2,1O:1O:1O:1O:1O,,1N1O1S:1O,,1L:1L,1,0.03000300030003
584,5,1,2,1,2,1O:1O:1O:1O:1O,,1O1S:2O,,1L:1L,1,0.03000300030003
585,5,1,2,1,2,1O:1O:1O:1O:1O,,2O1S:2O1S,,1L:1L,1,0.03000300030003
586,5,1,2,1,2,:1O:1O:1O:1O,,1N2O1S:1O,,1L:1L,1,0.03000300030003
587,5,1,2,1,2,:1O:1O:1O:1O,,1O:3O1S,,1L:1L,1,0.03000300030003
588,5,1,2,1,2,::1O:1O:1O,,1O:2O,,1L:1L,1,0.03000300030003
589,5,1,2,1,2,::1O:1O:1O,,2O:2O,,1L:1L,1,0.03000300030003
590,5,1,3,1,2,:1O:1O:1O:1O,,:1O:1O,,1L:1L,1,0.03000300030003
591,5,1,1,1,2,:1O:1O:1O:1O,,1N3O2S,,1L:1L,1,0.03000300030003
592,5,2,0,1,1,1O:1O:1O:1O:1O,:1O,,,1L,1,0.03000300030003
593,5,2,0,1,1,:1O:1O:1O:1O,:1O,,,1L,1,0.03000300030003
594,5,2,0,1,1,:1O:1O:1O:2O,:,,,1L,1,0.03000300030003
595,5,2,0,1,1,::1O:1O:1O,:1O,,,1L,1,0.03000300030003
596,5,2,0,1,1,::1O:1O:1O,:2O,,,1L,1,0.03000300030003
597,5,2,0,1,2,:1O:1O:1O:1O,:2O,,,1L:1L,1,0.03000300030003
598,5,2,1,1,1,:1O:1O:1O:1O,:,,,1L,1,0.03000300030003
599,5,2,1,1,1,::1O:1O:1O,:,1N1O1S,,1L,1,0.03000300030003
600,5,2,1,1,1,::1O:1O:1O,:,3O1S,,1L,1,0.03000300030003
601,5,2,1,1,2,1O:1O:1O:1O:1O,:,2O,,1L:1L,1,0.03000300030003
602,5,2,1,1,2,1O:1O:1O:1O:2O,:,1O,,1L:1L,1,0.03000300030003
603,5,2,2,1,1,::1O:1O:1O,:,1O:1O,,1L,1,0.03000300030003
604,5,3,0,1,1,::1O:1O:2O,::,,,1L,1,0.03000300030003
605,5,1,1,1,2,:1O:1O:1O:1O,,2O,,1L:1L,1,0.03000300030003
606,5,1,1,1,2,1O:1O:1O:1O:2O,,3O1S,,1L:1L,1,0.03000300030003
607,5,3,0,1,1,::::1O,::2O,,,1L,1,0.03000300030003
608,5,1,1,1,1,:1O:1O:1O:1O,,2O,,1L,1,0.03000300030003
609,5,1,0,1,1,::::1O,2O,,,1L,1,0.03000300030003
610,5,1,0,1,2,1O:1O:1O:1O:1O,,,,1L:1L,1,0.03000300030003
611,5,1,0,1,2,1O:1O:1O:1O:1O,2O,,,1L:1L,1,0.03000300030003
612,5,1,0,1,2,1O:1O:1O:1O:2O,,,,1L:1L,1,0.03000300030003
613,5,1,0,1,2,1O:1O:1O:2O:2O,2O,,,1L:1L,1,0.03000300030003
614,5,1,0,1,2,::1O:1O:2O,,,,1L:1L,1,0.03000300030003
615,5,1,0,2,1,::::2O,,,1S:1S:1S:2S:3S:3S:3S:3S,1L,1,0.03000300030003
616,5,1,0,2,2,:1O:1O:1O:1O,2O,,1S:1S:1S:2S:3S:3S:3S:3S,1L:1L,1,0.03000300030003
617,5,1,0,2,2,:1O:1O:1O:1O,2O,,2S:2S:2S:2S:2S:2S:3S:3S,1L:1L,1,0.03000300030003
618,5,1,0,2,2,:1O:1O:1O:2O,2O,,::1S:1S:1S:2S:2S:2S,1L:1L,1,0.03000300030003
619,5,1,0,2,2,::1O:1O:1O,2O,,1S:1S:1S:1S:2S:2S:2S:2S,1L:1L,1,0.03000300030003
620,5,1,0,2,2,::1O:1O:2O,2O,,::1S:1S:2S:2S:2S:2S,1L:1L,1,0.03000300030003
621,5,1,0,2,2,:::1O:1O,2O,,::1S:1S:2S:2S:2S:2S,1L:1L,1,0.03000300030003
622,5,1,1,1,1,:1O:1O:1O:2O,,1O1S,,1L,1,0.03000300030003
623,5,1,1,1,2,1O:1O:1O:1O:2O,,2O,,1L:1L,1,0.03000300030003
624,5,1,1,1,1,::1O:1O:1O,,2O1S,,1L,1,0.03000300030003
625,5,1,1,1,1,::1O:1O:1O,1O,,,1L,1,0.03000300030003
626,5,1,1,1,1,::1O:1O:1O,2O,,,1L,1,0.03000300030003
627,5,1,1,1,1,::1O:1O:1O,2O,1O,,1L,1,0.03000300030003
628,5,1,1,1,1,::1O:1O:2O,,,,1L,1,0.03000300030003
629,5,1,1,1,1,::1O:1O:2O,,1O,,1L,1,0.03000300030003
630,5,1,1,1,1,:::1O:1O,,1N3O2S,,1L,1,0.03000300030003
631,5,1,1,1,1,:::1O:1O,,2O1S,,1L,1,0.03000300030003
632,5,1,1,1,1,:::1O:1O,1O,1O,,1L,1,0.03000300030003
633,5,1,1,1,1,:::1O:2O,,1O1S,,1L,1,0.03000300030003
634,5,1,1,1,1,:::1O:2O,1O,1O,,1L,1,0.03000300030003
635,5,1,1,1,2,1O:1O:1O:1O:2O,,1N1O1S,,1L:1L,1,0.03000300030003
636,5,1,1,1,2,1O:1O:1O:1O:2O,,1O,,1L:1L,1,0.03000300030003
637,5,3,0,1,1,:::1O:1O,::2O,,,1L,1,0.03000300030003
638,5,3,0,2,2,:::1O:1O,::2O,,1S:1S:1S:2S:2S:3S:3S:3S,1L:1L,1,0.03000300030003
639,4,1,1,1,3,:1O:1O:1O,,1O,,1L:1L:1L,1,0.03000300030003
640,6,1,2,1,2,:1O:1O:1O:1O:1O,,:2O,,1L:1L,1,0.03000300030003
641,6,1,0,1,1,::::1O:1O,,,,1L,1,0.03000300030003
642,6,1,0,1,1,::::1O:1O,2O,,,1L,1,0.03000300030003
643,6,1,0,1,2,1O:1O:1O:1O:1O:1O,2O,,,1L:1L,1,0.03000300030003
644,6,1,0,1,2,:1O:1O:1O:1O:1O,,,,1L:1L,1,0.03000300030003
645,6,1,0,1,2,:1O:1O:1O:1O:2O,2O,,,1L:1L,1,0.03000300030003
646,6,1,1,1,1,:::1O:1O:1O,,2O1S,,1L,1,0.03000300030003
647,6,1,1,1,1,::::1O:1O,,2O1S,,1L,1,0.03000300030003
648,6,1,1,1,1,::::1O:1O,1O,1O,,1L,1,0.03000300030003
649,6,1,1,1,1,::::1O:2O,,1O,,1L,1,0.03000300030003
650,6,1,1,1,2,1O:1O:1O:1O:1O:1O,,1O,,1L:1L,1,0.03000300030003
651,6,1,1,1,2,:1O:1O:1O:1O:1O,,1N2O1S,,1L:1L,1,0.03000300030003
652,6,1,1,1,2,:1O:1O:1O:1O:1O,,2O1S,,1L:1L,1,0.03000300030003
653,6,1,1,1,2,:1O:1O:1O:1O:2O,,1O,,1L:1L,1,0.03000300030003
654,6,1,2,1,2,::1O:1O:1O:1O,,1O:2O,,1L:1L,1,0.03000300030003
655,6,1,0,1,1,::1O:1O:1O:1O,1O,,,1L,1,0.03000300030003
656,6,2,0,1,1,:1O:1O:1O:1O:1O,:,,,1L,1,0.03000300030003
657,6,2,0,1,1,:::1O:1O:1O,:2O,,,1L,1,0.03000300030003
658,6,2,0,1,1,:::1O:1O:2O,:,,,1L,1,0.03000300030003
659,6,2,1,1,1,::::1O:1O,:,1O,,1L,1,0.03000300030003
660,7,0,0,1,1,::::1O:1O:2O,,,,1L,1,0.03000300030003
661,7,0,0,1,2,:1O:1O:1O:1O:1O:1O,,,,1L:1L,1,0.03000300030003
662,7,0,1,1,1,:::1O:1O:1O:1O,,,,1L,1,0.03000300030003
663,7,0,1,1,1,::::1O:1O:2O,,,,1L,1,0.03000300030003
664,7,0,1,1,2,:1O:1O:1O:1O:1O:1O,,,,1L:1L,1,0.03000300030003
665,7,0,2,1,2,:::1O:1O:1O:1O,,1O:1O,,1L:1L,1,0.03000300030003
666,7,1,0,1,1,:::::1O:1O,1O,,,1L,1,0.03000300030003
667,7,1,1,1,1,::::1O:1O:1O,,,,1L,1,0.03000300030003
668,7,1,1,1,1,::::1O:1O:1O,,1O,,1L,1,0.03000300030003
669,6,1,0,1,1,:::1O:1O:2O,,,,1L,1,0.03000300030003
670,6,1,0,1,1,:1O:1O:1O:1O:1O,1O,,,1L,1,0.03000300030003
671,5,3,1,1,1,:1O:1O:1O:1O,::,,,1L,1,0.03000300030003
672,6,0,1,1,2,1O:1O:1O:1O:2O:2O,,1O,,1L:1L,1,0.03000300030003
673,5,3,1,1,1,:::1O:1O,::1O,1O,,1L,1,0.03000300030003
674,6,0,0,1,1,:1O:1O:1O:1O:1O,,,,1L,1,0.03000300030003
675,6,0,1,1,1,:1O:1O:1O:1O:1O,,,,1L,1,0.03000300030003
676,6,0,1,1,1,:1O:1O:1O:1O:1O,,1O,,1L,1,0.03000300030003
677,6,0,1,1,1,::1O:1O:1O:1O,,1N1O,,1L,1,0.03000300030003
678,6,0,1,1,1,::1O:1O:1O:1O,,1O,,1L,1,0.03000300030003
679,6,0,1,1,1,:::1O:1O:1O,,,,1L,1,0.03000300030003
680,6,0,1,1,1,:::1O:1O:1O,,1O,,1L,1,0.03000300030003
681,6,0,1,1,1,:::1O:1O:1O,,2O1S,,1L,1,0.03000300030003
682,6,0,1,1,1,::::1O:1O,,1N2O1S,,1L,1,0.03000300030003
683,6,0,1,1,1,::::1O:1O,,1O,,1L,1,0.03000300030003
684,6,0,1,1,1,::::1O:1O,,2O1S,,1L,1,0.03000300030003
685,6,0,1,1,2,1O:1O:1O:1O:1O:2O,,2O,,1L:1L,1,0.03000300030003
686,6,0,1,1,2,:1O:1O:1O:1O:1O,,1O1S,,1L:1L,1,0.03000300030003
687,6,0,2,1,2,::1O:1O:1O:1O,,1O:1O,,1L:1L,1,0.03000300030003
688,6,0,1,1,2,:1O:1O:1O:1O:1O,,2O,,1L:1L,1,0.03000300030003
689,6,0,1,1,2,:1O:1O:1O:1O:1O,,2O1S,,1L:1L,1,0.03000300030003
690,6,0,1,1,2,:1O:1O:1O:1O:2O,,1O1S,,1L:1L,1,0.03000300030003
691,6,0,1,1,2,:1O:1O:1O:1O:2O,,2O,,1L:1L,1,0.03000300030003
692,6,0,1,1,2,::1O:1O:1O:1O,,1N1O1S,,1L:1L,1,0.03000300030003
693,6,0,1,1,2,::1O:1O:1O:1O,,1O,,1L:1L,1,0.03000300030003
694,6,0,1,2,1,:1O:1O:1O:1O:1O,,2O1S,1S:1S:1S:1S:2S:2S:2S:2S,1L,1,0.03000300030003
695,6,0,1,2,2,:1O:1O:1O:1O:1O,,3O1S,:::1S:1S:2S:2S:2S,1L:1L,1,0.03000300030003
696,6,0,2,1,1,:::1O:1O:1O,,:1O1S,,1L,1,0.03000300030003
697,6,0,2,1,2,1O:1O:1O:1O:1O:1O,,1O:1O,,1L:1L,1,0.03000300030003
698,6,0,2,1,2,:1O:1O:1O:1O:1O,,:1O,,1L:1L,1,0.03000300030003
699,6,0,2,1,2,:1O:1O:1O:1O:1O,,:2O1S,,1L:1L,1,0.03000300030003
700,6,0,2,1,2,:1O:1O:1O:1O:2O,,1O:1O,,1L:1L,1,0.03000300030003
701,5,1,0,1,1,::::1O,,,,1L,1,0.03000300030003
702,5,0,4,1,2,::1O:1O:1O,,1O:1O:2O:2O,,1L:1L,1,0.03000300030003
703,5,0,4,1,2,::1O:1O:1O,,1O:1O:1O:2O1S,,1L:1L,1,0.03000300030003
704,4,2,1,1,1,:1O:1O:1O,1O:1O,1O1S,,1L,1,0.03000300030003
705,4,2,0,1,1,:1O:1O:2O,:,,,1L,1,0.03000300030003
706,4,2,0,1,1,:1O:1O:2O,:1O,,,1L,1,0.03000300030003
707,4,2,0,1,1,:::1O,:1O,,,1L,1,0.03000300030003
708,4,2,0,1,1,:::2O,:2O,,,1L,1,0.03000300030003
709,4,2,0,1,2,1O:1O:1O:1O,:,,,1L:1L,1,0.03000300030003
710,4,2,0,1,2,:1O:1O:1O,1O:2O,,,1L:1L,1,0.03000300030003
711,4,2,0,1,2,:1O:1O:1O,:,,,1L:1L,1,0.03000300030003
712,4,2,0,1,2,::1O:1O,2O:2O,,,1L:1L,1,0.03000300030003
713,4,2,0,2,2,:1O:1O:1O,:2O,,1S:1S:1S:1S:2S:2S:2S:2S,1L:1L,1,0.03000300030003
714,4,2,0,2,2,:1O:1O:1O,:2O,,1S:1S:1S:1S:2S:2S:2S:3S,1L:1L,1,0.03000300030003
715,4,2,0,2,2,:1O:1O:1O,:2O,,2S:2S:2S:2S:2S:2S:3S:3S,1L:1L,1,0.03000300030003
716,4,2,0,2,2,:1O:1O:1O,:2O,,:::1S:1S:2S:2S:2S,1L:1L,1,0.03000300030003
717,4,2,0,2,2,::1O:1O,:2O,,1S:1S:1S:2S:3S:3S:3S:3S,1L:1L,1,0.03000300030003
718,4,2,1,1,1,:1O:1O:1O,:,1N1O1S,,1L,1,0.03000300030003
719,4,1,2,1,2,:1O:1O:2O,2O,1O:1O,,1L:1L,1,0.03000300030003
720,4,2,1,1,1,:1O:1O:2O,:,1O,,1L,1,0.03000300030003
721,4,2,1,1,1,::1O:1O,:,1O1S,,1L,1,0.03000300030003
722,4,2,1,1,1,::1O:1O,:,2O,,1L,1,0.03000300030003
723,4,2,1,1,1,::1O:1O,:1O,1N1O,,1L,1,0.03000300030003
724,4,2,1,1,1,::1O:1O,:2O,,,1L,1,0.03000300030003
725,4,2,1,1,1,::1O:1O,:2O,1N1O1S,,1L,1,0.03000300030003
726,4,2,1,1,1,::1O:2O,:,1O,,1L,1,0.03000300030003
727,4,2,1,1,1,:::,1O:2O,1O,,1L,1,0.03000300030003
728,4,2,1,1,1,:::1O,1O:2O,,,1L,1,0.03000300030003
729,4,2,1,1,1,:::1O,:2O,2O1S,,1L,1,0.03000300030003
730,4,2,1,1,2,1O:1O:1O:1O,:2O,,,1L:1L,1,0.03000300030003
731,4,2,1,1,2,1O:1O:1O:1O,:2O,1O,,1L:1L,1,0.03000300030003
732,4,2,2,1,1,::1O:1O,:,1O:1O,,1L,1,0.03000300030003
733,4,2,0,1,1,:1O:1O:1O,1O:2O,,,1L,1,0.03000300030003
734,4,1,2,1,2,:1O:1O:1O,2O,:1O1S,,1L:1L,1,0.03000300030003
735,5,0,4,1,2,::1O:1O:1O,,1O:1O:1O:2O,,1L:1L,1,0.03000300030003
736,4,1,2,1,1,::1O:1O,,:2O1S,,1L,1,0.03000300030003
737,4,1,1,2,1,::1O:2O,,1O,1S:1S:1S:1S:1S:2S:2S:2S,1L,1,0.03000300030003
738,4,1,1,2,2,1O:1O:1O:1O,,1O,::1S:1S:2S:2S:2S:2S,1L:1L,1,0.03000300030003
739,4,1,1,2,2,1O:1O:1O:1O,,1O1S,::1S:1S:2S:2S:2S:2S,1L:1L,1,0.03000300030003
740,4,1,1,2,2,1O:1O:1O:1O,,2O,:::1S:1S:2S:2S:2S,1L:1L,1,0.03000300030003
741,4,1,1,2,2,1O:1O:1O:1O,,2O1S,:::1S:1S:2S:2S:2S,1L:1L,1,0.03000300030003
742,4,1,1,2,2,:1O:1O:1O,2O,1O,1S:1S:1S:2S:2S:3S:3S:3S,1L:1L,1,0.03000300030003
743,4,1,1,2,2,:1O:1O:1O,2O,1O,::1S:1S:2S:2S:2S:2S,1L:1L,1,0.03000300030003
744,4,1,1,2,2,:1O:1O:2O,,2O,:::1S:1S:2S:2S:2S,1L:1L,1,0.03000300030003
745,4,1,1,2,2,::1O:1O,2O,,:::1S:1S:2S:2S:2S,1L:1L,1,0.03000300030003
746,4,1,1,2,2,::1O:1O,2O,1O,1S:1S:1S:2S:3S:3S:3S:3S,1L:1L,1,0.03000300030003
747,4,1,1,2,2,::1O:1O,2O,1O,2S:2S:2S:3S:3S:4S:4S:4S,1L:1L,1,0.03000300030003
748,4,1,1,2,2,::1O:1O,2O,2O1S,1S:1S:1S:2S:3S:3S:3S:3S,1L:1L,1,0.03000300030003
749,4,1,2,1,1,:1O:1O:1O,,:,,1L,1,0.03000300030003
750,4,1,2,1,1,::1O:1O,1O,:1O,,1L,1,0.03000300030003
751,4,1,2,1,2,:1O:1O:1O,,1O:2O,,1L:1L,1,0.03000300030003
752,4,1,2,1,1,::1O:1O,2O,:1O,,1L,1,0.03000300030003
753,4,1,2,1,1,::1O:2O,,1O:1O,,1L,1,0.03000300030003
754,4,1,2,1,2,1O:1O:1O:1O,,1N1O1S:1O,,1L:1L,1,0.03000300030003
755,4,1,2,1,2,1O:1O:1O:1O,,1N2O1S:1O,,1L:1L,1,0.03000300030003
756,4,1,2,1,2,1O:1O:1O:1O,,2O:2O,,1L:1L,1,0.03000300030003
757,4,1,2,1,2,1O:1O:1O:1O,1O,1N2O1S:1O,,1L:1L,1,0.03000300030003
758,4,1,2,1,2,1O:1O:1O:1O,2O,1O:1O,,1L:1L,1,0.03000300030003
759,4,1,2,1,2,1O:1O:1O:2O,,1O:1O1S,,1L:1L,1,0.03000300030003
760,4,1,2,1,2,1O:1O:1O:2O,2O,1O:1O,,1L:1L,1,0.03000300030003
761,4,1,2,1,2,:1O:1O:1O,,1N1O1S:1O,,1L:1L,1,0.03000300030003
762,4,1,2,1,2,:1O:1O:1O,,1N1O:1N2O2S,,1L:1L,1,0.03000300030003
763,4,1,2,1,2,:1O:1O:1O,,1N2O1S:2O,,1L:1L,1,0.03000300030003
764,4,1,2,1,2,:1O:1O:1O,,1N2O:1O,,1L:1L,1,0.03000300030003
765,4,2,2,1,1,::1O:1O,:,:1O,,1L,1,0.03000300030003
766,4,2,2,1,2,1O:1O:1O:1O,:,1O:2O,,1L:1L,1,0.03000300030003
767,4,2,2,1,2,:1O:1O:1O,:,1N2O1S:1O,,1L:1L,1,0.03000300030003
768,5,0,2,1,2,::1O:1O:1O,,1O:3O1S,,1L:1L,1,0.03000300030003
769,5,0,1,2,2,::1O:1O:1O,,1O1S,::1S:1S:2S:2S:2S:2S,1L:1L,1,0.03000300030003
770,5,0,1,2,2,:::1O:1O,,3O1S,:::1S:1S:2S:2S:2S,1L:1L,1,0.03000300030003
771,5,0,2,1,2,1O:1O:1O:1O:1O,,1N2O1S:2O1S,,1L:1L,1,0.03000300030003
772,5,0,2,1,2,1O:1O:1O:1O:1O,,1N3O2S:1O,,1L:1L,1,0.03000300030003
773,5,0,2,1,2,1O:1O:1O:1O:1O,,1O:2O1S,,1L:1L,1,0.03000300030003
774,5,0,2,1,2,1O:1O:1O:1O:1O,,:2O,,1L:1L,1,0.03000300030003
775,5,0,2,1,2,1O:1O:1O:1O:1O,,:2O1S,,1L:1L,1,0.03000300030003
776,5,0,2,1,2,1O:1O:1O:1O:2O,,:1O,,1L:1L,1,0.03000300030003
777,5,0,2,1,2,1O:1O:1O:1O:2O,,:2O,,1L:1L,1,0.03000300030003
778,5,0,2,1,2,:1O:1O:1O:1O,,1O1S:1O1S,,1L:1L,1,0.03000300030003
779,5,0,2,1,2,:1O:1O:1O:1O,,1O1S:2O1S,,1L:1L,1,0.03000300030003
780,5,0,2,1,2,:1O:1O:1O:1O,,2O:2O,,1L:1L,1,0.03000300030003
781,5,0,2,1,2,:1O:1O:1O:2O,,1N2O1S:1O,,1L:1L,1,0.03000300030003
782,5,0,2,1,2,::1O:1O:1O,,2O:2O1S,,1L:1L,1,0.03000300030003
783,4,3,0,1,1,:1O:1O:1O,::2O,,,1L,1,0.03000300030003
784,5,0,2,2,2,:1O:1O:1O:1O,,1O:1O,1S:1S:1S:2S:2S:2S:3S:3S,1L:1L,1,0.03000300030003
785,5,0,2,2,2,:1O:1O:1O:1O,,1O:1O,:1S:1S:1S:2S:2S:2S:2S,1L:1L,1,0.03000300030003
786,5,0,2,2,2,:1O:1O:1O:1O,,1O:2O1S,:::1S:1S:2S:2S:2S,1L:1L,1,0.03000300030003
787,5,0,2,2,2,:1O:1O:1O:2O,,1O:1O,1S:1S:1S:2S:2S:2S:3S:3S,1L:1L,1,0.03000300030003
788,5,0,3,1,2,1O:1O:1O:1O:1O,,:1O:1O,,1L:1L,1,0.03000300030003
789,5,0,3,1,2,1O:1O:1O:1O:1O,,:1O:2O,,1L:1L,1,0.03000300030003
790,5,0,3,1,2,1O:1O:1O:1O:1O,,::1O1S,,1L:1L,1,0.03000300030003
791,5,0,3,1,2,1O:1O:1O:1O:2O,,::1O1S,,1L:1L,1,0.03000300030003
792,5,0,3,1,2,:1O:1O:1O:1O,,1O:1O:2O,,1L:1L,1,0.03000300030003
793,5,0,3,1,2,:1O:1O:1O:1O,,:1O:1O,,1L:1L,1,0.03000300030003
794,5,0,3,1,2,:1O:1O:1O:1O,,:2O:2O1S,,1L:1L,1,0.03000300030003
795,5,0,3,1,2,:::1O:1O,,1O:1O:1O,,1L:1L,1,0.03000300030003
796,5,0,3,1,2,:::1O:2O,,1O:2O:2O1S,,1L:1L,1,0.03000300030003
797,5,0,1,2,2,:1O:1O:1O:1O,,2O1S,:1S:1S:2S:2S:2S:2S:3S,1L:1L,1,0.03000300030003
798,5,0,1,2,2,:1O:1O:1O:1O,,2O,:::1S:1S:2S:2S:2S,1L:1L,1,0.03000300030003
799,5,0,1,2,2,:1O:1O:1O:1O,,2O,::1S:1S:2S:2S:2S:2S,1L:1L,1,0.03000300030003
800,5,0,1,2,2,:1O:1O:1O:1O,,1N3O2S,:::1S:1S:2S:2S:2S,1L:1L,1,0.03000300030003
801,4,3,0,1,1,:1O:1O:2O,::,,,1L,1,0.03000300030003
802,4,3,0,1,1,:::1O,::1O,,,1L,1,0.03000300030003
803,4,3,1,1,1,:1O:1O:1O,::,1O,,1L,1,0.03000300030003
804,4,3,1,1,1,::1O:1O,::,1O,,1L,1,0.03000300030003
805,4,3,1,1,1,:::1O,::2O,,,1L,1,0.03000300030003
806,4,4,0,1,1,:1O:1O:1O,:::1O,,,1L,1,0.03000300030003
807,5,0,0,1,1,:::1O:1O,,,,1L,1,0.03000300030003
808,5,0,1,1,1,1O:1O:1O:1O:2O,,,,1L,1,0.03000300030003
809,5,0,1,1,1,:1O:1O:1O:1O,,1O,,1L,1,0.03000300030003
810,5,0,1,1,1,:1O:1O:1O:2O,,,,1L,1,0.03000300030003
811,5,0,1,1,1,:1O:1O:2O:2O,,,,1L,1,0.03000300030003
812,4,0,2,1,2,1O:1O:1O:1O,,1N1O1S:1O,,1L:1L,1,0.03000300030003
813,5,0,1,1,1,::1O:1O:1O,,2O,,1L,1,0.03000300030003
814,5,0,1,1,2,1O:1O:1O:1O:1O,,1N2O2S,,1L:1L,1,0.03000300030003
815,5,0,1,1,2,1O:1O:1O:1O:1O,,3O1S,,1L:1L,1,0.03000300030003
816,5,0,1,1,2,1O:1O:1O:1O:2O,,1O1S,,1L:1L,1,0.03000300030003
817,5,0,1,1,2,1O:1O:1O:1O:2O,,2O1S,,1L:1L,1,0.03000300030003
818,5,0,1,1,2,1O:1O:1O:2O:2O,,2O,,1L:1L,1,0.03000300030003
819,5,0,1,1,2,:1O:1O:1O:1O,,1N2O2S,,1L:1L,1,0.03000300030003
820,5,0,1,1,2,:1O:1O:1O:1O,,1N3O1S,,1L:1L,1,0.03000300030003
821,5,0,1,1,2,:1O:1O:1O:1O,,1O1S,,1L:1L,1,0.03000300030003
822,5,0,1,1,2,:1O:1O:1O:1O,,2O,,1L:1L,1,0.03000300030003
823,5,0,1,1,2,:1O:1O:1O:2O,,2O,,1L:1L,1,0.03000300030003
824,5,0,1,1,2,::1O:1O:1O,,2O,,1L:1L,1,0.03000300030003
825,5,0,1,1,3,:1O:1O:1O:1O,,1O,,1L:1L:1L,1,0.03000300030003
826,5,0,1,2,2,1O:1O:1O:1O:1O,,1O,::1S:1S:2S:2S:2S:2S,1L:1L,1,0.03000300030003
827,5,0,1,2,2,1O:1O:1O:1O:1O,,1O1S,:::1S:1S:2S:2S:2S,1L:1L,1,0.03000300030003
828,4,0,2,1,2,1O:1O:1O:1O,,1N1O:2O1S,,1L:1L,1,0.03000300030003
829,3,2,1,1,1,1O:1O:1O,:1O,1O,,1L,1,0.03000300030003
830,4,0,2,1,1,::1O:1O,,:1O,,1L,1,0.03000300030003
831,2,2,0,1,1,:2O,:2O,,,1L,1,0.03000300030003
832,2,2,0,2,2,1O:1O,:2O,,2S:2S:2S:2S:2S:3S:3S:4S,1L:1L,1,0.03000300030003
833,2,2,0,2,1,:1O,:2O,,::1S:1S:2S:2S:2S:2S,1L,1,0.03000300030003
834,2,2,0,2,1,:1O,:2O,,1S:1S:1S:2S:2S:2S:2S:3S,1L,1,0.03000300030003
835,2,2,0,2,1,:1O,:1O,,2S:2S:2S:3S:3S:4S:4S:4S,1L,1,0.03000300030003
836,2,2,0,2,1,1O:1O,:2O,,:1S:1S:1S:2S:2S:2S:2S,1L,1,0.03000300030003
837,2,2,0,1,2,:1O,1O:2O,,,1L:1L,1,0.03000300030003
838,2,2,0,1,1,:,1O:2O,,,1L,1,0.03000300030003
839,2,2,0,2,2,1O:1O,:2O,,2S:2S:3S:3S:3S:3S:3S:3S,1L:1L,1,0.03000300030003
840,2,2,0,1,1,1O:2O,1O:2O,,,1L,1,0.03000300030003
841,2,2,0,1,1,1O:1O,:,,,1L,1,0.03000300030003
842,2,1,2,2,2,:1O,1O,1O:1O1S,1S:1S:1S:2S:3S:3S:3S:3S,1L:1L,1,0.03000300030003
843,2,1,2,2,2,1O:1O,2O,:2O1S,3S:3S:3S:3S:4S:4S:5S:5S,1L:1L,1,0.03000300030003
844,2,1,2,2,2,1O:1O,2O,:1O1S,2S:2S:2S:3S:3S:3S:4S:4S,1L:1L,1,0.03000300030003
845,2,1,2,2,2,1O:1O,2O,:1O1S,1S:1S:1S:2S:3S:3S:3S:3S,1L:1L,1,0.03000300030003
846,2,2,0,2,2,1O:1O,:2O,,2S:2S:2S:3S:3S:4S:4S:4S,1L:1L,1,0.03000300030003
847,2,2,0,2,2,1O:1O,:2O,,2S:3S:3S:3S:3S:3S:4S:4S,1L:1L,1,0.03000300030003
848,2,2,1,1,2,1O:1O,2O:2O,1N1O1S,,1L:1L,1,0.03000300030003
849,2,2,1,1,1,:,:2O,2O,,1L,1,0.03000300030003
850,2,2,1,1,1,:1O,:2O,3O,,1L,1,0.03000300030003
851,2,2,1,1,1,:1O,:2O,1O1S,,1L,1,0.03000300030003
852,2,2,1,1,1,:1O,:,2O,,1L,1,0.03000300030003
853,2,2,1,1,1,:1O,1O:2O,1O1S,,1L,1,0.03000300030003
854,2,2,1,1,1,:1O,1O:2O,1O,,1L,1,0.03000300030003
855,2,2,1,1,1,:,:2O,2O1S,,1L,1,0.03000300030003
856,2,2,1,1,1,:,1O:2O,1O,,1L,1,0.03000300030003
857,2,2,0,2,2,:1O,2O:2O,,1S:1S:1S:1S:2S:2S:2S:2S,1L:1L,1,0.03000300030003
858,2,2,1,1,1,:,1O:1O,1O,,1L,1,0.03000300030003
859,2,2,1,1,1,1O:2O,:,1N1O1S,,1L,1,0.03000300030003
860,2,2,1,1,1,1O:1O,:2O,2O,,1L,1,0.03000300030003
861,2,2,1,1,1,1O:1O,:1O,1O1S,,1L,1,0.03000300030003
862,2,2,1,1,1,1O:1O,1O:2O,1O,,1L,1,0.03000300030003
863,2,2,1,1,1,1O:1O,1O:2O,,,1L,1,0.03000300030003
864,2,1,2,2,2,1O:1O,2O,:1O,2S:2S:2S:3S:3S:3S:4S:4S,1L:1L,1,0.03000300030003
865,2,1,2,2,2,1O:1O,2O,:,2S:2S:2S:3S:3S:4S:4S:4S,1L:1L,1,0.03000300030003
866,2,1,2,2,2,1O:1O,2O,1O:1O,2S:2S:2S:3S:3S:4S:4S:4S,1L:1L,1,0.03000300030003
867,2,1,1,2,2,1O:1O,2O,1N2O2S,2S:2S:2S:3S:3S:4S:4S:4S,1L:1L,1,0.03000300030003
868,2,1,1,2,2,1O:1O,2O,2O,2S:2S:2S:3S:3S:3S:4S:4S,1L:1L,1,0.03000300030003
869,2,1,1,2,2,1O:1O,2O,2O,1S:1S:1S:2S:3S:3S:3S:3S,1L:1L,1,0.03000300030003
870,2,1,1,2,2,1O:1O,2O,1O1S,3S:3S:3S:3S:4S:4S:5S:5S,1L:1L,1,0.03000300030003
871,2,1,1,2,2,1O:1O,2O,1O1S,2S:3S:3S:3S:4S:4S:4S:4S,1L:1L,1,0.03000300030003
872,2,1,1,2,2,1O:1O,2O,1O,2S:2S:3S:3S:3S:4S:4S:4S,1L:1L,1,0.03000300030003
873,2,1,1,2,2,1O:1O,2O,1O,1S:1S:1S:2S:2S:3S:3S:3S,1L:1L,1,0.03000300030003
874,2,1,1,2,2,1O:1O,2O,1N2O1S,2S:2S:3S:4S:4S:5S:5S:5S,1L:1L,1,0.03000300030003
875,2,1,2,2,2,1O:1O,2O,1O:1O,1S:1S:1S:2S:3S:3S:3S:3S,1L:1L,1,0.03000300030003
876,2,1,1,2,2,1O:1O,2O,1N2O1S,2S:2S:2S:3S:3S:4S:4S:4S,1L:1L,1,0.03000300030003
877,2,1,1,2,2,1O:1O,2O,1N1O1S,1S:1S:1S:2S:3S:3S:3S:3S,1L:1L,1,0.03000300030003
878,2,1,1,2,2,1O:1O,2O,,1S:1S:1S:2S:3S:3S:3S:3S,1L:1L,1,0.03000300030003
879,2,1,1,2,2,1O:1O,1O,2O,1S:1S:1S:2S:3S:3S:3S:3S,1L:1L,1,0.03000300030003
880,2,1,1,2,2,1O:1O,1O,1O,2S:2S:2S:2S:2S:2S:2S:2S,1L:1L,1,0.03000300030003
881,2,1,1,2,1,:2O,1O,2O1S,2S:2S:2S:3S:3S:4S:4S:4S,1L,1,0.03000300030003
882,2,1,1,2,2,1O:1O,2O,2O,2S:2S:2S:3S:3S:4S:4S:4S,1L:1L,1,0.03000300030003
883,2,1,1,2,2,1O:1O,2O,2O,3S:3S:3S:4S:4S:4S:4S:5S,1L:1L,1,0.03000300030003
884,2,1,1,2,2,1O:2O,2O,1O,1S:1S:1S:2S:3S:3S:3S:3S,1L:1L,1,0.03000300030003
885,2,1,1,2,2,:1O,2O,1O,1S:1S:1S:2S:3S:3S:3S:3S,1L:1L,1,0.03000300030003
886,2,1,1,2,2,:1O,2O,1O,2S:2S:2S:2S:2S:2S:3S:3S,1L:1L,1,0.03000300030003
887,2,1,1,2,2,:1O,2O,1O1S,2S:2S:2S:3S:3S:4S:4S:4S,1L:1L,1,0.03000300030003
888,2,1,1,2,2,:1O,2O,2O,3S:3S:3S:3S:4S:4S:5S:5S,1L:1L,1,0.03000300030003
889,2,1,1,2,2,:1O,2O,2O,3S:3S:3S:4S:4S:4S:5S:5S,1L:1L,1,0.03000300030003
890,2,1,1,2,2,:1O,2O,2O1S,1S:1S:1S:2S:3S:3S:3S:3S,1L:1L,1,0.03000300030003
891,2,1,1,2,2,:1O,2O,3O1S,1S:1S:1S:2S:3S:3S:3S:3S,1L:1L,1,0.03000300030003
892,2,1,2,1,1,:1O,2O,:2O,,1L,1,0.03000300030003
893,2,1,2,1,2,1O:1O,,1O:2O1S,,1L:1L,1,0.03000300030003
894,2,1,2,1,2,1O:1O,1O,1O:2O,,1L:1L,1,0.03000300030003
895,2,1,2,1,2,1O:1O,2O,1O:1O,,1L:1L,1,0.03000300030003
896,2,1,2,1,2,1O:1O,2O,:2O,,1L:1L,1,0.03000300030003
897,2,1,2,1,2,1O:2O,1O,1O:2O1S,,1L:1L,1,0.03000300030003
898,2,1,2,2,2,1O:1O,,1O:3O1S,1S:1S:2S:2S:2S:2S:3S:3S,1L:1L,1,0.03000300030003
899,2,2,1,1,1,:2O,:2O,,,1L,1,0.03000300030003
900,2,2,1,1,2,1O:1O,2O:2O,2O,,1L:1L,1,0.03000300030003
901,4,0,1,2,2,:1O:1O:1O,,1N4O2S,:::1S:1S:2S:2S:2S,1L:1L,1,0.03000300030003
902,2,2,3,1,1,:1O,:2O,::1O,,1L,1,0.03000300030003
903,2,3,0,1,2,:1O,:2O:2O,,,1L:1L,1,0.03000300030003
904,2,3,0,1,2,:1O,1O:1O:2O,,,1L:1L,1,0.03000300030003
905,2,3,0,1,2,1O:2O,:2O:2O,,,1L:1L,1,0.03000300030003
906,2,3,0,1,2,1O:1O,:1O:2O,,,1L:1L,1,0.03000300030003
907,2,3,0,1,1,:2O,::2O,,,1L,1,0.03000300030003
908,2,3,0,1,1,:2O,:1O:2O,,,1L,1,0.03000300030003
909,2,2,2,2,2,1O:1O,:2O,:1O1S,1S:1S:1S:2S:3S:3S:3S:3S,1L:1L,1,0.03000300030003
910,2,3,0,2,2,1O:1O,:2O:2O,,1S:1S:1S:1S:2S:2S:2S:3S,1L:1L,1,0.03000300030003
911,2,2,2,2,2,1O:1O,:2O,:1O,1S:1S:1S:2S:3S:3S:3S:3S,1L:1L,1,0.03000300030003
912,2,2,2,2,2,1O:1O,:2O,:,2S:2S:2S:3S:3S:4S:4S:4S,1L:1L,1,0.03000300030003
913,2,2,2,2,2,1O:1O,:2O,1O:1O,1S:1S:1S:1S:2S:2S:2S:2S,1L:1L,1,0.03000300030003
914,2,2,2,1,3,1O:2O,:,1N2O:1O,,1L:1L:1L,1,0.03000300030003
915,2,2,2,1,2,:1O,:2O,1O:1O,,1L:1L,1,0.03000300030003
916,2,2,2,1,2,1O:1O,:2O,1O:2O,,1L:1L,1,0.03000300030003
917,2,3,0,2,1,:1O,::2O,,::1S:1S:2S:2S:2S:2S,1L,1,0.03000300030003
918,2,3,0,2,2,1O:1O,::2O,,1S:1S:1S:1S:2S:2S:2S:3S,1L:1L,1,0.03000300030003
919,2,2,1,1,2,1O:1O,:2O,1N2O2S,,1L:1L,1,0.03000300030003
920,2,3,1,1,1,:2O,::2O,1O,,1L,1,0.03000300030003
921,2,3,2,1,1,1O:1O,::,1O:1O,,1L,1,0.03000300030003
922,2,3,1,2,2,:1O,::2O,1O,2S:2S:2S:2S:2S:2S:2S:2S,1L:1L,1,0.03000300030003
923,2,3,1,2,2,1O:2O,::2O,1O,2S:2S:2S:2S:2S:2S:2S:2S,1L:1L,1,0.03000300030003
924,2,3,1,2,2,1O:1O,::2O,1O,2S:2S:2S:3S:3S:4S:4S:4S,1L:1L,1,0.03000300030003
925,2,3,1,2,2,1O:1O,::2O,1O,1S:1S:1S:1S:2S:2S:2S:2S,1L:1L,1,0.03000300030003
926,2,3,1,1,2,:1O,:2O:2O,,,1L:1L,1,0.03000300030003
927,2,3,1,1,1,:2O,:1O:2O,1O,,1L,1,0.03000300030003
928,2,3,1,1,1,1O:1O,::,1O1S,,1L,1,0.03000300030003
929,2,3,1,1,1,:1O,::2O,2O,,1L,1,0.03000300030003
930,2,3,1,1,1,:1O,::,2O,,1L,1,0.03000300030003
931,2,3,1,1,1,:1O,:1O:2O,,,1L,1,0.03000300030003
932,2,3,1,1,1,:1O,:1O:1O,1O,,1L,1,0.03000300030003
933,2,3,1,1,1,1O:1O,::2O,1O,,1L,1,0.03000300030003
934,2,3,1,1,1,1O:1O,::,2O,,1L,1,0.03000300030003
935,2,2,2,1,1,:1O,:2O,:1O,,1L,1,0.03000300030003
936,2,2,2,1,1,1O:1O,:1O,1O:1O1S,,1L,1,0.03000300030003
937,2,2,2,1,1,1O:1O,:1O,1O:1O,,1L,1,0.03000300030003
938,2,2,1,1,2,:1O,1O:2O,2O1S,,1L:1L,1,0.03000300030003
939,2,2,1,2,2,1O:1O,1O:2O,1O,1S:1S:1S:1S:2S:2S:2S:2S,1L:1L,1,0.03000300030003
940,2,2,1,2,1,:1O,:1O,2O1S,3S:3S:3S:3S:4S:4S:5S:5S,1L,1,0.03000300030003
941,2,2,1,2,1,:,1O:2O,1O,:1S:1S:1S:2S:2S:2S:2S,1L,1,0.03000300030003
942,2,2,1,1,2,:2O,2O:2O,1O,,1L:1L,1,0.03000300030003
943,2,2,1,1,2,:1O,:1O,2O1S,,1L:1L,1,0.03000300030003
944,2,2,1,1,2,:1O,2O:2O,1N1O1S,,1L:1L,1,0.03000300030003
945,2,2,1,1,2,:1O,1O:2O,1O,,1L:1L,1,0.03000300030003
946,2,2,2,1,1,1O:1O,:,1O:1O,,1L,1,0.03000300030003
947,2,2,1,1,2,1O:2O,:2O,3O1S,,1L:1L,1,0.03000300030003
948,2,2,1,1,2,1O:2O,:2O,2O,,1L:1L,1,0.03000300030003
949,2,2,1,1,2,1O:2O,:2O,1O,,1L:1L,1,0.03000300030003
950,2,2,1,1,2,1O:1O,:2O,3O1S,,1L:1L,1,0.03000300030003
951,2,2,1,1,2,1O:1O,:2O,1O1S,,1L:1L,1,0.03000300030003
952,2,2,1,1,2,1O:1O,:2O,1N3O2S,,1L:1L,1,0.03000300030003
953,2,2,1,2,2,1O:1O,:2O,,1S:1S:1S:2S:3S:3S:3S:3S,1L:1L,1,0.03000300030003
954,2,2,1,2,2,1O:1O,:2O,,2S:2S:2S:3S:3S:4S:4S:4S,1L:1L,1,0.03000300030003
955,2,2,1,2,2,1O:1O,:2O,1O,1S:1S:1S:1S:2S:3S:3S:3S,1L:1L,1,0.03000300030003
956,2,2,1,2,2,1O:1O,:2O,1O,1S:1S:2S:2S:3S:3S:3S:3S,1L:1L,1,0.03000300030003
957,2,2,1,2,2,1O:1O,:2O,1O,2S:2S:2S:3S:3S:3S:3S:3S,1L:1L,1,0.03000300030003
958,2,2,1,2,2,1O:1O,:2O,1O1S,1S:1S:1S:2S:3S:3S:3S:3S,1L:1L,1,0.03000300030003
959,2,2,1,2,2,1O:1O,:2O,1O1S,2S:2S:2S:2S:2S:2S:3S:3S,1L:1L,1,0.03000300030003
960,2,2,1,2,2,1O:1O,:2O,2O,2S:2S:2S:2S:2S:2S:2S:2S,1L:1L,1,0.03000300030003
961,2,2,1,2,2,1O:1O,:2O,2O1S,1S:1S:1S:2S:3S:3S:3S:3S,1L:1L,1,0.03000300030003
962,2,2,1,2,2,1O:2O,:2O,2O,1S:1S:1S:1S:2S:2S:2S:2S,1L:1L,1,0.03000300030003
963,2,2,1,2,2,:,2O:2O,1O,::1S:1S:2S:2S:2S:2S,1L:1L,1,0.03000300030003
964,2,2,1,2,2,:1O,1O:2O,1O,1S:1S:1S:1S:2S:2S:2S:2S,1L:1L,1,0.03000300030003
965,2,2,1,2,2,:1O,:2O,1O,1S:1S:1S:1S:2S:2S:2S:2S,1L:1L,1,0.03000300030003
966,2,2,1,2,2,:1O,:2O,1O,2S:2S:2S:2S:2S:2S:2S:2S,1L:1L,1,0.03000300030003
967,2,2,1,2,2,:1O,:2O,2O1S,1S:1S:1S:2S:3S:3S:3S:3S,1L:1L,1,0.03000300030003
968,2,2,1,2,2,:1O,:2O,2O1S,2S:2S:2S:3S:3S:4S:4S:4S,1L:1L,1,0.03000300030003
969,2,2,1,2,2,:1O,:2O,3O1S,1S:1S:1S:1S:2S:2S:2S:2S,1L:1L,1,0.03000300030003
970,2,1,1,2,1,:2O,,1O1S,1S:1S:1S:2S:3S:3S:3S:3S,1L,1,0.03000300030003
971,2,1,1,1,2,1O:2O,2O,2O2S,,1L:1L,1,0.03000300030003
972,2,1,1,1,2,1O:2O,2O,2O1S,,1L:1L,1,0.03000300030003
973,1,2,1,1,2,1O,2O:2O,1N2O1S,,1L:1L,1,0.03000300030003
974,1,2,1,2,2,1O,2O:2O,1O,:::1S:1S:2S:2S:2S,1L:1L,1,0.03000300030003
975,1,2,1,2,2,1O,2O:2O,1O,1S:1S:1S:1S:2S:3S:3S:3S,1L:1L,1,0.03000300030003
976,1,2,1,2,2,,2O:2O,2O1S,:::1S:1S:2S:2S:2S,1L:1L,1,0.03000300030003
977,1,2,1,2,2,,2O:2O,1O,:::1S:1S:2S:3S:3S,1L:1L,1,0.03000300030003
978,1,2,1,1,2,1O,2O:2O,2O2S,,1L:1L,1,0.03000300030003
979,1,2,1,1,2,1O,2O:2O,1N3O1S,,1L:1L,1,0.03000300030003
980,1,2,1,1,2,1O,2O:2O,1N1O,,1L:1L,1,0.03000300030003
981,1,2,1,2,2,1O,:2O,1O,1S:1S:1S:2S:2S:2S:2S:2S,1L:1L,1,0.03000300030003
982,1,2,1,1,2,1O,1O:2O,1O,,1L:1L,1,0.03000300030003
983,1,2,1,1,2,1O,1O:2O,1N3O2S,,1L:1L,1,0.03000300030003
984,1,2,1,1,2,,2O:2O,1O,,1L:1L,1,0.03000300030003
985,1,2,1,1,1,2O,:2O,1O,,1L,1,0.03000300030003
986,1,2,1,1,1,1O,:1O,2O,,1L,1,0.03000300030003
987,1,2,1,1,1,1O,:,3O1S,,1L,1,0.03000300030003
988,1,2,1,2,2,1O,:2O,1O,1S:1S:1S:1S:2S:2S:2S:3S,1L:1L,1,0.03000300030003
989,1,2,1,2,2,1O,:2O,1O,1S:1S:1S:2S:3S:3S:3S:3S,1L:1L,1,0.03000300030003
990,2,1,1,1,2,1O:1O,2O,1N2O2S,,1L:1L,1,0.03000300030003
991,1,2,1,2,2,1O,:2O,2O1S,1S:1S:1S:1S:2S:2S:2S:3S,1L:1L,1,0.03000300030003
992,1,2,2,1,1,,:2O,:1O,,1L,1,0.03000300030003
993,1,2,1,2,2,2O,:2O,1O,1S:1S:1S:2S:2S:2S:2S:2S,1L:1L,1,0.03000300030003
994,1,2,1,2,2,1O,:2O,3O1S,2S:2S:2S:2S:2S:2S:2S:3S,1L:1L,1,0.03000300030003
995,1,2,1,2,2,1O,:2O,2O1S,2S:2S:2S:2S:2S:2S:3S:3S,1L:1L,1,0.03000300030003
996,1,2,1,2,2,1O,:2O,2O1S,2S:2S:2S:2S:2S:2S:2S:2S,1L:1L,1,0.03000300030003
997,1,2,1,2,2,1O,:2O,2O1S,1S:1S:1S:2S:3S:3S:3S:3S,1L:1L,1,0.03000300030003
998,1,2,1,2,2,1O,:2O,2O,2S:2S:3S:3S:3S:3S:3S:3S,1L:1L,1,0.03000300030003
999,1,2,1,2,2,1O,:2O,1O,2S:2S:2S:2S:2S:2S:3S:3S,1L:1L,1,0.03000300030003
1000,1,2,1,2,2,1O,:2O,2O,2S:2S:2S:2S:2S:2S:3S:3S,1L:1L,1,0.03000300030003
1001,1,2,1,2,2,1O,:2O,2O,2S:2S:2S:2S:2S:2S:2S:2S,1L:1L,1,0.03000300030003
1002,1,2,1,2,2,1O,:2O,1O,2S:2S:3S:3S:3S:3S:3S:3S,1L:1L,1,0.03000300030003
1003,1,2,1,2,2,1O,:2O,1O,2S:2S:2S:3S:3S:3S:4S:4S,1L:1L,1,0.03000300030003
1004,1,2,1,2,2,1O,:2O,1O,2S:2S:2S:3S:3S:3S:3S:3S,1L:1L,1,0.03000300030003
1005,1,2,1,2,2,1O,:2O,1O,2S:2S:2S:2S:2S:3S:3S:3S,1L:1L,1,0.03000300030003
1006,1,2,1,1,1,,:2O,1O1S,,1L,1,0.03000300030003
1007,1,2,1,1,1,,:2O,1O,,1L,1,0.03000300030003
1008,1,2,1,1,1,,:2O,,,1L,1,0.03000300030003
1009,0,3,0,1,1,,:1O:2O,,,1L,1,0.03000300030003
1010,0,5,1,1,1,,::::2O,1O,,1L,1,0.03000300030003
1011,0,4,2,1,1,,:::2O,:1O,,1L,1,0.03000300030003
1012,0,3,1,2,2,,:2O:2O,2O,:::1S:1S:2S:2S:2S,1L:1L,1,0.03000300030003
1013,0,3,1,1,2,,:2O:2O,2O1S,,1L:1L,1,0.03000300030003
1014,0,3,1,1,2,,:2O:2O,1N3O2S,,1L:1L,1,0.03000300030003
1015,0,3,1,1,1,,::2O,,,1L,1,0.03000300030003
1016,0,2,2,2,2,,:2O,1O:2O1S,1S:1S:1S:2S:3S:3S:3S:3S,1L:1L,1,0.03000300030003
1017,1,2,1,1,1,,1O:2O,1O,,1L,1,0.03000300030003
1018,0,2,2,2,2,,:2O,1O:2O,3S:3S:3S:3S:4S:4S:5S:5S,1L:1L,1,0.03000300030003
1019,0,2,2,2,2,,:2O,1O:1O,1S:1S:1S:2S:3S:3S:3S:3S,1L:1L,1,0.03000300030003
1020,0,2,2,2,2,,:2O,1N1O1S:1O,1S:1S:1S:2S:3S:3S:3S:3S,1L:1L,1,0.03000300030003
1021,0,2,2,1,2,,2O:2O,1O:2O1S,,1L:1L,1,0.03000300030003
1022,0,2,2,1,1,,1O:2O,:1O,,1L,1,0.03000300030003
1023,0,2,1,2,2,,2O:2O,,:::1S:1S:2S:2S:2S,1L:1L,1,0.03000300030003
1024,1,1,1,1,1,1O,,2O1S,,1L,1,0.03000300030003
1025,1,1,1,2,2,1O,2O,1O,1S:1S:1S:1S:2S:2S:2S:2S,1L:1L,1,0.03000300030003
1026,1,1,1,2,2,1O,2O,1O,1S:1S:1S:2S:3S:3S:3S:3S,1L:1L,1,0.03000300030003
1027,1,1,1,2,2,1O,2O,2O,2S:2S:2S:2S:2S:2S:2S:2S,1L:1L,1,0.03000300030003
1028,1,1,1,2,2,1O,2O,2O1S,1S:1S:1S:2S:3S:3S:3S:3S,1L:1L,1,0.03000300030003
1029,1,1,1,2,2,1O,2O,2O1S,2S:2S:3S:3S:3S:4S:4S:4S,1L:1L,1,0.03000300030003
1030,1,1,2,2,2,,2O,1O:1O,2S:2S:2S:3S:3S:4S:4S:4S,1L:1L,1,0.03000300030003
1031,1,1,2,2,2,,2O,1O:1O1S,3S:3S:3S:3S:4S:4S:5S:5S,1L:1L,1,0.03000300030003
1032,1,1,2,2,2,1O,2O,1O1S:2O1S,1S:1S:1S:2S:3S:3S:3S:3S,1L:1L,1,0.03000300030003
1033,1,1,3,2,2,1O,2O,:1O1S:1O1S,1S:1S:1S:2S:3S:3S:3S:3S,1L:1L,1,0.03000300030003
1034,1,1,3,2,2,1O,2O,::1O,1S:1S:1S:2S:3S:3S:3S:3S,1L:1L,1,0.03000300030003
1035,1,2,0,1,1,,:2O,,,1L,1,0.03000300030003
1036,1,2,0,1,1,1O,1O:2O,,,1L,1,0.03000300030003
1037,1,2,0,1,1,1O,:2O,,,1L,1,0.03000300030003
1038,1,2,0,1,1,2O,1O:2O,,,1L,1,0.03000300030003
1039,1,2,0,2,2,,2O:2O,,::1S:1S:2S:2S:2S:2S,1L:1L,1,0.03000300030003
1040,1,2,0,2,2,,2O:2O,,:::1S:1S:2S:2S:2S,1L:1L,1,0.03000300030003
1041,1,2,2,1,1,1O,1O:2O,:1O,,1L,1,0.03000300030003
1042,1,2,2,1,2,1O,2O:2O,1O:1O,,1L:1L,1,0.03000300030003
1043,1,2,2,2,2,1O,1O:2O,1O:1O,2S:2S:2S:3S:3S:4S:4S:4S,1L:1L,1,0.03000300030003
1044,1,4,1,1,1,1O,::1O:2O,1O,,1L,1,0.03000300030003
1045,2,0,3,1,2,1O:1O,,1O1S:1O1S:2O1S,,1L:1L,1,0.03000300030003
1046,2,0,1,1,2,1O:1O,,1N2O2S,,1L:1L,1,0.03000300030003
1047,1,5,1,1,1,,:::1O:2O,1O,,1L,1,0.03000300030003
1048,1,4,1,1,2,1O,::1O:2O,2O,,1L:1L,1,0.03000300030003
1049,1,4,1,1,1,1O,:::2O,2O,,1L,1,0.03000300030003
1050,1,4,1,1,1,1O,:::2O,,,1L,1,0.03000300030003
1051,1,4,1,1,1,,:::2O,2O1S,,1L,1,0.03000300030003
1052,1,4,0,1,1,,::1O:2O,,,1L,1,0.03000300030003
1053,1,4,1,1,1,,:::2O,2O,,1L,1,0.03000300030003
1054,1,4,1,1,1,,::1O:2O,1N2O1S,,1L,1,0.03000300030003
1055,1,4,0,2,1,2O,::1O:1O,,1S:1S:1S:2S:2S:2S:2S:2S,1L,1,0.03000300030003
1056,1,4,0,1,2,1O,::2O:2O,,,1L:1L,1,0.03000300030003
1057,1,4,0,1,1,2O,:::2O,,,1L,1,0.03000300030003
1058,1,4,0,1,1,1O,::1O:2O,,,1L,1,0.03000300030003
1059,2,0,3,1,2,1O:1O,,1O:2O1S:2O1S,,1L:1L,1,0.03000300030003
1060,2,0,4,1,2,1O:1O,,1O:1O1S:1O1S:2O,,1L:1L,1,0.03000300030003
1061,2,0,4,1,2,1O:1O,,1O:1O:1O:2O1S,,1L:1L,1,0.03000300030003
1062,2,0,4,1,2,1O:1O,,1O:1O:2O1S:2O1S,,1L:1L,1,0.03000300030003
1063,2,0,4,1,2,1O:1O,,1O:1O:2O:2O1S,,1L:1L,1,0.03000300030003
1064,2,0,4,1,2,1O:2O,,1O:1O:1O:2O,,1L:1L,1,0.03000300030003
1065,2,1,0,1,1,1O:1O,,,,1L,1,0.03000300030003
1066,2,1,0,1,2,1O:1O,,,,1L:1L,1,0.03000300030003
1067,2,1,0,2,2,1O:1O,2O,,1S:1S:1S:1S:2S:2S:2S:3S,1L:1L,1,0.03000300030003
1068,2,1,0,2,2,1O:1O,2O,,2S:2S:2S:2S:2S:3S:3S:4S,1L:1L,1,0.03000300030003
1069,2,1,0,2,2,1O:1O,2O,,3S:3S:3S:3S:3S:3S:3S:4S,1L:1L,1,0.03000300030003
1070,2,1,0,2,2,1O:1O,2O,,::1S:1S:2S:2S:2S:2S,1L:1L,1,0.03000300030003
1071,2,1,0,2,2,1O:1O,2O,,:::1S:1S:2S:2S:2S,1L:1L,1,0.03000300030003
1072,2,1,0,2,2,1O:2O,2O,,2S:3S:3S:3S:3S:3S:3S:4S,1L:1L,1,0.03000300030003
1073,2,1,1,1,1,1O:1O,,1O,,1L,1,0.03000300030003
1074,2,1,1,1,1,:1O,2O,,,1L,1,0.03000300030003
1075,2,1,1,1,2,1O:1O,2O,1N1O1S,,1L:1L,1,0.03000300030003
1076,1,4,0,1,1,,:::2O,,,1L,1,0.03000300030003
1077,1,3,2,1,2,,:1O:2O,1O:2O,,1L:1L,1,0.03000300030003
1078,1,2,2,2,2,1O,:2O,1O:1O,2S:2S:2S:3S:3S:4S:4S:4S,1L:1L,1,0.03000300030003
1079,1,3,0,1,1,2O,:1O:2O,,,1L,1,0.03000300030003
1080,1,3,1,1,1,1O,::,1O,,1L,1,0.03000300030003
1081,1,3,1,1,1,,::2O,2O,,1L,1,0.03000300030003
1082,1,3,1,1,1,,:1O:2O,,,1L,1,0.03000300030003
1083,1,3,0,2,1,2O,::2O,,:1S:1S:1S:2S:2S:2S:2S,1L,1,0.03000300030003
1084,1,3,0,2,1,1O,:1O:2O,,1S:1S:1S:1S:2S:2S:2S:2S,1L,1,0.03000300030003
1085,1,3,0,1,1,2O,::2O,,,1L,1,0.03000300030003
1086,1,3,0,1,1,,1O:1O:2O,,,1L,1,0.03000300030003
1087,1,3,2,1,1,1O,::2O,:1O,,1L,1,0.03000300030003
1088,1,2,3,2,2,,:2O,:1O:1O,2S:2S:2S:3S:3S:3S:4S:4S,1L:1L,1,0.03000300030003
1089,1,2,3,1,2,,2O:2O,:1O:2O1S,,1L:1L,1,0.03000300030003
1090,1,2,3,1,2,,2O:2O,1O:1O:1O,,1L:1L,1,0.03000300030003
1091,1,2,3,1,1,,:2O,::1O,,1L,1,0.03000300030003
1092,1,2,2,2,3,1O,1O:2O,1O:1O,1S:1S:2S:2S:2S:2S:2S:2S,1L:1L:1L,1,0.03000300030003
1093,1,2,2,2,2,1O,:2O,1O:1O,3S:3S:3S:3S:4S:4S:5S:5S,1L:1L,1,0.03000300030003
1094,1,3,1,1,2,1O,1O:1O:2O,1N3O2S,,1L:1L,1,0.03000300030003
1095,1,3,1,1,2,1O,:2O:2O,,,1L:1L,1,0.03000300030003
1096,1,3,1,1,2,1O,:2O:2O,1N1O,,1L:1L,1,0.03000300030003
1097,1,3,1,1,2,1O,:2O:2O,1N2O2S,,1L:1L,1,0.03000300030003
1098,1,3,1,1,2,1O,:2O:2O,1N3O2S,,1L:1L,1,0.03000300030003
1099,1,3,1,1,2,2O,:2O:2O,2O1S,,1L:1L,1,0.03000300030003
1100,1,3,1,2,2,,:2O:2O,2O,:::1S:1S:2S:2S:2S,1L:1L,1,0.03000300030003
1101,1,3,1,2,2,1O,:1O:2O,1O,1S:1S:1S:1S:2S:2S:2S:2S,1L:1L,1,0.03000300030003
1102,1,3,1,2,2,1O,:1O:2O,1O,2S:2S:2S:3S:3S:3S:3S:3S,1L:1L,1,0.03000300030003
1103,1,3,1,2,2,1O,:2O:2O,1O,:::1S:1S:2S:2S:2S,1L:1L,1,0.03000300030003
1104,1,3,1,2,2,1O,::1O,1N2O1S,2S:2S:2S:2S:2S:2S:2S:2S,1L:1L,1,0.03000300030003
1105,1,3,1,2,2,1O,::2O,1O,2S:2S:2S:2S:2S:2S:3S:3S,1L:1L,1,0.03000300030003
1106,1,3,1,2,2,1O,::2O,2O,2S:2S:2S:2S:2S:2S:3S:3S,1L:1L,1,0.03000300030003
1107,1,3,1,2,2,2O,:1O:2O,1O,2S:2S:2S:2S:2S:2S:2S:2S,1L:1L,1,0.03000300030003
1108,1,3,1,2,2,2O,::2O,1O,2S:2S:2S:2S:2S:2S:2S:2S,1L:1L,1,0.03000300030003
1109,1,3,2,1,1,,::2O,:1O,,1L,1,0.03000300030003
1110,1,3,2,1,1,1O,::2O,1O:1O,,1L,1,0.03000300030003
1111,2,3,2,1,1,1O:1O,::,1O:2O,,1L,1,0.03000300030003
1112,2,4,0,1,1,:,::1O:2O,,,1L,1,0.03000300030003
1113,2,4,0,1,1,:,:::2O,,,1L,1,0.03000300030003
1114,3,2,0,2,2,:1O:1O,:2O,,:::1S:1S:2S:2S:2S,1L:1L,1,0.03000300030003
1115,3,2,1,1,1,1O:1O:2O,:1O,1O,,1L,1,0.03000300030003
1116,0,2,1,1,2,,2O:2O,2O1S,,1L:1L,1,0.03000300030003
1117,3,2,1,1,1,1O:1O:1O,:1O,,,1L,1,0.03000300030003
1118,3,2,0,2,3,1O:1O:1O,1O:2O,,2S:2S:2S:2S:2S:2S:3S:3S,1L:1L:1L,1,0.03000300030003
1119,3,2,0,2,2,::1O,2O:2O,,1S:1S:1S:1S:2S:2S:2S:2S,1L:1L,1,0.03000300030003
1120,3,2,0,2,2,:1O:2O,:2O,,1S:1S:1S:2S:3S:3S:3S:3S,1L:1L,1,0.03000300030003
1121,3,2,0,2,2,:1O:1O,:2O,,::1S:1S:2S:2S:2S:2S,1L:1L,1,0.03000300030003
1122,3,2,1,1,1,:1O:1O,:,,,1L,1,0.03000300030003
1123,3,2,0,2,2,:1O:1O,:2O,,2S:2S:3S:3S:3S:3S:3S:3S,1L:1L,1,0.03000300030003
1124,3,2,0,2,2,:1O:1O,:2O,,2S:2S:2S:3S:3S:3S:4S:4S,1L:1L,1,0.03000300030003
1125,3,2,0,2,2,:1O:1O,:2O,,1S:1S:1S:2S:3S:3S:3S:3S,1L:1L,1,0.03000300030003
1126,3,2,0,2,2,:1O:1O,:2O,,1S:1S:1S:1S:2S:2S:2S:3S,1L:1L,1,0.03000300030003
1127,3,2,0,2,2,:1O:1O,:2O,,1S:1S:1S:1S:2S:2S:2S:2S,1L:1L,1,0.03000300030003
1128,3,2,0,2,2,1O:1O:2O,:2O,,:::1S:1S:2S:2S:2S,1L:1L,1,0.03000300030003
1129,3,2,1,1,1,:1O:1O,1O:2O,1O,,1L,1,0.03000300030003
1130,3,2,1,1,1,:1O:1O,:,1O1S,,1L,1,0.03000300030003
1131,3,1,2,1,2,1O:1O:1O,,:1O,,1L:1L,1,0.03000300030003
1132,3,2,1,1,2,1O:1O:1O,:,1O,,1L:1L,1,0.03000300030003
1133,3,2,1,1,2,:1O:1O,2O:2O,2O,,1L:1L,1,0.03000300030003
1134,3,2,1,1,2,:1O:1O,2O:2O,,,1L:1L,1,0.03000300030003
1135,3,2,1,1,2,1O:1O:2O,:2O,1O,,1L:1L,1,0.03000300030003
1136,3,2,1,1,2,1O:1O:1O,:2O,1O1S,,1L:1L,1,0.03000300030003
1137,3,2,1,1,2,1O:1O:1O,:2O,1N3O2S,,1L:1L,1,0.03000300030003
1138,3,2,1,1,2,1O:1O:1O,:2O,,,1L:1L,1,0.03000300030003
1139,3,2,1,1,2,1O:1O:1O,1O:2O,1O,,1L:1L,1,0.03000300030003
1140,3,2,1,1,1,:1O:1O,:,2O1S,,1L,1,0.03000300030003
1141,3,2,1,1,1,::1O,:1O,2O1S,,1L,1,0.03000300030003
1142,3,2,1,1,1,::1O,:1O,1N2O1S,,1L,1,0.03000300030003
1143,3,2,1,1,1,::,:2O,2O1S,,1L,1,0.03000300030003
1144,3,2,1,1,1,:1O:2O,:2O,1O,,1L,1,0.03000300030003
1145,3,2,1,1,1,:1O:1O,:2O,1O,,1L,1,0.03000300030003
1146,3,2,1,1,1,:1O:1O,:1O,2O,,1L,1,0.03000300030003
1147,3,2,0,2,2,1O:1O:2O,:2O,,2S:2S:2S:2S:2S:2S:3S:3S,1L:1L,1,0.03000300030003
1148,3,2,0,2,2,1O:1O:2O,:2O,,1S:1S:1S:1S:2S:2S:2S:3S,1L:1L,1,0.03000300030003
1149,3,2,0,2,2,1O:1O:1O,:2O,,3S:3S:3S:3S:4S:4S:5S:5S,1L:1L,1,0.03000300030003
1150,3,1,2,1,3,1O:1O:1O,,1O:1O,,1L:1L:1L,1,0.03000300030003
1151,3,1,2,2,2,::1O,2O,:1O,1S:1S:1S:2S:3S:3S:3S:3S,1L:1L,1,0.03000300030003
1152,3,1,2,2,2,::,2O,1O:1O,2S:2S:2S:3S:3S:4S:4S:4S,1L:1L,1,0.03000300030003
1153,3,1,2,2,2,:1O:2O,2O,1O:1O1S,1S:1S:1S:2S:3S:3S:3S:3S,1L:1L,1,0.03000300030003
1154,3,1,2,2,2,:1O:1O,2O,:1O,1S:1S:1S:2S:3S:3S:3S:3S,1L:1L,1,0.03000300030003
1155,3,1,2,2,2,1O:1O:1O,,:2O,:::1S:1S:2S:2S:2S,1L:1L,1,0.03000300030003
1156,3,1,2,1,3,1O:1O:1O,,1O:3O1S,,1L:1L:1L,1,0.03000300030003
1157,3,1,2,1,2,:1O:1O,2O,:2O,,1L:1L,1,0.03000300030003
1158,3,2,0,2,2,1O:1O:1O,:2O,,2S:2S:3S:3S:3S:3S:3S:3S,1L:1L,1,0.03000300030003
1159,3,1,2,1,2,:1O:1O,,1O:2O1S,,1L:1L,1,0.03000300030003
1160,3,1,2,1,2,:1O:1O,,1O:2O,,1L:1L,1,0.03000300030003
1161,3,1,2,1,2,1O:1O:2O,2O,:1O,,1L:1L,1,0.03000300030003
1162,3,1,2,1,2,1O:1O:2O,,1N3O1S:1O,,1L:1L,1,0.03000300030003
1163,3,1,2,1,2,1O:1O:1O,2O,:3O1S,,1L:1L,1,0.03000300030003
1164,3,1,2,1,2,1O:1O:1O,2O,:2O,,1L:1L,1,0.03000300030003
1165,3,1,3,1,2,1O:1O:1O,,1N1O1S:1O:1O,,1L:1L,1,0.03000300030003
1166,3,1,3,1,2,1O:1O:1O,1O,:2O1S:3O1S,,1L:1L,1,0.03000300030003
1167,3,2,0,1,1,1O:1O:1O,1O:1O,,,1L,1,0.03000300030003
1168,3,2,0,1,1,1O:1O:1O,:2O,,,1L,1,0.03000300030003
1169,3,2,0,1,1,1O:1O:2O,:1O,,,1L,1,0.03000300030003
1170,3,2,0,1,1,:1O:1O,:1O,,,1L,1,0.03000300030003
1171,3,2,0,1,1,:1O:2O,:2O,,,1L,1,0.03000300030003
1172,3,2,0,1,1,:2O:2O,:2O,,,1L,1,0.03000300030003
1173,3,2,0,1,1,::,:2O,,,1L,1,0.03000300030003
1174,3,2,0,1,1,::1O,1O:1O,,,1L,1,0.03000300030003
1175,3,2,0,1,2,1O:1O:1O,1O:2O,,,1L:1L,1,0.03000300030003
1176,3,2,0,1,2,:1O:1O,1O:2O,,,1L:1L,1,0.03000300030003
1177,3,2,0,1,2,:1O:2O,2O:2O,,,1L:1L,1,0.03000300030003
1178,3,2,0,2,1,1O:1O:1O,:1O,,1S:1S:1S:1S:1S:2S:2S:2S,1L,1,0.03000300030003
1179,3,2,0,2,1,::1O,:2O,,:1S:1S:1S:2S:2S:2S:2S,1L,1,0.03000300030003
1180,3,2,0,2,2,1O:1O:1O,:2O,,2S:2S:2S:2S:2S:2S:2S:2S,1L:1L,1,0.03000300030003
1181,3,2,0,2,2,1O:1O:1O,:2O,,2S:2S:2S:3S:3S:3S:4S:4S,1L:1L,1,0.03000300030003
1182,3,2,1,1,2,:1O:1O,:,2O1S,,1L:1L,1,0.03000300030003
1183,3,2,1,1,2,:1O:1O,:,2O2S,,1L:1L,1,0.03000300030003
1184,3,2,1,1,2,:1O:1O,:2O,2O,,1L:1L,1,0.03000300030003
1185,3,4,0,1,1,::1O,:::2O,,,1L,1,0.03000300030003
1186,4,0,1,1,1,::1O:1O,,1O1S,,1L,1,0.03000300030003
1187,4,0,1,1,1,::1O:1O,,1N2O2S,,1L,1,0.03000300030003
1188,4,0,1,1,1,::1O:1O,,1N,,1L,1,0.03000300030003
1189,4,0,1,1,1,:1O:1O:1O,,2O,,1L,1,0.03000300030003
1190,4,0,1,1,1,:1O:1O:1O,,1O,,1L,1,0.03000300030003
1191,4,0,1,1,1,1O:1O:1O:1O,,1O,,1L,1,0.03000300030003
1192,3,4,0,1,1,1O:1O:1O,:::1O,,,1L,1,0.03000300030003
1193,3,3,1,1,1,:1O:1O,::,1O1S,,1L,1,0.03000300030003
1194,3,4,0,1,1,1O:1O:1O,:::,,,1L,1,0.03000300030003
1195,3,3,1,2,2,::1O,::2O,1O,2S:2S:2S:3S:3S:3S:3S:3S,1L:1L,1,0.03000300030003
1196,3,3,1,1,1,::1O,::,1O,,1L,1,0.03000300030003
1197,3,3,1,1,1,::,:1O:2O,1O,,1L,1,0.03000300030003
1198,3,3,1,1,1,:1O:2O,::,2O1S,,1L,1,0.03000300030003
1199,3,3,1,1,1,:1O:1O,::2O,,,1L,1,0.03000300030003
1200,4,0,1,1,1,:::1O,,2O,,1L,1,0.03000300030003
1201,4,0,1,1,2,1O:1O:1O:1O,,1N2O2S,,1L:1L,1,0.03000300030003
1202,4,0,1,1,2,1O:1O:1O:1O,,2O,,1L:1L,1,0.03000300030003
1203,4,0,1,1,2,1O:1O:1O:1O,,3O1S,,1L:1L,1,0.03000300030003
1204,4,0,1,1,2,1O:1O:1O:2O,,1N4O2S,,1L:1L,1,0.03000300030003
1205,4,0,1,1,2,1O:1O:1O:2O,,1O1S,,1L:1L,1,0.03000300030003
1206,4,0,1,1,2,1O:1O:2O:2O,,1O,,1L:1L,1,0.03000300030003
1207,4,0,1,1,2,:1O:1O:1O,,1N1O1S,,1L:1L,1,0.03000300030003
1208,4,0,1,1,2,:1O:1O:1O,,1N2O2S,,1L:1L,1,0.03000300030003
1209,4,0,1,1,2,:1O:1O:1O,,2O1S,,1L:1L,1,0.03000300030003
1210,4,0,1,1,2,:1O:1O:2O,,1O,,1L:1L,1,0.03000300030003
1211,4,0,1,1,2,::1O:2O,,3O1S,,1L:1L,1,0.03000300030003
1212,4,0,1,2,2,1O:1O:1O:1O,,1N4O2S,::1S:1S:2S:2S:2S:2S,1L:1L,1,0.03000300030003
1213,4,0,1,2,2,1O:1O:1O:1O,,1N4O2S,:::1S:1S:2S:2S:2S,1L:1L,1,0.03000300030003
1214,4,0,1,2,2,1O:1O:1O:1O,,2O,:::1S:1S:2S:2S:2S,1L:1L,1,0.03000300030003
1215,4,0,1,2,2,1O:1O:1O:1O,,2O1S,:1S:1S:2S:2S:2S:2S:3S,1L:1L,1,0.03000300030003
1216,4,0,1,2,2,1O:1O:1O:2O,,1O,:1S:1S:2S:2S:2S:2S:3S,1L:1L,1,0.03000300030003
1217,3,3,1,1,1,:1O:1O,::1O,1O,,1L,1,0.03000300030003
1218,3,3,1,1,1,1O:1O:2O,::,1O,,1L,1,0.03000300030003
1219,3,2,1,1,2,:1O:1O,:2O,2O1S,,1L:1L,1,0.03000300030003
1220,3,2,1,2,2,1O:1O:1O,:2O,1O,2S:2S:2S:2S:2S:2S:3S:3S,1L:1L,1,0.03000300030003
1221,3,2,2,1,2,1O:1O:1O,:,1N2O1S:1O,,1L:1L,1,0.03000300030003
1222,3,2,2,1,1,:1O:1O,:1O,:1O,,1L,1,0.03000300030003
1223,3,2,2,1,1,:1O:1O,:,:1O,,1L,1,0.03000300030003
1224,3,2,1,2,3,::1O,:1O,3O1S,1S:1S:1S:2S:3S:3S:3S:3S,1L:1L:1L,1,0.03000300030003
1225,3,2,1,2,2,::1O,:2O,1O,1S:1S:1S:2S:3S:3S:3S:3S,1L:1L,1,0.03000300030003
1226,3,2,1,2,2,:1O:2O,:2O,1O,:::1S:1S:2S:2S:2S,1L:1L,1,0.03000300030003
1227,3,2,1,2,2,1O:1O:1O,:2O,1O,1S:1S:1S:2S:3S:3S:3S:3S,1L:1L,1,0.03000300030003
1228,3,3,1,1,1,1O:1O:1O,::1O,1O,,1L,1,0.03000300030003
1229,3,2,1,2,2,1O:1O:1O,:2O,1O,1S:1S:1S:1S:2S:2S:2S:2S,1L:1L,1,0.03000300030003
1230,3,2,1,2,1,:1O:1O,:,1O,::1S:1S:1S:2S:2S:2S,1L,1,0.03000300030003
1231,3,2,1,1,2,::1O,:2O,3O1S,,1L:1L,1,0.03000300030003
1232,3,2,1,1,2,::1O,2O:2O,3O1S,,1L:1L,1,0.03000300030003
1233,3,2,1,1,2,::1O,1O:2O,1O,,1L:1L,1,0.03000300030003
1234,3,2,1,1,2,::,1O:2O,1O,,1L:1L,1,0.03000300030003
1235,3,2,2,1,2,1O:1O:1O,:,1O:2O,,1L:1L,1,0.03000300030003
1236,3,2,2,1,2,1O:1O:1O,:,1O:2O1S,,1L:1L,1,0.03000300030003
1237,3,2,2,1,2,1O:1O:1O,:1O,:2O1S,,1L:1L,1,0.03000300030003
1238,3,2,2,1,2,1O:1O:1O,:2O,1O:1O1S,,1L:1L,1,0.03000300030003
1239,3,3,0,1,1,1O:1O:1O,:1O:2O,,,1L,1,0.03000300030003
1240,3,3,0,1,1,1O:1O:1O,::1O,,,1L,1,0.03000300030003
1241,3,3,0,1,1,1O:1O:1O,::2O,,,1L,1,0.03000300030003
1242,3,3,0,1,1,:1O:1O,:1O:2O,,,1L,1,0.03000300030003
1243,3,3,0,1,1,:1O:1O,::,,,1L,1,0.03000300030003
1244,3,3,0,1,1,::1O,:1O:1O,,,1L,1,0.03000300030003
1245,3,3,0,1,1,::2O,::2O,,,1L,1,0.03000300030003
1246,3,3,0,1,2,:1O:1O,:2O:2O,,,1L:1L,1,0.03000300030003
1247,3,3,0,2,1,::1O,::2O,,:1S:1S:1S:2S:2S:2S:2S,1L,1,0.03000300030003
1248,3,3,0,2,2,1O:1O:1O,::2O,,1S:1S:1S:1S:2S:2S:2S:3S,1L:1L,1,0.03000300030003
1249,3,3,0,2,2,1O:1O:1O,::2O,,2S:2S:2S:2S:2S:2S:2S:3S,1L:1L,1,0.03000300030003
1250,3,3,0,2,2,:1O:1O,::2O,,2S:2S:2S:3S:3S:4S:4S:4S,1L:1L,1,0.03000300030003
1251,3,3,1,1,1,1O:1O:1O,::,1O,,1L,1,0.03000300030003
1252,3,1,2,1,2,1O:1O:1O,,:2O1S,,1L:1L,1,0.03000300030003
1253,3,1,2,1,2,1O:1O:1O,,2O:2O1S,,1L:1L,1,0.03000300030003
1254,2,4,1,1,1,1O:1O,:::,1O,,1L,1,0.03000300030003
1255,3,1,0,1,2,1O:2O:2O,1O,,,1L:1L,1,0.03000300030003
1256,3,1,0,2,2,1O:1O:1O,2O,,2S:2S:2S:2S:2S:2S:2S:3S,1L:1L,1,0.03000300030003
1257,3,1,0,2,2,1O:1O:1O,2O,,2S:2S:2S:2S:2S:2S:2S:2S,1L:1L,1,0.03000300030003
1258,3,1,0,2,2,1O:1O:1O,2O,,1S:1S:1S:1S:2S:2S:2S:2S,1L:1L,1,0.03000300030003
1259,3,1,0,2,2,1O:1O:1O,2O,,1S:1S:1S:1S:1S:2S:2S:2S,1L:1L,1,0.03000300030003
1260,3,1,0,2,1,:1O:1O,1O,,2S:2S:2S:2S:2S:3S:3S:4S,1L,1,0.03000300030003
1261,3,1,0,2,1,1O:1O:1O,,,1S:1S:1S:1S:1S:2S:2S:2S,1L,1,0.03000300030003
1262,3,1,0,1,1,::2O,,,,1L,1,0.03000300030003
1263,3,1,0,2,2,1O:1O:1O,2O,,3S:3S:3S:3S:4S:4S:5S:5S,1L:1L,1,0.03000300030003
1264,3,1,0,1,1,1O:1O:1O,2O,,,1L,1,0.03000300030003
1265,3,0,5,1,2,:1O:1O,,:1O:1O:1O:2O1S,,1L:1L,1,0.03000300030003
1266,3,0,5,1,2,:1O:1O,,:1O:1O:1O:2O,,1L:1L,1,0.03000300030003
1267,3,0,4,1,2,:1O:2O,,1O:1O:1O:2O1S,,1L:1L,1,0.03000300030003
1268,3,0,4,1,2,:1O:1O,,1O:2O:2O1S:2O1S,,1L:1L,1,0.03000300030003
1269,3,0,4,1,2,:1O:1O,,1O:1O:1O1S:2O,,1L:1L,1,0.03000300030003
1270,3,1,0,2,2,1O:1O:1O,2O,,2S:2S:2S:2S:2S:3S:3S:3S,1L:1L,1,0.03000300030003
1271,3,1,0,2,2,1O:1O:1O,2O,,3S:3S:3S:4S:4S:4S:5S:5S,1L:1L,1,0.03000300030003
1272,3,1,2,1,2,1O:1O:1O,,1N2O2S:2O,,1L:1L,1,0.03000300030003
1273,3,1,0,2,2,:1O:1O,2O,,2S:2S:2S:2S:2S:2S:2S:2S,1L:1L,1,0.03000300030003
1274,3,1,0,2,2,:1O:2O,2O,,2S:2S:3S:3S:3S:3S:3S:3S,1L:1L,1,0.03000300030003
1275,3,1,0,2,2,:1O:1O,2O,,:::1S:1S:2S:2S:2S,1L:1L,1,0.03000300030003
1276,3,1,0,2,2,:1O:1O,2O,,2S:3S:4S:4S:4S:4S:4S:4S,1L:1L,1,0.03000300030003
1277,3,1,0,2,2,:1O:1O,2O,,2S:3S:3S:3S:3S:3S:3S:4S,1L:1L,1,0.03000300030003
1278,3,1,0,2,2,:1O:1O,2O,,2S:2S:3S:3S:3S:3S:3S:3S,1L:1L,1,0.03000300030003
1279,3,1,0,2,2,:1O:1O,2O,,2S:2S:2S:2S:2S:2S:3S:3S,1L:1L,1,0.03000300030003
1280,3,1,0,2,2,1O:2O:2O,2O,,1S:1S:1S:2S:2S:3S:3S:3S,1L:1L,1,0.03000300030003
1281,3,1,0,2,2,1O:1O:2O,1O,,2S:2S:2S:3S:3S:4S:4S:4S,1L:1L,1,0.03000300030003
1282,3,1,0,2,2,1O:1O:2O,2O,,::1S:1S:2S:2S:2S:2S,1L:1L,1,0.03000300030003
1283,3,1,0,2,2,1O:1O:2O,2O,,2S:2S:2S:3S:3S:4S:4S:4S,1L:1L,1,0.03000300030003
1284,3,1,0,2,2,1O:1O:2O,2O,,2S:2S:2S:2S:2S:2S:3S:3S,1L:1L,1,0.03000300030003
1285,3,1,0,2,2,1O:1O:2O,2O,,2S:2S:2S:2S:2S:2S:2S:3S,1L:1L,1,0.03000300030003
1286,3,1,0,2,2,1O:1O:2O,2O,,1S:1S:2S:2S:3S:3S:3S:3S,1L:1L,1,0.03000300030003
1287,3,1,0,2,2,1O:1O:2O,2O,,1S:1S:1S:1S:1S:2S:2S:2S,1L:1L,1,0.03000300030003
1288,3,0,4,1,2,:1O:1O,,1O:1O1S:2O:2O1S,,1L:1L,1,0.03000300030003
1289,3,0,4,1,2,:1O:1O,,1N2O1S:1O:1O:1O,,1L:1L,1,0.03000300030003
1290,3,0,4,1,2,1O:1O:1O,,:1O:1O:2O1S,,1L:1L,1,0.03000300030003
1291,3,0,1,1,2,1O:1O:1O,,1O1S,,1L:1L,1,0.03000300030003
1292,3,0,2,1,2,1O:1O:1O,,1N2O2S:1N2O2S,,1L:1L,1,0.03000300030003
1293,3,0,2,1,2,1O:1O:1O,,1N1O1S:1O,,1L:1L,1,0.03000300030003
1294,3,0,1,2,2,1O:1O:1O,,1N4O2S,:::1S:1S:2S:2S:2S,1L:1L,1,0.03000300030003
1295,3,0,1,1,2,1O:1O:2O,,1O1S,,1L:1L,1,0.03000300030003
1296,3,0,1,1,2,1O:1O:1O,,3O1S,,1L:1L,1,0.03000300030003
1297,3,0,1,1,2,1O:1O:1O,,2O,,1L:1L,1,0.03000300030003
1298,3,0,1,1,2,1O:1O:1O,,1O,,1L:1L,1,0.03000300030003
1299,3,0,3,1,2,:1O:1O,,1O1S:1O1S:2O1S,,1L:1L,1,0.03000300030003
1300,3,0,1,1,2,1O:1O:1O,,1N2O2S,,1L:1L,1,0.03000300030003
1301,3,0,1,1,1,::1O,,1O,,1L,1,0.03000300030003
1302,2,4,1,1,1,:1O,:::2O,2O1S,,1L,1,0.03000300030003
1303,2,4,1,1,1,:1O,:::2O,,,1L,1,0.03000300030003
1304,2,4,1,1,1,:,:::2O,1O,,1L,1,0.03000300030003
1305,2,4,1,1,1,1O:2O,:::1O,1O,,1L,1,0.03000300030003
1306,3,0,2,1,2,1O:1O:1O,,1N3O2S:1O,,1L:1L,1,0.03000300030003
1307,3,0,2,1,2,1O:1O:1O,,1O1S:2O,,1L:1L,1,0.03000300030003
1308,3,0,2,1,2,1O:1O:1O,,1O1S:2O2S,,1L:1L,1,0.03000300030003
1309,3,0,2,1,2,1O:1O:1O,,1O:2O,,1L:1L,1,0.03000300030003
1310,3,0,2,1,2,1O:2O:2O,,1O:1O,,1L:1L,1,0.03000300030003
1311,3,0,2,1,2,:1O:1O,,2O:2O,,1L:1L,1,0.03000300030003
1312,3,0,2,1,2,:1O:1O,,2O:2O1S,,1L:1L,1,0.03000300030003
1313,3,0,2,1,2,:1O:1O,,:1N2O2S,,1L:1L,1,0.03000300030003
1314,3,0,2,2,2,1O:1O:2O,,1N3O2S:1O,1S:1S:2S:2S:2S:2S:3S:3S,1L:1L,1,0.03000300030003
1315,3,0,3,1,2,1O:1O:1O,,1N2O2S:1O:1O1S,,1L:1L,1,0.03000300030003
1316,3,0,3,1,2,1O:1O:1O,,1O:1O:1O,,1L:1L,1,0.03000300030003
1317,3,0,3,1,2,1O:1O:1O,,1O:2O1S:2O1S,,1L:1L,1,0.03000300030003
1318,3,0,3,1,2,1O:1O:1O,,1O:2O:2O1S,,1L:1L,1,0.03000300030003
1319,3,0,3,1,2,1O:1O:1O,,:1N2O2S:1O,,1L:1L,1,0.03000300030003
1320,3,0,3,1,2,1O:1O:1O,,:1N3O2S:1O,,1L:1L,1,0.03000300030003
1321,3,0,3,1,2,1O:2O:2O,,1O:1O:1O,,1L:1L,1,0.03000300030003
1322,3,0,3,1,2,:1O:1O,,1N2O2S:1O:1O,,1L:1L,1,0.03000300030003
1323,3,1,0,2,2,:1O:2O,2O,,3S:3S:3S:3S:4S:4S:5S:5S,1L:1L,1,0.03000300030003
1324,3,1,0,3,2,1O:1O:2O,2O,,:1S:1S:1S:1S:1S:1S:1S:2S:2S:2S:2S:3S:3S:3S:3S,1L:1L,1,0.03000300030003
1325,3,1,0,3,2,1O:1O:2O,2O,,:1S:1S:1S:1S:2S:2S:2S:2S:2S:2S:3S:3S:4S:4S:4S,1L:1L,1,0.03000300030003
1326,3,1,1,2,2,1O:1O:1O,2O,1O,2S:2S:2S:3S:3S:4S:4S:4S,1L:1L,1,0.03000300030003
1327,3,1,1,2,2,:1O:1O,2O,,1S:1S:1S:2S:3S:3S:3S:3S,1L:1L,1,0.03000300030003
1328,3,1,1,2,2,:1O:1O,1O,1O,2S:2S:2S:2S:2S:2S:3S:3S,1L:1L,1,0.03000300030003
1329,3,1,1,2,2,1O:1O:2O,2O,,1S:1S:1S:2S:3S:3S:3S:3S,1L:1L,1,0.03000300030003
1330,3,1,1,2,2,1O:1O:2O,,2O2S,:1S:1S:2S:2S:2S:2S:3S,1L:1L,1,0.03000300030003
1331,3,1,1,2,2,1O:1O:1O,2O,2O1S,1S:1S:1S:2S:3S:3S:3S:3S,1L:1L,1,0.03000300030003
1332,3,1,1,2,2,1O:1O:1O,2O,1O,3S:3S:3S:3S:4S:4S:5S:5S,1L:1L,1,0.03000300030003
1333,3,1,1,2,2,1O:1O:1O,2O,1O,1S:1S:1S:2S:2S:2S:3S:3S,1L:1L,1,0.03000300030003
1334,3,1,1,1,2,:1O:2O,2O,2O1S,,1L:1L,1,0.03000300030003
1335,3,1,1,2,2,1O:1O:1O,2O,1O,1S:1S:1S:1S:2S:2S:2S:2S,1L:1L,1,0.03000300030003
1336,3,1,1,2,2,1O:1O:1O,2O,1N1O1S,1S:1S:1S:2S:3S:3S:3S:3S,1L:1L,1,0.03000300030003
1337,3,1,1,2,2,1O:1O:1O,2O,,::1S:1S:2S:2S:2S:2S,1L:1L,1,0.03000300030003
1338,3,1,1,2,2,1O:1O:1O,2O,,3S:3S:3S:3S:4S:4S:5S:5S,1L:1L,1,0.03000300030003
1339,3,1,1,2,2,1O:1O:1O,,3O2S,:::1S:1S:2S:2S:2S,1L:1L,1,0.03000300030003
1340,3,1,1,2,2,1O:1O:1O,,2O2S,:::1S:1S:2S:2S:2S,1L:1L,1,0.03000300030003
1341,3,1,1,2,2,:1O:1O,2O,,2S:2S:2S:3S:3S:3S:4S:4S,1L:1L,1,0.03000300030003
1342,3,1,1,2,2,:1O:1O,2O,1O,2S:2S:2S:3S:3S:4S:4S:4S,1L:1L,1,0.03000300030003
1343,3,1,1,2,2,:1O:1O,2O,2O,1S:1S:1S:2S:3S:3S:3S:3S,1L:1L,1,0.03000300030003
1344,3,1,1,2,2,:1O:1O,2O,2O2S,1S:1S:1S:2S:3S:3S:3S:3S,1L:1L,1,0.03000300030003
1345,3,1,1,2,2,:1O:1O,2O,3O1S,1S:1S:1S:2S:3S:3S:3S:3S,1L:1L,1,0.03000300030003
1346,3,1,1,2,2,:1O:2O,2O,1O,1S:1S:1S:2S:3S:3S:3S:3S,1L:1L,1,0.03000300030003
1347,3,1,1,2,2,:1O:2O,2O,1O,2S:2S:2S:2S:2S:2S:2S:2S,1L:1L,1,0.03000300030003
1348,3,1,1,2,2,:1O:2O,2O,1O,2S:2S:3S:4S:4S:5S:5S:5S,1L:1L,1,0.03000300030003
1349,3,1,1,2,2,::1O,2O,1N2O2S,1S:1S:1S:2S:2S:3S:3S:3S,1L:1L,1,0.03000300030003
1350,3,1,1,2,2,::1O,2O,1O,1S:1S:1S:2S:3S:3S:3S:3S,1L:1L,1,0.03000300030003
1351,3,1,1,2,2,::1O,2O,1O,2S:2S:2S:2S:2S:2S:2S:2S,1L:1L,1,0.03000300030003
1352,3,1,1,2,2,::1O,2O,1O,2S:2S:2S:2S:2S:2S:3S:3S,1L:1L,1,0.03000300030003
1353,3,1,1,2,2,::1O,2O,1O1S,1S:1S:1S:2S:3S:3S:3S:3S,1L:1L,1,0.03000300030003
1354,3,1,2,1,1,:1O:1O,,:1N2O1S,,1L,1,0.03000300030003
1355,3,1,2,1,1,:1O:1O,,:1O,,1L,1,0.03000300030003
1356,3,1,2,1,1,::1O,2O,:,,1L,1,0.03000300030003
1357,3,1,2,1,2,1O:1O:1O,,1N1O1S:2O,,1L:1L,1,0.03000300030003
1358,3,1,1,1,2,::1O,2O,1N1O1S,,1L:1L,1,0.03000300030003
1359,3,1,1,1,2,:1O:2O,2O,2O,,1L:1L,1,0.03000300030003
1360,3,1,0,3,2,:1O:1O,2O,,1S:1S:1S:1S:1S:1S:1S:2S:2S:3S:3S:3S:3S:3S:3S:3S,1L:1L,1,0.03000300030003
1361,3,1,1,1,1,:1O:1O,1O,1N4O2S,,1L,1,0.03000300030003
1362,3,1,1,1,1,::1O,1O,2O1S,,1L,1,0.03000300030003
1363,3,1,1,1,1,::1O,,2O1S,,1L,1,0.03000300030003
1364,3,1,1,1,1,::,2O,2O1S,,1L,1,0.03000300030003
1365,3,1,1,1,1,::,2O,1O,,1L,1,0.03000300030003
1366,3,1,1,1,1,:1O:1O,2O,,,1L,1,0.03000300030003
1367,3,1,1,1,1,:1O:1O,1O,1O,,1L,1,0.03000300030003
1368,3,1,1,1,1,:1O:1O,1O,1N1O1S,,1L,1,0.03000300030003
1369,3,1,1,1,2,:1O:1O,2O,3O1S,,1L:1L,1,0.03000300030003
1370,3,1,1,1,1,:1O:1O,,2O1S,,1L,1,0.03000300030003
1371,3,1,1,1,1,:1O:1O,,1O1S,,1L,1,0.03000300030003
1372,3,1,1,1,1,:1O:1O,,1N1O1S,,1L,1,0.03000300030003
1373,3,1,1,1,1,1O:1O:2O,,,,1L,1,0.03000300030003
1374,3,1,1,1,1,1O:1O:1O,,1O,,1L,1,0.03000300030003
1375,3,1,0,3,2,:1O:1O,2O,,1S:2S:2S:3S:3S:3S:3S:3S:3S:3S:3S:3S:4S:4S:5S:5S,1L:1L,1,0.03000300030003
1376,3,1,1,1,1,::1O,2O,,,1L,1,0.03000300030003
1377,3,1,1,1,1,::2O,1O,1O,,1L,1,0.03000300030003
1378,3,1,1,1,2,1O:1O:1O,,1N,,1L:1L,1,0.03000300030003
1379,3,1,1,1,2,1O:1O:1O,,1O1S,,1L:1L,1,0.03000300030003
1380,3,1,1,1,2,1O:1O:1O,,2O,,1L:1L,1,0.03000300030003
1381,3,1,1,1,2,1O:1O:1O,1O,1N3O2S,,1L:1L,1,0.03000300030003
1382,3,1,1,1,2,1O:1O:1O,2O,1N1O,,1L:1L,1,0.03000300030003
1383,3,1,1,1,2,1O:1O:1O,2O,1N2O1S,,1L:1L,1,0.03000300030003
1384,3,1,1,1,2,1O:1O:1O,2O,1N3O1S,,1L:1L,1,0.03000300030003
1385,3,1,1,1,2,1O:1O:1O,2O,1N3O2S,,1L:1L,1,0.03000300030003
1386,3,1,1,1,2,1O:1O:1O,2O,3O2S,,1L:1L,1,0.03000300030003
1387,3,1,1,1,2,1O:1O:2O,2O,1N1O1S,,1L:1L,1,0.03000300030003
1388,3,1,1,1,2,1O:1O:2O,2O,1N2O,,1L:1L,1,0.03000300030003
1389,3,1,1,1,2,1O:1O:2O,2O,2O,,1L:1L,1,0.03000300030003
1390,3,1,1,1,2,1O:2O:2O,2O,1O,,1L:1L,1,0.03000300030003
1391,3,1,1,1,2,:1O:1O,2O,1N2O1S,,1L:1L,1,0.03000300030003
1392,3,1,1,1,2,:1O:1O,2O,1O,,1L:1L,1,0.03000300030003
1393,7,1,1,1,1,:::::1O:1O,,2O1S,,1L,1,0.03000300030003
