,num_dol,num_eee,num_tfsi,num_ps,num_li,atoms_dol,atoms_eee,atoms_tfsi,atoms_ps,atoms_li,count,%
0,3,2,0,1,1,::1O,:3O,,,1L,101,3.0303030303030303
1,2,3,0,1,1,:1O,::3O,,,1L,93,2.7902790279027903
2,3,3,0,1,1,::1O,::3O,,,1L,72,2.16021602160216
3,1,2,0,1,2,1O,3O:3O,,,1L:1L,56,1.6801680168016802
4,2,2,0,1,2,1O:1O,2O:3O,,,1L:1L,55,1.6501650165016502
5,2,2,0,1,1,:1O,:3O,,,1L,52,1.56015601560156
6,3,2,0,1,1,:1O:1O,:3O,,,1L,44,1.32013201320132
7,3,3,0,1,1,::1O,::2O,,,1L,43,1.29012901290129
8,3,2,0,1,1,::1O,:2O,,,1L,42,1.26012601260126
9,4,2,0,1,1,:::1O,:3O,,,1L,41,1.23012301230123
10,2,4,0,1,1,:1O,:::3O,,,1L,38,1.14011401140114
11,2,3,0,1,1,:1O,::2O,,,1L,37,1.11011101110111
12,2,2,0,1,2,:1O,3O:3O,,,1L:1L,34,1.02010201020102
13,2,4,0,1,1,:1O,:::2O,,,1L,31,0.93009300930093
14,1,4,0,1,1,1O,:::3O,,,1L,29,0.8700870087008701
15,4,2,0,1,1,:::1O,:2O,,,1L,29,0.8700870087008701
16,2,3,0,1,1,1O:1O,::3O,,,1L,26,0.7800780078007801
17,1,3,0,1,1,1O,::3O,,,1L,26,0.7800780078007801
18,3,3,0,1,1,:1O:1O,::2O,,,1L,25,0.7500750075007501
19,4,2,0,1,1,::1O:1O,:2O,,,1L,23,0.6900690069006901
20,1,2,1,1,2,1O,2O:3O,1O,,1L:1L,23,0.6900690069006901
21,3,1,1,1,2,1O:1O:1O,3O,1O,,1L:1L,23,0.6900690069006901
22,4,1,0,1,1,::1O:1O,3O,,,1L,22,0.6600660066006601
23,2,2,0,1,2,1O:1O,3O:3O,,,1L:1L,22,0.6600660066006601
24,4,2,0,1,1,::1O:1O,:3O,,,1L,20,0.6000600060006
25,4,1,0,1,1,:::1O,3O,,,1L,19,0.57005700570057
26,2,3,0,1,1,:,::3O,,,1L,19,0.57005700570057
27,2,3,0,1,1,:1O,:1O:3O,,,1L,19,0.57005700570057
28,2,2,0,1,1,1O:1O,:3O,,,1L,17,0.51005100510051
29,2,3,0,1,1,1O:1O,::2O,,,1L,16,0.48004800480048
30,1,4,0,1,1,,:::3O,,,1L,16,0.48004800480048
31,3,3,0,1,1,::,::3O,,,1L,15,0.45004500450045
32,4,3,0,1,1,:::1O,::2O,,,1L,15,0.45004500450045
33,3,2,0,1,1,:1O:1O,:2O,,,1L,14,0.42004200420042
34,1,3,0,1,1,,::3O,,,1L,14,0.42004200420042
35,4,3,0,1,1,:::1O,::3O,,,1L,14,0.42004200420042
36,3,2,0,1,1,::,:3O,,,1L,13,0.39003900390039
37,2,2,0,1,1,:,:3O,,,1L,13,0.39003900390039
38,3,3,0,1,1,:1O:1O,::3O,,,1L,12,0.36003600360036
39,3,2,0,1,1,::1O,1O:3O,,,1L,11,0.33003300330033
40,0,4,0,1,1,,:::3O,,,1L,11,0.33003300330033
41,3,4,0,1,1,::1O,:::3O,,,1L,11,0.33003300330033
42,2,2,0,1,2,:1O,2O:3O,,,1L:1L,11,0.33003300330033
43,2,2,0,1,1,:1O,:2O,,,1L,11,0.33003300330033
44,1,3,0,1,2,1O,:2O:3O,,,1L:1L,11,0.33003300330033
45,1,3,0,1,2,1O,:3O:3O,,,1L:1L,11,0.33003300330033
46,4,2,0,1,1,::1O:1O,:,,,1L,11,0.33003300330033
47,2,3,0,1,1,:1O,:1O:2O,,,1L,10,0.3000300030003
48,3,3,0,1,1,::1O,:1O:3O,,,1L,10,0.3000300030003
49,3,2,0,1,2,:1O:1O,2O:2O,,,1L:1L,10,0.3000300030003
50,3,2,0,1,2,:1O:1O,2O:3O,,,1L:1L,10,0.3000300030003
51,4,1,1,1,2,:1O:1O:1O,3O,1O,,1L:1L,10,0.3000300030003
52,3,4,0,1,1,::1O,:::2O,,,1L,10,0.3000300030003
53,2,2,0,1,1,:1O,1O:3O,,,1L,10,0.3000300030003
54,1,2,0,1,2,1O,2O:3O,,,1L:1L,10,0.3000300030003
55,2,2,1,1,1,:,:3O,1O,,1L,10,0.3000300030003
56,5,2,0,1,1,:::1O:1O,:2O,,,1L,10,0.3000300030003
57,3,1,0,1,1,::1O,3O,,,1L,9,0.27002700270027
58,4,3,0,1,1,::1O:1O,::2O,,,1L,9,0.27002700270027
59,1,3,0,1,1,1O,:1O:3O,,,1L,9,0.27002700270027
60,2,4,0,1,1,:,:::3O,,,1L,9,0.27002700270027
61,5,1,0,1,1,:::1O:1O,3O,,,1L,9,0.27002700270027
62,4,2,0,1,1,:1O:1O:1O,:2O,,,1L,9,0.27002700270027
63,2,2,1,1,2,:1O,2O:3O,1O,,1L:1L,8,0.24002400240024
64,5,2,0,1,1,::::1O,:2O,,,1L,8,0.24002400240024
65,1,3,0,1,1,1O,::2O,,,1L,8,0.24002400240024
66,1,2,1,1,2,1O,3O:3O,1O,,1L:1L,8,0.24002400240024
67,3,2,1,1,2,1O:1O:1O,:3O,1O,,1L:1L,8,0.24002400240024
68,1,2,1,1,2,1O,2O:3O,2O1S,,1L:1L,8,0.24002400240024
69,5,2,0,1,1,:::1O:1O,:3O,,,1L,8,0.24002400240024
70,3,2,0,2,1,::,:2O,,1S:1S:1S:2S:3S:3S:3S:3S,1L,8,0.24002400240024
71,2,3,0,2,1,:,::2O,,1S:1S:1S:2S:3S:3S:3S:3S,1L,8,0.24002400240024
72,3,4,0,1,1,:1O:1O,:::2O,,,1L,8,0.24002400240024
73,3,2,0,1,1,:1O:1O,:,,,1L,7,0.21002100210021
74,4,2,1,1,1,:1O:1O:1O,:,1O,,1L,7,0.21002100210021
75,2,4,0,1,1,:1O,::1O:3O,,,1L,7,0.21002100210021
76,5,2,0,1,1,::::1O,:3O,,,1L,7,0.21002100210021
77,3,3,1,1,1,:1O:1O,::,1O,,1L,7,0.21002100210021
78,5,1,0,1,1,::1O:1O:1O,,,,1L,7,0.21002100210021
79,2,2,1,1,2,1O:1O,2O:3O,,,1L:1L,7,0.21002100210021
80,2,3,0,1,1,1O:1O,:1O:2O,,,1L,7,0.21002100210021
81,2,4,0,1,1,1O:1O,:::3O,,,1L,7,0.21002100210021
82,2,2,1,1,2,1O:1O,:3O,1O,,1L:1L,7,0.21002100210021
83,4,1,0,1,1,:::1O,2O,,,1L,7,0.21002100210021
84,2,4,0,1,1,1O:1O,:::2O,,,1L,7,0.21002100210021
85,3,2,1,1,1,::1O,:2O,,,1L,7,0.21002100210021
86,3,3,0,1,1,:1O:1O,::,,,1L,7,0.21002100210021
87,5,1,1,1,1,:::1O:1O,,1O,,1L,7,0.21002100210021
88,2,3,1,1,1,:1O,::3O,,,1L,6,0.18001800180018
89,1,5,0,1,1,1O,::::3O,,,1L,6,0.18001800180018
90,3,1,0,1,1,::,3O,,,1L,6,0.18001800180018
91,2,2,1,1,1,:,:3O,,,1L,6,0.18001800180018
92,4,2,1,1,1,::1O:1O,:,1O,,1L,6,0.18001800180018
93,4,1,0,1,2,1O:1O:1O:1O,3O,,,1L:1L,6,0.18001800180018
94,1,4,0,2,1,,:::2O,,1S:1S:1S:2S:3S:3S:3S:3S,1L,6,0.18001800180018
95,1,4,0,1,1,1O,::1O:3O,,,1L,6,0.18001800180018
96,3,1,0,1,1,:1O:1O,3O,,,1L,6,0.18001800180018
97,2,2,1,1,2,:1O,2O:2O,1O,,1L:1L,6,0.18001800180018
98,3,3,0,1,1,::1O,:1O:2O,,,1L,6,0.18001800180018
99,1,3,1,1,2,1O,:2O:2O,1O,,1L:1L,6,0.18001800180018
100,3,1,1,1,2,1O:1O:1O,2O,1O,,1L:1L,6,0.18001800180018
101,6,1,0,1,1,::1O:1O:1O:1O,,,,1L,6,0.18001800180018
102,2,2,0,1,1,1O:1O,:2O,,,1L,6,0.18001800180018
103,5,1,0,1,1,:1O:1O:1O:1O,,,,1L,6,0.18001800180018
104,3,2,0,2,1,::1O,:2O,,1S:1S:1S:2S:3S:3S:3S:3S,1L,6,0.18001800180018
105,3,2,1,1,1,:1O:1O,:,1O,,1L,6,0.18001800180018
106,2,3,1,1,1,:,::3O,1O,,1L,5,0.15001500150015
107,1,4,0,1,1,1O,:::2O,,,1L,5,0.15001500150015
108,5,1,0,1,1,::::1O,3O,,,1L,5,0.15001500150015
109,3,2,1,1,1,::1O,:3O,1O,,1L,5,0.15001500150015
110,4,1,1,1,1,:1O:1O:1O,,1O,,1L,5,0.15001500150015
111,0,2,1,1,2,,3O:3O,1O,,1L:1L,5,0.15001500150015
112,3,3,1,1,1,::1O,::2O,,,1L,5,0.15001500150015
113,2,2,1,1,1,:1O,:3O,1O,,1L,5,0.15001500150015
114,2,2,0,1,2,1O:1O,2O:2O,,,1L:1L,5,0.15001500150015
115,3,3,0,1,1,1O:1O:1O,::,,,1L,5,0.15001500150015
116,1,2,0,1,1,1O,:3O,,,1L,5,0.15001500150015
117,1,2,0,1,2,,3O:3O,,,1L:1L,5,0.15001500150015
118,3,2,1,1,1,::1O,:3O,,,1L,5,0.15001500150015
119,2,5,0,1,1,:1O,::::3O,,,1L,5,0.15001500150015
120,4,2,0,1,1,:1O:1O:1O,:,,,1L,5,0.15001500150015
121,3,2,0,1,1,::1O,:,,,1L,5,0.15001500150015
122,5,2,0,1,1,::1O:1O:1O,:,,,1L,5,0.15001500150015
123,2,3,0,1,2,1O:1O,:2O:3O,,,1L:1L,5,0.15001500150015
124,2,3,0,1,1,:,:1O:3O,,,1L,5,0.15001500150015
125,2,3,0,1,1,1O:1O,:1O:3O,,,1L,4,0.12001200120012
126,2,2,1,1,1,:1O,:3O,,,1L,4,0.12001200120012
127,5,1,1,1,1,::1O:1O:1O,,1O,,1L,4,0.12001200120012
128,5,2,0,1,1,:::1O:1O,:,,,1L,4,0.12001200120012
129,5,1,0,1,1,:::1O:1O,2O,,,1L,4,0.12001200120012
130,2,2,1,1,1,:1O,:2O,,,1L,4,0.12001200120012
131,2,4,0,1,1,:1O,::1O:2O,,,1L,4,0.12001200120012
132,4,3,0,1,1,:::1O,::,,,1L,4,0.12001200120012
133,4,3,0,1,1,::1O:1O,::3O,,,1L,4,0.12001200120012
134,2,3,0,1,2,:1O,:3O:3O,,,1L:1L,4,0.12001200120012
135,2,2,0,1,1,:2O,:3O,,,1L,4,0.12001200120012
136,2,1,1,1,1,:1O,3O,,,1L,4,0.12001200120012
137,4,3,0,1,1,:1O:1O:1O,::,,,1L,4,0.12001200120012
138,2,1,0,2,2,1O:1O,3O,,2S:2S:2S:2S:2S:2S:2S:3S,1L:1L,4,0.12001200120012
139,2,3,1,1,1,:,::2O,1O,,1L,4,0.12001200120012
140,3,3,0,1,1,:1O:1O,:1O:2O,,,1L,4,0.12001200120012
141,3,1,1,1,2,1O:1O:1O,3O,2O1S,,1L:1L,4,0.12001200120012
142,3,2,0,1,1,:1O:1O,1O:2O,,,1L,4,0.12001200120012
143,1,3,0,2,1,,:1O:2O,,1S:1S:1S:2S:3S:3S:3S:3S,1L,4,0.12001200120012
144,1,3,1,1,1,1O,::3O,1O,,1L,4,0.12001200120012
145,3,2,0,1,1,:1O:1O,1O:3O,,,1L,4,0.12001200120012
146,3,3,0,1,1,::1O,::,,,1L,4,0.12001200120012
147,1,3,1,1,2,1O,:2O:3O,1O,,1L:1L,4,0.12001200120012
148,3,4,0,1,1,::1O,::1O:2O,,,1L,4,0.12001200120012
149,3,4,0,1,1,:1O:1O,:::3O,,,1L,4,0.12001200120012
150,4,1,0,1,2,1O:1O:1O:2O,3O,,,1L:1L,4,0.12001200120012
151,0,3,1,1,2,,:2O:3O,1O,,1L:1L,4,0.12001200120012
152,3,2,0,1,1,::1O,1O:2O,,,1L,4,0.12001200120012
153,3,2,0,1,1,::1O,:1O,,,1L,4,0.12001200120012
154,0,3,0,1,1,,::3O,,,1L,4,0.12001200120012
155,4,2,0,1,1,:::2O,:3O,,,1L,4,0.12001200120012
156,4,2,0,1,2,1O:1O:1O:1O,:3O,,,1L:1L,4,0.12001200120012
157,4,2,0,1,2,::1O:1O,2O:3O,,,1L:1L,4,0.12001200120012
158,3,1,0,2,2,1O:1O:1O,2O,,1S:1S:1S:1S:2S:2S:2S:3S,1L:1L,4,0.12001200120012
159,3,1,1,1,2,1O:1O:2O,3O,1O,,1L:1L,4,0.12001200120012
160,3,1,0,1,2,1O:1O:2O,3O,,,1L:1L,4,0.12001200120012
161,3,1,0,1,1,::1O,2O,,,1L,4,0.12001200120012
162,4,1,0,1,1,::1O:1O,2O,,,1L,4,0.12001200120012
163,4,2,1,1,1,:1O:1O:1O,:,,,1L,4,0.12001200120012
164,1,3,1,1,1,,::3O,1O,,1L,4,0.12001200120012
165,4,2,0,1,1,::1O:1O,:1O,,,1L,4,0.12001200120012
166,4,2,0,1,1,::1O:1O,1O:2O,,,1L,4,0.12001200120012
167,4,1,0,1,2,:1O:1O:1O,3O,,,1L:1L,3,0.09000900090009
168,3,2,1,1,1,:1O:1O,:1O,2O1S,,1L,3,0.09000900090009
169,3,2,1,1,1,:1O:1O,:2O,,,1L,3,0.09000900090009
170,5,1,0,1,1,:1O:1O:1O:2O,,,,1L,3,0.09000900090009
171,2,2,1,1,2,:1O,2O:3O,,,1L:1L,3,0.09000900090009
172,3,2,1,1,1,:1O:1O,:,2O1S,,1L,3,0.09000900090009
173,4,1,0,2,2,:1O:1O:1O,2O,,1S:1S:1S:1S:2S:2S:2S:3S,1L:1L,3,0.09000900090009
174,4,1,0,2,2,:1O:1O:1O,2O,,2S:2S:3S:3S:3S:3S:3S:3S,1L:1L,3,0.09000900090009
175,4,1,0,2,2,:1O:1O:1O,3O,,1S:1S:1S:1S:2S:2S:2S:3S,1L:1L,3,0.09000900090009
176,4,1,0,1,1,:::,3O,,,1L,3,0.09000900090009
177,2,5,0,1,1,:1O,::::2O,,,1L,3,0.09000900090009
178,3,2,1,1,2,:1O:1O,2O:2O,1O,,1L:1L,3,0.09000900090009
179,4,1,0,1,1,:1O:1O:1O,,,,1L,3,0.09000900090009
180,3,3,0,1,1,1O:1O:1O,::1O,,,1L,3,0.09000900090009
181,2,2,1,2,2,:1O,:3O,1O,1S:1S:1S:1S:2S:2S:2S:3S,1L:1L,3,0.09000900090009
182,3,3,0,1,1,:1O:1O,:1O:3O,,,1L,3,0.09000900090009
183,5,1,0,1,1,::1O:1O:1O,3O,,,1L,3,0.09000900090009
184,3,3,0,1,1,:1O:1O,::1O,,,1L,3,0.09000900090009
185,3,4,0,1,0,::,:::,,,,3,0.09000900090009
186,3,3,1,1,1,::1O,::3O,1O,,1L,3,0.09000900090009
187,3,3,1,1,1,::1O,::3O,,,1L,3,0.09000900090009
188,3,3,1,1,1,:1O:1O,::1O,1O,,1L,3,0.09000900090009
189,3,3,1,1,1,::1O,::,,,1L,3,0.09000900090009
190,3,3,1,1,1,:1O:1O,::2O,,,1L,3,0.09000900090009
191,2,2,1,1,1,:,:2O,1O,,1L,3,0.09000900090009
192,5,1,0,1,1,::::1O,2O,,,1L,3,0.09000900090009
193,2,2,1,2,2,1O:1O,:3O,1O,1S:1S:1S:1S:2S:2S:2S:3S,1L:1L,3,0.09000900090009
194,3,2,0,1,1,:1O:2O,:2O,,,1L,3,0.09000900090009
195,4,4,0,1,1,:::1O,:::2O,,,1L,3,0.09000900090009
196,2,3,1,1,1,:1O,::2O,,,1L,3,0.09000900090009
197,3,1,1,1,2,1O:1O:1O,2O,1O1S,,1L:1L,3,0.09000900090009
198,4,2,0,1,1,:::,:3O,,,1L,3,0.09000900090009
199,2,3,1,1,1,:,::3O,,,1L,3,0.09000900090009
200,2,2,0,2,2,1O:1O,:3O,,1S:1S:1S:1S:2S:2S:2S:3S,1L:1L,3,0.09000900090009
201,3,1,1,1,1,::1O,2O,,,1L,3,0.09000900090009
202,2,3,1,1,1,:1O,::,,,1L,3,0.09000900090009
203,4,2,0,1,1,:::1O,1O:3O,,,1L,3,0.09000900090009
204,4,3,0,2,1,::1O:1O,::,,1S:1S:1S:1S:2S:2S:2S:2S,1L,3,0.09000900090009
205,2,3,1,1,1,:1O,::2O,1O,,1L,3,0.09000900090009
206,4,2,0,2,1,:::1O,:2O,,1S:1S:1S:2S:3S:3S:3S:3S,1L,3,0.09000900090009
207,4,2,1,1,1,:::1O,:3O,,,1L,3,0.09000900090009
208,3,1,0,1,1,1O:1O:1O,2O,,,1L,3,0.09000900090009
209,2,4,0,2,1,:,:::2O,,1S:1S:1S:2S:3S:3S:3S:3S,1L,3,0.09000900090009
210,4,2,1,1,1,:::,:3O,1O,,1L,3,0.09000900090009
211,3,1,1,1,2,1O:1O:1O,3O,1O1S,,1L:1L,3,0.09000900090009
212,3,1,1,1,2,1O:1O:1O,3O,2O,,1L:1L,3,0.09000900090009
213,4,1,1,1,1,:1O:1O:1O,,2O,,1L,3,0.09000900090009
214,4,3,1,1,1,::1O:1O,::,1O,,1L,3,0.09000900090009
215,3,2,0,1,2,:1O:1O,3O:3O,,,1L:1L,3,0.09000900090009
216,3,2,0,1,2,1O:1O:1O,2O:3O,,,1L:1L,3,0.09000900090009
217,4,1,1,1,1,:::1O,3O,,,1L,3,0.09000900090009
218,2,3,0,1,1,1O:2O,::3O,,,1L,3,0.09000900090009
219,3,2,0,1,1,::2O,:3O,,,1L,3,0.09000900090009
220,4,2,1,1,1,::1O:2O,:,1O,,1L,3,0.09000900090009
221,2,3,0,1,1,:2O,::2O,,,1L,3,0.09000900090009
222,2,3,0,2,1,:1O,::2O,,1S:1S:1S:2S:3S:3S:3S:3S,1L,3,0.09000900090009
223,3,2,0,1,1,1O:1O:1O,:,,,1L,3,0.09000900090009
224,2,3,0,1,2,:1O,:2O:3O,,,1L:1L,3,0.09000900090009
225,3,1,1,2,2,:1O:1O,2O,1O,1S:1S:1S:1S:2S:2S:2S:3S,1L:1L,3,0.09000900090009
226,3,1,1,2,2,1O:1O:1O,2O,1O,1S:1S:1S:1S:2S:2S:2S:3S,1L:1L,3,0.09000900090009
227,2,3,0,2,1,:,::3O,,1S:1S:1S:2S:3S:3S:3S:3S,1L,3,0.09000900090009
228,4,3,0,2,1,::1O:1O,::,,2S:2S:2S:3S:3S:3S:3S:3S,1L,3,0.09000900090009
229,3,1,1,1,1,::1O,3O,,,1L,3,0.09000900090009
230,0,2,0,1,2,,3O:3O,,,1L:1L,3,0.09000900090009
231,6,1,0,1,1,::1O:1O:1O:2O,,,,1L,3,0.09000900090009
232,7,0,0,1,1,::::1O:1O:1O,,,,1L,3,0.09000900090009
233,1,3,1,1,1,,::2O,1O,,1L,3,0.09000900090009
234,2,2,0,1,1,1O:2O,:3O,,,1L,3,0.09000900090009
235,2,2,0,1,1,1O:1O,1O:3O,,,1L,3,0.09000900090009
236,1,2,1,1,2,1O,2O:2O,2O1S,,1L:1L,3,0.09000900090009
237,5,3,0,1,1,::1O:1O:2O,::,,,1L,3,0.09000900090009
238,2,2,0,1,1,1O:1O,1O:2O,,,1L,3,0.09000900090009
239,5,2,0,2,1,::1O:1O:1O,:,,2S:2S:2S:2S:2S:2S:2S:2S,1L,3,0.09000900090009
240,5,2,0,1,1,:1O:1O:1O:1O,:,,,1L,3,0.09000900090009
241,2,1,1,2,2,1O:1O,3O,1O,1S:1S:1S:1S:2S:2S:2S:3S,1L:1L,3,0.09000900090009
242,5,2,1,1,1,:::1O:1O,:,2O1S,,1L,3,0.09000900090009
243,0,3,1,1,2,,:3O:3O,1O,,1L:1L,3,0.09000900090009
244,2,1,1,1,2,1O:1O,3O,2O1S,,1L:1L,3,0.09000900090009
245,2,1,1,1,2,1O:1O,3O,2O,,1L:1L,3,0.09000900090009
246,1,4,1,1,1,1O,::1O:2O,,,1L,3,0.09000900090009
247,1,4,1,1,1,1O,:::2O,,,1L,3,0.09000900090009
248,5,2,0,1,1,::::1O,:,,,1L,3,0.09000900090009
249,1,5,0,1,1,,::::3O,,,1L,3,0.09000900090009
250,1,2,0,1,1,,1O:3O,,,1L,3,0.09000900090009
251,1,5,0,1,1,1O,::::1O,,,1L,3,0.09000900090009
252,1,5,0,1,1,1O,::::2O,,,1L,3,0.09000900090009
253,6,0,0,1,1,:1O:1O:1O:1O:1O,,,,1L,3,0.09000900090009
254,1,4,0,1,1,1O,::1O:2O,,,1L,3,0.09000900090009
255,0,2,1,1,2,,2O:3O,1O,,1L:1L,3,0.09000900090009
256,6,1,0,1,1,::1O:1O:1O:1O,1O,,,1L,3,0.09000900090009
257,1,2,1,2,2,1O,:3O,1O,1S:1S:1S:1S:2S:2S:2S:3S,1L:1L,3,0.09000900090009
258,1,2,1,1,2,1O,2O:3O,1O1S,,1L:1L,3,0.09000900090009
259,6,1,0,1,1,:::1O:1O:1O,,,,1L,3,0.09000900090009
260,5,2,1,1,1,:::1O:1O,:,1O1S,,1L,2,0.06000600060006
261,6,1,1,1,1,::1O:1O:1O:1O,,,,1L,2,0.06000600060006
262,3,2,0,1,1,:1O:1O,:1O,,,1L,2,0.06000600060006
263,1,3,0,2,1,,::2O,,1S:1S:1S:2S:3S:3S:3S:3S,1L,2,0.06000600060006
264,2,4,0,2,1,:1O,:::,,2S:2S:2S:2S:2S:2S:2S:2S,1L,2,0.06000600060006
265,5,2,1,1,1,::1O:1O:1O,:,1O,,1L,2,0.06000600060006
266,4,2,1,1,1,::1O:1O,:3O,,,1L,2,0.06000600060006
267,4,2,1,1,1,::1O:1O,:2O,,,1L,2,0.06000600060006
268,4,2,1,1,1,::1O:1O,:1O,1O1S,,1L,2,0.06000600060006
269,2,4,1,1,1,:1O,:::3O,,,1L,2,0.06000600060006
270,4,1,1,1,2,:1O:1O:1O,2O,2O1S,,1L:1L,2,0.06000600060006
271,3,1,0,1,1,:1O:1O,,,,1L,2,0.06000600060006
272,1,4,1,1,1,,:::3O,1O,,1L,2,0.06000600060006
273,1,2,1,1,1,,:2O,1O,,1L,2,0.06000600060006
274,3,2,0,1,1,::2O,:2O,,,1L,2,0.06000600060006
275,1,4,1,1,1,,:::3O,,,1L,2,0.06000600060006
276,3,2,1,1,1,::,:3O,1O,,1L,2,0.06000600060006
277,3,2,1,1,1,::,:2O,1O1S,,1L,2,0.06000600060006
278,3,2,1,1,1,::,:2O,1O,,1L,2,0.06000600060006
279,5,2,1,1,1,:::1O:1O,:,1O,,1L,2,0.06000600060006
280,3,2,0,1,2,::1O,2O:3O,,,1L:1L,2,0.06000600060006
281,4,2,1,1,1,:::1O,:2O,,,1L,2,0.06000600060006
282,1,3,0,1,1,,:1O:3O,,,1L,2,0.06000600060006
283,2,4,0,1,1,1O:1O,:::,,,1L,2,0.06000600060006
284,2,3,1,1,1,:,::2O,2O1S,,1L,2,0.06000600060006
285,1,2,2,1,1,,:2O,:1O,,1L,2,0.06000600060006
286,2,3,1,1,1,:1O,::3O,1O,,1L,2,0.06000600060006
287,4,1,0,1,1,:1O:1O:1O,2O,,,1L,2,0.06000600060006
288,1,5,0,1,1,1O,::::,,,1L,2,0.06000600060006
289,4,1,0,1,1,::1O:1O,,,,1L,2,0.06000600060006
290,4,1,0,1,1,::1O:1O,1O,,,1L,2,0.06000600060006
291,6,2,0,1,1,::1O:1O:1O:1O,:,,,1L,2,0.06000600060006
292,4,1,0,1,1,::1O:2O,2O,,,1L,2,0.06000600060006
293,3,2,1,1,1,:1O:2O,:,1O1S,,1L,2,0.06000600060006
294,3,2,0,1,1,:1O:2O,:3O,,,1L,2,0.06000600060006
295,1,2,0,1,1,,:3O,,,1L,2,0.06000600060006
296,3,2,0,1,1,::1O,2O:2O,,,1L,2,0.06000600060006
297,4,1,0,1,1,:::1O,,,,1L,2,0.06000600060006
298,6,1,1,1,1,::::1O:2O,,1O,,1L,2,0.06000600060006
299,3,2,1,1,2,1O:1O:1O,:3O,2O1S,,1L:1L,2,0.06000600060006
300,2,4,0,1,1,:1O,:::,,,1L,2,0.06000600060006
301,3,2,1,1,2,1O:1O:1O,:2O,1O,,1L:1L,2,0.06000600060006
302,3,2,0,1,1,1O:1O:1O,:2O,,,1L,2,0.06000600060006
303,3,1,0,1,2,1O:1O:1O,3O,,,1L:1L,2,0.06000600060006
304,3,2,0,1,2,::1O,3O:3O,,,1L:1L,2,0.06000600060006
305,1,3,1,1,1,,::2O,2O1S,,1L,2,0.06000600060006
306,3,1,1,2,2,:1O:1O,3O,1O,1S:1S:1S:1S:2S:2S:2S:3S,1L:1L,2,0.06000600060006
307,1,2,1,1,2,1O,2O:3O,2O,,1L:1L,2,0.06000600060006
308,1,2,1,1,2,1O,2O:3O,,,1L:1L,2,0.06000600060006
309,3,1,1,1,2,1O:1O:1O,3O,,,1L:1L,2,0.06000600060006
310,3,2,0,2,1,::1O,:,,1S:1S:1S:1S:2S:2S:2S:2S,1L,2,0.06000600060006
311,6,1,0,1,1,::::1O:1O,1O,,,1L,2,0.06000600060006
312,1,3,1,1,1,1O,:1O:3O,,,1L,2,0.06000600060006
313,3,2,0,2,1,::,1O:2O,,1S:1S:1S:2S:3S:3S:3S:3S,1L,2,0.06000600060006
314,1,3,1,1,1,,::3O,,,1L,2,0.06000600060006
315,3,1,1,1,2,:1O:1O,3O,1O,,1L:1L,2,0.06000600060006
316,3,2,0,1,1,1O:1O:1O,:1O,,,1L,2,0.06000600060006
317,4,2,0,1,1,::1O:1O,1O:3O,,,1L,2,0.06000600060006
318,4,2,0,1,1,:1O:1O:2O,:,,,1L,2,0.06000600060006
319,4,2,0,1,1,:1O:1O:1O,:3O,,,1L,2,0.06000600060006
320,4,1,1,2,2,:1O:1O:1O,2O,,1S:1S:1S:1S:2S:2S:2S:3S,1L:1L,2,0.06000600060006
321,3,2,0,2,1,:1O:1O,:1O,,1S:1S:1S:1S:2S:2S:2S:2S,1L,2,0.06000600060006
322,4,1,1,1,1,::1O:1O,,1O,,1L,2,0.06000600060006
323,4,1,1,1,1,::1O:1O,,2O1S,,1L,2,0.06000600060006
324,4,1,1,1,1,::1O:1O,3O,,,1L,2,0.06000600060006
325,3,2,0,2,1,:1O:1O,:,,1S:1S:1S:1S:2S:2S:2S:2S,1L,2,0.06000600060006
326,5,3,0,1,1,::::1O,::,,,1L,2,0.06000600060006
327,4,1,1,1,2,::1O:1O,3O,2O,,1L:1L,2,0.06000600060006
328,4,2,0,1,1,::1O:2O,:3O,,,1L,2,0.06000600060006
329,6,1,0,1,1,::::1O:1O,3O,,,1L,2,0.06000600060006
330,1,4,0,1,1,2O,:::3O,,,1L,2,0.06000600060006
331,3,1,0,2,1,:1O:1O,,,2S:2S:2S:2S:2S:2S:2S:2S,1L,2,0.06000600060006
332,4,2,0,2,1,:::1O,:2O,,1S:1S:1S:1S:2S:2S:2S:2S,1L,2,0.06000600060006
333,1,2,1,1,2,,2O:3O,1O,,1L:1L,2,0.06000600060006
334,6,1,0,1,1,:::::1O,3O,,,1L,2,0.06000600060006
335,4,2,0,2,1,::1O:1O,:,,1S:1S:1S:1S:2S:2S:2S:2S,1L,2,0.06000600060006
336,4,1,0,2,2,:1O:1O:1O,2O,,::1S:1S:2S:2S:2S:2S,1L:1L,2,0.06000600060006
337,3,2,0,2,2,:1O:1O,:3O,,2S:2S:3S:3S:3S:3S:3S:3S,1L:1L,2,0.06000600060006
338,5,2,1,1,1,::::1O,:3O,,,1L,2,0.06000600060006
339,3,1,0,2,2,:1O:1O,3O,,2S:2S:2S:2S:2S:2S:3S:3S,1L:1L,2,0.06000600060006
340,1,3,0,2,1,,::2O,,2S:2S:2S:3S:3S:4S:4S:4S,1L,2,0.06000600060006
341,4,2,0,1,1,:::2O,:2O,,,1L,2,0.06000600060006
342,3,2,0,2,2,1O:1O:1O,:3O,,1S:1S:1S:1S:2S:2S:2S:3S,1L:1L,2,0.06000600060006
343,3,2,0,2,2,1O:1O:1O,:2O,,1S:1S:1S:1S:2S:2S:2S:3S,1L:1L,2,0.06000600060006
344,1,2,1,1,2,1O,3O:3O,,,1L:1L,2,0.06000600060006
345,4,2,0,1,1,:::1O,:,,,1L,2,0.06000600060006
346,3,1,1,1,1,::,3O,1O,,1L,2,0.06000600060006
347,4,2,0,1,1,:::1O,1O:2O,,,1L,2,0.06000600060006
348,4,1,1,1,2,:1O:1O:2O,2O,1O,,1L:1L,2,0.06000600060006
349,3,3,1,1,1,::,::2O,1O,,1L,2,0.06000600060006
350,3,2,1,1,2,1O:1O:2O,:3O,2O,,1L:1L,2,0.06000600060006
351,0,5,0,1,1,,::::3O,,,1L,2,0.06000600060006
352,2,3,0,1,2,1O:1O,:3O:3O,,,1L:1L,2,0.06000600060006
353,2,2,0,2,1,:,:2O,,1S:1S:1S:2S:3S:3S:3S:3S,1L,2,0.06000600060006
354,2,3,0,1,1,:2O,:1O:3O,,,1L,2,0.06000600060006
355,3,3,0,2,1,::,::2O,,1S:1S:1S:2S:3S:3S:3S:3S,1L,2,0.06000600060006
356,2,3,0,1,1,:2O,::3O,,,1L,2,0.06000600060006
357,3,3,0,1,2,::1O,::2O,,,1L:1L,2,0.06000600060006
358,3,3,1,1,1,1O:1O:1O,::,1O,,1L,2,0.06000600060006
359,7,1,0,1,1,::1O:1O:1O:1O:1O,,,,1L,2,0.06000600060006
360,5,1,1,1,1,::1O:1O:1O,,2O1S,,1L,2,0.06000600060006
361,0,5,1,1,1,,::::2O,1O,,1L,2,0.06000600060006
362,2,2,1,1,1,:1O,:,,,1L,2,0.06000600060006
363,5,1,1,1,1,::1O:1O:1O,,,,1L,2,0.06000600060006
364,2,3,0,2,1,:,:1O:2O,,1S:1S:1S:2S:3S:3S:3S:3S,1L,2,0.06000600060006
365,2,2,0,1,1,:1O,:1O,,,1L,2,0.06000600060006
366,3,3,0,2,1,::1O,::2O,,1S:1S:1S:2S:3S:3S:3S:3S,1L,2,0.06000600060006
367,3,3,0,2,1,::1O,::1O,,2S:2S:2S:2S:2S:2S:2S:3S,1L,2,0.06000600060006
368,5,1,0,1,1,::1O:1O:2O,3O,,,1L,2,0.06000600060006
369,2,3,0,1,1,1O:1O,::,,,1L,2,0.06000600060006
370,3,3,0,2,2,:1O:1O,::,,1S:1S:1S:1S:2S:2S:2S:2S,1L:1L,2,0.06000600060006
371,3,3,0,1,1,::2O,::3O,,,1L,2,0.06000600060006
372,2,1,1,2,2,1O:1O,3O,1O,2S:2S:2S:2S:2S:2S:3S:3S,1L:1L,2,0.06000600060006
373,5,1,0,1,1,::1O:1O:1O,2O,,,1L,2,0.06000600060006
374,3,3,0,1,1,::2O,::2O,,,1L,2,0.06000600060006
375,2,2,0,1,2,1O:2O,2O:3O,,,1L:1L,2,0.06000600060006
376,5,2,0,1,1,1O:1O:1O:1O:1O,:,,,1L,2,0.06000600060006
377,2,1,1,2,2,1O:1O,3O,1O,1S:1S:1S:1S:1S:2S:2S:2S,1L:1L,2,0.06000600060006
378,2,2,1,1,2,1O:1O,2O:2O,,,1L:1L,2,0.06000600060006
379,3,3,0,1,1,::1O,::1O,,,1L,2,0.06000600060006
380,2,3,0,1,1,:1O,::,,,1L,2,0.06000600060006
381,5,1,0,1,1,::1O:1O:2O,2O,,,1L,2,0.06000600060006
382,2,3,0,1,1,:1O,::1O,,,1L,2,0.06000600060006
383,2,2,1,1,2,1O:1O,2O:2O,1O,,1L:1L,2,0.06000600060006
384,5,2,0,1,1,::1O:1O:1O,:3O,,,1L,2,0.06000600060006
385,0,3,1,1,1,,::3O,,,1L,2,0.06000600060006
386,5,1,0,1,1,:::1O:2O,2O,,,1L,2,0.06000600060006
387,2,3,0,2,1,:,::2O,,2S:2S:2S:3S:3S:4S:4S:4S,1L,2,0.06000600060006
388,4,3,0,1,1,:::1O,:1O:3O,,,1L,2,0.06000600060006
389,2,2,1,1,1,1O:1O,:3O,,,1L,2,0.06000600060006
390,2,2,1,1,2,:1O,3O:3O,,,1L:1L,2,0.06000600060006
391,3,4,0,1,1,:1O:2O,:::2O,,,1L,2,0.06000600060006
392,3,4,1,1,1,:1O:1O,:::,1O,,1L,2,0.06000600060006
393,3,4,1,1,1,:1O:1O,:::2O,,,1L,2,0.06000600060006
394,2,1,0,1,1,:1O,3O,,,1L,2,0.06000600060006
395,5,1,0,1,2,::1O:1O:1O,2O,,,1L:1L,2,0.06000600060006
396,2,2,0,2,1,:1O,:2O,,1S:1S:1S:2S:3S:3S:3S:3S,1L,2,0.06000600060006
397,5,0,0,1,1,::1O:1O:1O,,,,1L,2,0.06000600060006
398,5,0,0,1,1,:1O:1O:1O:1O,,,,1L,2,0.06000600060006
399,7,1,0,1,1,:::1O:1O:1O:1O,,,,1L,2,0.06000600060006
400,3,4,0,1,1,::,:::3O,,,1L,2,0.06000600060006
401,5,1,1,1,1,::::1O,,1O,,1L,2,0.06000600060006
402,3,3,1,1,1,::,::3O,1O,,1L,2,0.06000600060006
403,2,2,1,1,2,:1O,2O:2O,1O1S,,1L:1L,2,0.06000600060006
404,3,3,1,1,1,:1O:1O,::,2O,,1L,2,0.06000600060006
405,6,2,0,1,1,:::::1O,:2O,,,1L,2,0.06000600060006
406,5,2,0,1,1,::::,:3O,,,1L,2,0.06000600060006
407,3,3,1,1,1,1O:1O:2O,::1O,1O,,1L,2,0.06000600060006
408,5,1,0,1,1,::::,3O,,,1L,2,0.06000600060006
409,2,2,0,1,1,:,1O:3O,,,1L,2,0.06000600060006
410,3,3,0,2,1,::1O,::,,2S:2S:2S:3S:3S:3S:3S:3S,1L,2,0.06000600060006
411,3,3,1,1,1,::1O,::1O,,,1L,2,0.06000600060006
412,0,3,0,2,1,,::2O,,1S:1S:1S:2S:3S:3S:3S:3S,1L,2,0.06000600060006
413,3,3,0,1,1,1O:1O:2O,::,,,1L,2,0.06000600060006
414,2,1,0,2,2,1O:1O,3O,,2S:2S:3S:3S:3S:3S:3S:3S,1L:1L,2,0.06000600060006
415,3,3,0,1,1,1O:1O:1O,::3O,,,1L,2,0.06000600060006
416,4,3,0,2,1,:1O:1O:1O,::,,2S:2S:2S:2S:2S:2S:2S:2S,1L,2,0.06000600060006
417,0,3,0,1,1,,:1O:3O,,,1L,2,0.06000600060006
418,2,2,1,1,2,1O:1O,:3O,2O,,1L:1L,2,0.06000600060006
419,4,1,1,1,1,:1O:1O:1O,1O,,,1L,1,0.03000300030003
420,7,1,0,1,1,::::1O:1O:1O,,,,1L,1,0.03000300030003
421,3,4,0,1,1,1O:1O:1O,::1O:2O,,,1L,1,0.03000300030003
422,4,1,1,1,1,:1O:1O:1O,1O,1O,,1L,1,0.03000300030003
423,7,1,0,1,1,:::1O:1O:1O:1O,3O,,,1L,1,0.03000300030003
424,4,1,1,1,1,1O:1O:2O:2O,,1O,,1L,1,0.03000300030003
425,4,1,1,1,1,:1O:1O:1O,1O,2O,,1L,1,0.03000300030003
426,4,1,0,2,2,:::1O,2O,,1S:1S:1S:1S:2S:2S:2S:2S,1L:1L,1,0.03000300030003
427,3,4,1,2,1,::1O,:::,,1S:1S:1S:1S:2S:2S:2S:2S,1L,1,0.03000300030003
428,3,4,0,1,0,::1O,:::1O,,,,1,0.03000300030003
429,4,1,1,1,1,:::1O,3O,1N1O,,1L,1,0.03000300030003
430,3,3,1,1,1,::,::3O,1O1S,,1L,1,0.03000300030003
431,6,1,0,1,1,::1O:1O:2O:2O,,,,1L,1,0.03000300030003
432,3,3,1,1,1,::1O,:1O:3O,,,1L,1,0.03000300030003
433,8,1,0,1,1,::::1O:1O:1O:1O,,,,1L,1,0.03000300030003
434,7,2,0,1,1,::1O:1O:1O:1O:1O,:,,,1L,1,0.03000300030003
435,3,3,1,1,1,::1O,::,1O,,1L,1,0.03000300030003
436,6,1,0,1,1,:::1O:1O:1O,1O,,,1L,1,0.03000300030003
437,4,1,1,1,2,1O:1O:1O:1O,2O,1O1S,,1L:1L,1,0.03000300030003
438,4,1,1,1,1,:::1O,3O,1O,,1L,1,0.03000300030003
439,6,1,0,1,1,:::1O:1O:2O,1O,,,1L,1,0.03000300030003
440,6,1,0,1,1,:::1O:1O:2O,2O,,,1L,1,0.03000300030003
441,4,1,1,1,1,::1O:1O,,1N3O2S,,1L,1,0.03000300030003
442,4,1,1,1,1,:::1O,2O,1O,,1L,1,0.03000300030003
443,4,1,1,1,1,:::1O,2O,,,1L,1,0.03000300030003
444,4,1,1,1,1,:::,2O,1O,,1L,1,0.03000300030003
445,6,1,0,1,1,::::1O:1O,,,,1L,1,0.03000300030003
446,7,1,1,1,1,:::1O:1O:1O:1O,,1O,,1L,1,0.03000300030003
447,4,1,1,1,1,::2O:2O,1O,1O,,1L,1,0.03000300030003
448,4,1,1,1,1,::1O:1O,1O,2O1S,,1L,1,0.03000300030003
449,3,3,1,2,1,::1O,::,,1S:1S:1S:1S:2S:2S:2S:2S,1L,1,0.03000300030003
450,4,1,1,1,1,::1O:1O,,3O2S,,1L,1,0.03000300030003
451,3,4,0,1,0,::,:::1O,,,,1,0.03000300030003
452,3,4,0,1,1,:2O:2O,:::2O,,,1L,1,0.03000300030003
453,6,1,0,1,1,:::::1O,2O,,,1L,1,0.03000300030003
454,3,4,0,1,1,::,:::2O,,,1L,1,0.03000300030003
455,6,2,0,2,1,::::1O:1O,:2O,,1S:1S:1S:1S:2S:2S:2S:2S,1L,1,0.03000300030003
456,3,4,0,2,1,:1O:1O,:::,,2S:3S:3S:3S:3S:3S:4S:4S,1L,1,0.03000300030003
457,3,4,0,2,1,:1O:1O,:::,,2S:2S:2S:2S:2S:2S:2S:2S,1L,1,0.03000300030003
458,6,2,0,1,1,:::::1O,:3O,,,1L,1,0.03000300030003
459,6,1,1,1,1,::::1O:1O,,1O,,1L,1,0.03000300030003
460,4,1,0,1,2,1O:1O:1O:1O,2O,,,1L:1L,1,0.03000300030003
461,6,1,1,1,1,:::1O:1O:2O,,1O,,1L,1,0.03000300030003
462,6,1,1,1,1,:::1O:1O:2O,,,,1L,1,0.03000300030003
463,6,2,1,1,1,:::1O:1O:1O,:1O,2O,,1L,1,0.03000300030003
464,6,2,0,2,1,:::::1O,:2O,,1S:1S:1S:2S:3S:3S:3S:3S,1L,1,0.03000300030003
465,6,1,1,1,1,:::1O:1O:1O,,1O,,1L,1,0.03000300030003
466,6,2,1,1,1,::1O:1O:1O:1O,:,1O,,1L,1,0.03000300030003
467,6,1,1,1,1,:::1O:1O:1O,,,,1L,1,0.03000300030003
468,6,2,1,1,1,::1O:1O:1O:2O,:,1O,,1L,1,0.03000300030003
469,4,1,0,1,2,:1O:1O:1O,2O,,,1L:1L,1,0.03000300030003
470,3,4,0,2,1,::1O,:::,,1S:1S:1S:1S:2S:2S:2S:2S,1L,1,0.03000300030003
471,6,2,0,1,1,:1O:1O:1O:1O:1O,:,,,1L,1,0.03000300030003
472,3,4,0,2,1,::1O,:::,,2S:2S:2S:2S:2S:2S:2S:2S,1L,1,0.03000300030003
473,6,2,0,1,1,:::1O:1O:1O,:1O,,,1L,1,0.03000300030003
474,3,4,1,1,1,1O:1O:1O,:::,1O,,1L,1,0.03000300030003
475,4,1,0,1,1,:1O:1O:2O,2O,,,1L,1,0.03000300030003
476,4,1,0,1,1,:1O:1O:2O,,,,1L,1,0.03000300030003
477,4,1,0,1,1,:1O:1O:1O,3O,,,1L,1,0.03000300030003
478,3,4,1,1,1,::,:::3O,1O,,1L,1,0.03000300030003
479,6,2,0,1,1,::1O:1O:1O:2O,:,,,1L,1,0.03000300030003
480,4,1,0,1,1,1O:1O:1O:1O,1O,,,1L,1,0.03000300030003
481,4,0,1,1,1,::1O:2O,,,,1L,1,0.03000300030003
482,4,0,1,1,1,::1O:1O,,2O1S,,1L,1,0.03000300030003
483,3,5,0,1,1,::1O,::::3O,,,1L,1,0.03000300030003
484,3,5,0,1,1,:1O:1O,::::2O,,,1L,1,0.03000300030003
485,3,5,0,1,0,::1O,::::,,,,1,0.03000300030003
486,3,5,0,1,0,::,::::1O,,,,1,0.03000300030003
487,3,4,0,2,1,1O:1O:1O,:::,,2S:2S:2S:2S:2S:2S:2S:2S,1L,1,0.03000300030003
488,6,1,1,1,1,::1O:1O:1O:1O,,1O,,1L,1,0.03000300030003
489,4,1,0,2,2,::1O:1O,3O,,2S:2S:2S:2S:3S:3S:3S:3S,1L:1L,1,0.03000300030003
490,6,1,0,1,1,::::1O:2O,2O,,,1L,1,0.03000300030003
491,6,1,0,2,1,::1O:1O:1O:1O,,,2S:2S:2S:2S:2S:2S:2S:2S,1L,1,0.03000300030003
492,4,1,0,2,2,1O:1O:1O:2O,2O,,1S:1S:1S:1S:2S:2S:2S:3S,1L:1L,1,0.03000300030003
493,4,1,0,2,2,1O:1O:1O:2O,2O,,2S:2S:2S:2S:2S:2S:3S:3S,1L:1L,1,0.03000300030003
494,4,1,0,2,2,:1O:1O:1O,2O,,2S:2S:2S:2S:2S:2S:2S:3S,1L:1L,1,0.03000300030003
495,3,4,1,1,1,::1O,:::2O,,,1L,1,0.03000300030003
496,7,1,0,1,1,::1O:1O:1O:1O:2O,,,,1L,1,0.03000300030003
497,3,4,0,1,1,::1O,:::1O,,,1L,1,0.03000300030003
498,4,1,0,2,1,1O:1O:1O:1O,,,2S:2S:2S:2S:2S:2S:2S:2S,1L,1,0.03000300030003
499,4,1,0,2,2,:1O:1O:2O,3O,,1S:1S:1S:1S:2S:2S:2S:3S,1L:1L,1,0.03000300030003
500,3,4,0,1,1,::1O,:::,,,1L,1,0.03000300030003
501,4,1,0,2,2,::1O:1O,2O,,1S:1S:1S:1S:2S:2S:2S:2S,1L:1L,1,0.03000300030003
502,3,4,0,1,1,::1O,::1O:3O,,,1L,1,0.03000300030003
503,4,1,0,2,2,::1O:1O,2O,,2S:2S:2S:2S:2S:2S:2S:3S,1L:1L,1,0.03000300030003
504,4,1,0,2,2,::1O:1O,3O,,2S:2S:2S:2S:2S:2S:3S:3S,1L:1L,1,0.03000300030003
505,4,1,0,2,2,1O:1O:1O:1O,2O,,::1S:1S:2S:2S:2S:2S,1L:1L,1,0.03000300030003
506,6,1,0,2,2,::1O:1O:1O:1O,2O,,1S:1S:1S:1S:2S:2S:2S:3S,1L:1L,1,0.03000300030003
507,6,1,1,1,1,:1O:1O:1O:1O:1O,,,,1L,1,0.03000300030003
508,3,4,0,1,1,::2O,:::2O,,,1L,1,0.03000300030003
509,4,1,0,2,2,1O:1O:1O:1O,2O,,:1S:1S:2S:2S:2S:2S:3S,1L:1L,1,0.03000300030003
510,4,1,0,2,2,1O:1O:1O:1O,2O,,2S:2S:2S:2S:2S:2S:3S:3S,1L:1L,1,0.03000300030003
511,4,1,0,2,2,1O:1O:1O:1O,2O,,1S:1S:1S:1S:2S:2S:2S:3S,1L:1L,1,0.03000300030003
512,4,1,0,2,1,:::1O,2O,,1S:1S:1S:1S:2S:2S:2S:2S,1L,1,0.03000300030003
513,4,1,0,2,1,:::1O,,,2S:2S:2S:3S:3S:3S:4S:4S,1L,1,0.03000300030003
514,7,0,0,1,1,:::1O:1O:1O:1O,,,,1L,1,0.03000300030003
515,4,1,0,2,1,::1O:1O,2O,,1S:1S:1S:2S:3S:3S:3S:3S,1L,1,0.03000300030003
516,7,0,0,1,1,::1O:1O:1O:1O:1O,,,,1L,1,0.03000300030003
517,4,1,0,2,1,::1O:1O,1O,,2S:2S:2S:2S:2S:2S:2S:2S,1L,1,0.03000300030003
518,4,1,0,2,1,::1O:1O,,,2S:2S:2S:2S:2S:2S:3S:3S,1L,1,0.03000300030003
519,4,1,0,2,1,::1O:1O,,,1S:1S:1S:1S:2S:2S:2S:2S,1L,1,0.03000300030003
520,4,1,0,2,1,:1O:1O:2O,,,2S:2S:2S:2S:2S:2S:2S:3S,1L,1,0.03000300030003
521,6,2,1,1,1,::::1O:1O,:,1O1S,,1L,1,0.03000300030003
522,5,1,0,2,2,::1O:1O:1O,2O,,1S:1S:1S:1S:2S:2S:2S:3S,1L:1L,1,0.03000300030003
523,5,3,0,2,1,:::1O:1O,::,,1S:1S:1S:1S:2S:2S:2S:2S,1L,1,0.03000300030003
524,4,1,1,1,2,1O:1O:1O:1O,3O,1O,,1L:1L,1,0.03000300030003
525,5,2,0,1,1,:1O:1O:1O:1O,:1O,,,1L,1,0.03000300030003
526,5,2,0,1,1,::::2O,:2O,,,1L,1,0.03000300030003
527,4,3,0,1,2,::1O:1O,:2O:3O,,,1L:1L,1,0.03000300030003
528,4,3,0,1,2,:::1O,::,,,1L:1L,1,0.03000300030003
529,4,3,0,2,1,1O:1O:1O:1O,::,,1S:1S:1S:1S:2S:2S:2S:3S,1L,1,0.03000300030003
530,4,3,0,2,1,:1O:1O:2O,::1O,,1S:1S:1S:1S:2S:2S:2S:2S,1L,1,0.03000300030003
531,4,3,0,2,1,::1O:1O,::,,2S:2S:2S:2S:2S:2S:2S:2S,1L,1,0.03000300030003
532,4,3,0,2,1,:::,::2O,,2S:2S:2S:3S:3S:4S:4S:4S,1L,1,0.03000300030003
533,4,3,0,2,1,:::1O,::,,1S:1S:1S:1S:2S:2S:2S:2S,1L,1,0.03000300030003
534,4,3,0,2,1,:::1O,::,,2S:2S:2S:2S:2S:2S:2S:2S,1L,1,0.03000300030003
535,5,2,0,1,1,:::1O:2O,:2O,,,1L,1,0.03000300030003
536,4,3,0,2,1,:::1O,::2O,,1S:1S:1S:2S:3S:3S:3S:3S,1L,1,0.03000300030003
537,5,2,0,1,1,:::1O:1O,:1O,,,1L,1,0.03000300030003
538,4,3,1,1,1,:1O:1O:1O,::,,,1L,1,0.03000300030003
539,4,3,1,1,1,:1O:1O:1O,::,1O,,1L,1,0.03000300030003
540,4,3,1,1,1,:1O:1O:1O,::,2O1S,,1L,1,0.03000300030003
541,4,3,1,1,1,::1O:1O,::,,,1L,1,0.03000300030003
542,5,2,0,1,1,:::1O:1O,1O:3O,,,1L,1,0.03000300030003
543,5,2,0,1,1,::1O:1O:2O,:2O,,,1L,1,0.03000300030003
544,5,2,0,1,1,::1O:1O:2O,:,,,1L,1,0.03000300030003
545,5,2,0,1,2,:::1O:1O,:2O,,,1L:1L,1,0.03000300030003
546,4,3,0,1,1,:::1O,::1O,,,1L,1,0.03000300030003
547,4,3,0,1,1,:::,::3O,,,1L,1,0.03000300030003
548,4,3,0,1,1,:1O:1O:1O,::3O,,,1L,1,0.03000300030003
549,5,2,0,2,2,::1O:1O:1O,:2O,,2S:2S:2S:2S:2S:2S:3S:3S,1L:1L,1,0.03000300030003
550,4,2,1,2,2,::1O:1O,:3O,1O,1S:1S:1S:1S:2S:2S:2S:3S,1L:1L,1,0.03000300030003
551,4,2,2,1,1,:1O:1O:1O,:,:,,1L,1,0.03000300030003
552,4,2,2,1,1,::1O:2O,:,:1O,,1L,1,0.03000300030003
553,4,3,0,1,0,:::,::,,,,1,0.03000300030003
554,4,3,0,1,0,:::1O,::,,,,1,0.03000300030003
555,4,3,0,1,1,1O:1O:1O:1O,::,,,1L,1,0.03000300030003
556,4,3,0,1,1,1O:1O:1O:2O,::1O,,,1L,1,0.03000300030003
557,5,2,0,2,1,::::1O,:3O,,1S:1S:1S:1S:2S:2S:2S:2S,1L,1,0.03000300030003
558,4,3,0,1,1,::1O:2O,::3O,,,1L,1,0.03000300030003
559,4,3,0,1,1,::1O:1O,:1O:3O,,,1L,1,0.03000300030003
560,5,2,0,2,1,::::1O,:2O,,1S:1S:1S:2S:3S:3S:3S:3S,1L,1,0.03000300030003
561,4,3,0,1,1,::1O:1O,::,,,1L,1,0.03000300030003
562,4,3,0,1,1,::1O:1O,::1O,,,1L,1,0.03000300030003
563,5,2,0,2,1,:::1O:1O,:,,2S:3S:3S:3S:3S:3S:4S:4S,1L,1,0.03000300030003
564,5,2,0,2,1,:::1O:1O,:,,2S:2S:2S:3S:3S:3S:3S:3S,1L,1,0.03000300030003
565,5,2,0,2,1,:::1O:1O,:,,1S:1S:1S:1S:2S:2S:2S:2S,1L,1,0.03000300030003
566,4,3,0,1,1,::1O:2O,::2O,,,1L,1,0.03000300030003
567,5,2,0,1,1,::1O:1O:1O,:1O,,,1L,1,0.03000300030003
568,4,3,1,1,1,::1O:1O,::,1O1S,,1L,1,0.03000300030003
569,4,1,1,1,2,1O:1O:1O:2O,2O,1O1S,,1L:1L,1,0.03000300030003
570,4,3,1,1,1,::1O:1O,::2O,,,1L,1,0.03000300030003
571,5,1,0,1,1,::1O:1O:2O,,,,1L,1,0.03000300030003
572,5,1,1,1,1,:::1O:1O,,,,1L,1,0.03000300030003
573,5,1,1,1,1,::1O:1O:1O,2O,1O,,1L,1,0.03000300030003
574,5,1,0,1,1,:::1O:1O,,,,1L,1,0.03000300030003
575,5,1,0,1,1,:::1O:1O,1O,,,1L,1,0.03000300030003
576,5,1,1,1,1,::1O:1O:1O,,1O1S,,1L,1,0.03000300030003
577,5,1,1,1,1,:1O:1O:1O:1O,,1O1S,,1L,1,0.03000300030003
578,5,1,1,1,1,:1O:1O:1O:1O,,1O,,1L,1,0.03000300030003
579,5,1,1,1,1,:1O:1O:1O:1O,,,,1L,1,0.03000300030003
580,5,1,0,1,1,::::1O,,,,1L,1,0.03000300030003
581,5,1,0,2,2,::1O:1O:1O,3O,,1S:1S:1S:1S:2S:2S:2S:3S,1L:1L,1,0.03000300030003
582,5,1,0,1,2,1O:1O:1O:1O:1O,3O,,,1L:1L,1,0.03000300030003
583,5,1,0,2,1,::1O:1O:1O,,,1S:1S:1S:1S:2S:2S:2S:2S,1L,1,0.03000300030003
584,5,1,0,2,1,::1O:1O:1O,,,2S:2S:2S:2S:2S:2S:2S:2S,1L,1,0.03000300030003
585,5,1,0,2,1,:::1O:1O,,,2S:2S:2S:3S:3S:3S:3S:3S,1L,1,0.03000300030003
586,5,1,0,2,2,::1O:1O:1O,2O,,2S:2S:2S:2S:2S:2S:3S:3S,1L:1L,1,0.03000300030003
587,5,1,0,2,1,::::,2O,,1S:1S:1S:2S:3S:3S:3S:3S,1L,1,0.03000300030003
588,5,1,0,2,1,::::1O,2O,,1S:1S:1S:1S:2S:2S:2S:2S,1L,1,0.03000300030003
589,5,1,0,2,1,::::1O,2O,,1S:1S:1S:2S:3S:3S:3S:3S,1L,1,0.03000300030003
590,5,1,1,1,1,:::1O:1O,,2O,,1L,1,0.03000300030003
591,5,1,1,1,1,:::1O:1O,1O,1O1S,,1L,1,0.03000300030003
592,5,1,1,1,1,:::1O:2O,,1O,,1L,1,0.03000300030003
593,4,4,0,1,1,:1O:1O:1O,:::,,,1L,1,0.03000300030003
594,4,3,1,1,1,::1O:1O,::3O,1O,,1L,1,0.03000300030003
595,4,3,1,1,1,:::1O,::2O,,,1L,1,0.03000300030003
596,4,3,1,1,1,:::1O,::3O,,,1L,1,0.03000300030003
597,5,2,0,1,1,1O:1O:1O:1O:1O,1O:2O,,,1L,1,0.03000300030003
598,4,4,0,1,0,:::,:::1O,,,,1,0.03000300030003
599,5,1,1,2,2,::1O:1O:1O,2O,1O1S,1S:1S:1S:1S:2S:2S:2S:3S,1L:1L,1,0.03000300030003
600,5,1,1,1,2,:1O:1O:1O:2O,1O,1O,,1L:1L,1,0.03000300030003
601,4,4,0,1,1,1O:1O:1O:1O,:::,,,1L,1,0.03000300030003
602,4,4,0,1,1,:::1O,::1O:3O,,,1L,1,0.03000300030003
603,5,1,0,1,1,:1O:1O:1O:1O,3O,,,1L,1,0.03000300030003
604,5,1,1,1,1,::::1O,2O,,,1L,1,0.03000300030003
605,4,4,0,1,1,:::1O,:::3O,,,1L,1,0.03000300030003
606,4,4,0,2,1,:::1O,:::,,2S:2S:2S:2S:2S:2S:2S:2S,1L,1,0.03000300030003
607,4,4,1,1,0,:::1O,:::,,,,1,0.03000300030003
608,5,0,0,2,1,:::1O:2O,,,2S:2S:2S:3S:3S:3S:3S:3S,1L,1,0.03000300030003
609,5,0,1,1,1,:1O:1O:1O:1O,,,,1L,1,0.03000300030003
610,5,1,0,1,1,1O:1O:1O:1O:2O,,,,1L,1,0.03000300030003
611,5,1,0,1,1,:1O:1O:1O:1O,1O,,,1L,1,0.03000300030003
612,4,2,1,2,1,:::1O,:,1O1S,1S:1S:1S:1S:2S:2S:2S:2S,1L,1,0.03000300030003
613,4,2,1,1,2,:1O:1O:1O,:3O,1O,,1L:1L,1,0.03000300030003
614,5,2,0,2,2,::::2O,:3O,,1S:1S:1S:1S:2S:2S:2S:2S,1L:1L,1,0.03000300030003
615,4,2,1,1,2,:1O:1O:1O,:2O,1O,,1L:1L,1,0.03000300030003
616,4,2,0,1,1,:1O:1O:1O,1O:1O,,,1L,1,0.03000300030003
617,6,0,0,1,1,::1O:1O:1O:1O,,,,1L,1,0.03000300030003
618,4,2,0,1,1,:1O:1O:1O,:1O,,,1L,1,0.03000300030003
619,5,4,0,1,0,::::1O,:::1O,,,,1,0.03000300030003
620,5,3,1,1,1,:::1O:1O,::1O,1N1O1S,,1L,1,0.03000300030003
621,5,3,1,1,1,:::1O:1O,:1O:2O,1O,,1L,1,0.03000300030003
622,4,2,0,1,1,::1O:2O,:,,,1L,1,0.03000300030003
623,5,3,1,1,1,::1O:1O:1O,::,1O,,1L,1,0.03000300030003
624,5,1,0,2,2,::1O:1O:1O,2O,,1S:1S:1S:1S:2S:2S:2S:2S,1L:1L,1,0.03000300030003
625,5,3,0,2,1,::1O:1O:1O,::,,2S:2S:2S:2S:2S:2S:2S:2S,1L,1,0.03000300030003
626,4,2,0,1,1,::1O:2O,:2O,,,1L,1,0.03000300030003
627,5,3,0,1,1,:::1O:1O,::2O,,,1L,1,0.03000300030003
628,5,3,0,1,1,::1O:1O:2O,::2O,,,1L,1,0.03000300030003
629,5,3,0,1,1,:1O:1O:2O:2O,::,,,1L,1,0.03000300030003
630,5,3,0,1,1,:1O:1O:1O:1O,::,,,1L,1,0.03000300030003
631,4,2,0,1,1,:::1O,:1O,,,1L,1,0.03000300030003
632,5,3,0,1,0,::::1O,::,,,,1,0.03000300030003
633,5,2,2,1,1,::1O:1O:1O,:,:1O,,1L,1,0.03000300030003
634,5,2,1,2,1,::1O:1O:1O,:1O,1O,1S:1S:1S:1S:2S:2S:2S:2S,1L,1,0.03000300030003
635,4,2,0,1,1,1O:1O:1O:1O,:1O,,,1L,1,0.03000300030003
636,6,0,0,1,1,::1O:1O:1O:2O,,,,1L,1,0.03000300030003
637,4,2,0,1,1,1O:1O:1O:1O,:,,,1L,1,0.03000300030003
638,4,1,1,1,2,:1O:1O:1O,3O,2O1S,,1L:1L,1,0.03000300030003
639,6,1,0,1,1,:1O:1O:1O:1O:1O,,,,1L,1,0.03000300030003
640,6,1,0,1,0,:::::1O,,,,,1,0.03000300030003
641,6,0,1,1,1,::::1O:2O,,1O1S,,1L,1,0.03000300030003
642,6,0,1,1,1,::1O:1O:1O:1O,,1O,,1L,1,0.03000300030003
643,4,1,1,1,2,1O:1O:1O:2O,3O,1O,,1L:1L,1,0.03000300030003
644,6,0,1,1,1,::1O:1O:1O:1O,,,,1L,1,0.03000300030003
645,4,1,1,1,2,:1O:1O:1O,3O,1O1S,,1L:1L,1,0.03000300030003
646,4,1,1,1,2,:1O:1O:1O,3O,2O,,1L:1L,1,0.03000300030003
647,4,1,1,1,2,:1O:1O:2O,3O,,,1L:1L,1,0.03000300030003
648,4,2,0,1,0,:::,:1O,,,,1,0.03000300030003
649,4,1,1,1,2,:1O:1O:2O,3O,1O,,1L:1L,1,0.03000300030003
650,4,1,1,1,2,::1O:1O,3O,3O1S,,1L:1L,1,0.03000300030003
651,4,1,1,2,1,:1O:1O:1O,,2O1S,2S:2S:2S:2S:2S:2S:2S:2S,1L,1,0.03000300030003
652,6,0,0,1,1,:::1O:1O:1O,,,,1L,1,0.03000300030003
653,4,1,1,2,1,:::1O,,1O,2S:2S:2S:2S:2S:2S:2S:2S,1L,1,0.03000300030003
654,4,1,1,2,2,:1O:1O:1O,2O,1O,1S:1S:1S:1S:2S:2S:2S:3S,1L:1L,1,0.03000300030003
655,4,1,2,1,1,1O:1O:1O:1O,,:,,1L,1,0.03000300030003
656,4,1,2,1,2,:1O:1O:1O,2O,:2O,,1L:1L,1,0.03000300030003
657,4,2,0,1,2,1O:1O:1O:2O,:2O,,,1L:1L,1,0.03000300030003
658,4,2,0,1,2,:1O:1O:2O,:3O,,,1L:1L,1,0.03000300030003
659,4,2,0,1,2,:::1O,2O:3O,,,1L:1L,1,0.03000300030003
660,4,2,1,1,1,::1O:2O,:1O,1O,,1L,1,0.03000300030003
661,4,2,1,1,1,:1O:1O:1O,:1O,1O,,1L,1,0.03000300030003
662,4,2,1,1,1,:1O:1O:1O,:1O,1O1S,,1L,1,0.03000300030003
663,4,2,1,1,1,:1O:1O:2O,:,1O,,1L,1,0.03000300030003
664,5,2,1,1,1,:::1O:1O,1O:2O,,,1L,1,0.03000300030003
665,4,2,1,1,1,::1O:1O,:,,,1L,1,0.03000300030003
666,4,2,1,1,1,::1O:1O,:,2O1S,,1L,1,0.03000300030003
667,4,2,1,1,1,::1O:1O,:,3O1S,,1L,1,0.03000300030003
668,4,2,1,1,1,::1O:2O,:,,,1L,1,0.03000300030003
669,4,2,1,1,1,:::1O,:,,,1L,1,0.03000300030003
670,4,2,1,1,1,:1O:1O:1O,:,2O1S,,1L,1,0.03000300030003
671,4,2,1,1,1,:::1O,:,2O1S,,1L,1,0.03000300030003
672,4,2,1,1,1,:::1O,:1O,3O1S,,1L,1,0.03000300030003
673,4,2,1,1,1,:::1O,:2O,1O,,1L,1,0.03000300030003
674,5,2,1,1,1,::1O:1O:1O,:,1N2O2S,,1L,1,0.03000300030003
675,5,2,1,1,1,:1O:1O:1O:1O,:1O,1O,,1L,1,0.03000300030003
676,5,2,1,1,1,:1O:1O:1O:1O,:,1O,,1L,1,0.03000300030003
677,5,2,1,1,1,:1O:1O:1O:1O,:,,,1L,1,0.03000300030003
678,5,2,1,1,0,:::1O:2O,:,,,,1,0.03000300030003
679,4,2,1,1,1,:1O:1O:1O,:1O,,,1L,1,0.03000300030003
680,5,2,1,1,1,:::1O:1O,:,,,1L,1,0.03000300030003
681,4,2,0,2,1,:1O:1O:1O,:,,1S:1S:1S:1S:2S:2S:2S:2S,1L,1,0.03000300030003
682,4,2,0,2,1,:::,:3O,,1S:1S:1S:1S:2S:2S:2S:2S,1L,1,0.03000300030003
683,4,2,0,2,1,:1O:1O:2O,:,,1S:1S:1S:1S:2S:2S:2S:2S,1L,1,0.03000300030003
684,4,2,0,2,1,:1O:1O:2O,:1O,,2S:2S:2S:2S:2S:2S:2S:2S,1L,1,0.03000300030003
685,4,2,0,2,1,::1O:1O,:,,2S:2S:2S:2S:2S:2S:2S:2S,1L,1,0.03000300030003
686,4,2,0,2,1,::1O:1O,:,,2S:2S:2S:3S:3S:3S:3S:3S,1L,1,0.03000300030003
687,4,2,0,2,1,::1O:1O,:1O,,:1S:1S:1S:1S:2S:2S:2S,1L,1,0.03000300030003
688,4,2,0,2,1,::1O:1O,:2O,,1S:1S:1S:1S:2S:2S:2S:2S,1L,1,0.03000300030003
689,5,2,1,1,1,::::1O,:,2O1S,,1L,1,0.03000300030003
690,4,2,0,2,1,:::,:2O,,1S:1S:1S:2S:3S:3S:3S:3S,1L,1,0.03000300030003
691,4,2,0,2,1,:::1O,:,,2S:2S:2S:2S:2S:2S:3S:3S,1L,1,0.03000300030003
692,4,2,1,1,1,:1O:1O:1O,:,2O,,1L,1,0.03000300030003
693,4,2,0,2,1,:::1O,:2O,,1S:1S:1S:2S:2S:2S:2S:3S,1L,1,0.03000300030003
694,5,2,1,1,1,::::,:2O,1O,,1L,1,0.03000300030003
695,4,2,0,2,1,:::2O,:2O,,1S:1S:1S:1S:2S:2S:2S:2S,1L,1,0.03000300030003
696,5,2,1,1,1,::::,:,2O1S,,1L,1,0.03000300030003
697,5,2,1,1,1,:::1O:1O,:1O,2O1S,,1L,1,0.03000300030003
698,4,2,0,2,2,1O:1O:1O:1O,:2O,,2S:2S:2S:2S:2S:2S:3S:3S,1L:1L,1,0.03000300030003
699,5,2,1,1,1,:::1O:1O,:1O,2O,,1L,1,0.03000300030003
700,4,2,0,2,2,::1O:1O,:2O,,2S:2S:2S:2S:2S:2S:3S:3S,1L:1L,1,0.03000300030003
701,3,3,1,1,1,::,::2O,1O1S,,1L,1,0.03000300030003
702,3,2,0,2,2,:1O:1O,:2O,,1S:1S:1S:1S:2S:2S:2S:3S,1L:1L,1,0.03000300030003
703,3,3,1,1,1,::,::,2O,,1L,1,0.03000300030003
704,2,2,0,2,1,:,:3O,,1S:1S:1S:2S:3S:3S:3S:3S,1L,1,0.03000300030003
705,2,2,0,2,1,:1O,:2O,,1S:1S:1S:1S:2S:2S:2S:2S,1L,1,0.03000300030003
706,2,2,0,2,1,:1O,:2O,,2S:2S:2S:2S:2S:2S:2S:2S,1L,1,0.03000300030003
707,2,2,0,2,1,:1O,:2O,,2S:2S:2S:2S:3S:3S:4S:4S,1L,1,0.03000300030003
708,2,2,0,2,1,:1O,:3O,,1S:2S:2S:2S:2S:2S:3S:3S,1L,1,0.03000300030003
709,2,2,0,2,1,:2O,:,,2S:2S:2S:3S:3S:3S:3S:3S,1L,1,0.03000300030003
710,2,2,0,2,2,1O:1O,:2O,,1S:1S:1S:1S:2S:2S:2S:3S,1L:1L,1,0.03000300030003
711,2,2,0,2,2,1O:1O,:2O,,2S:2S:2S:2S:2S:3S:3S:4S,1L:1L,1,0.03000300030003
712,2,2,0,2,2,1O:1O,:3O,,2S:2S:2S:2S:2S:2S:2S:3S,1L:1L,1,0.03000300030003
713,2,2,0,2,2,:1O,:3O,,1S:1S:1S:1S:2S:2S:2S:3S,1L:1L,1,0.03000300030003
714,2,2,1,1,1,1O:1O,1O:2O,,,1L,1,0.03000300030003
715,2,2,1,1,1,1O:1O,:2O,,,1L,1,0.03000300030003
716,2,2,1,1,1,1O:2O,:1O,1O,,1L,1,0.03000300030003
717,2,2,1,1,1,:,1O:2O,1O,,1L,1,0.03000300030003
718,2,2,1,1,1,:,1O:3O,1O,,1L,1,0.03000300030003
719,2,2,1,1,1,:,:2O,1N2O1S,,1L,1,0.03000300030003
720,2,2,1,1,1,:,:2O,2O1S,,1L,1,0.03000300030003
721,2,2,1,1,1,:1O,1O:2O,,,1L,1,0.03000300030003
722,2,2,1,1,1,:1O,2O:2O,1O1S,,1L,1,0.03000300030003
723,2,2,1,1,1,:1O,:,1N,,1L,1,0.03000300030003
724,2,2,1,1,1,:1O,:,2O1S,,1L,1,0.03000300030003
725,2,2,1,1,1,:1O,:2O,1O,,1L,1,0.03000300030003
726,2,2,1,1,1,:2O,:2O,,,1L,1,0.03000300030003
727,2,2,1,1,2,1O:1O,2O:2O,1O1S,,1L:1L,1,0.03000300030003
728,2,2,0,2,1,:1O,1O:3O,,1S:1S:1S:1S:2S:2S:2S:2S,1L,1,0.03000300030003
729,2,2,0,2,1,:,:3O,,1S:1S:1S:1S:1S:2S:2S:2S,1L,1,0.03000300030003
730,2,2,1,1,2,1O:1O,:3O,1N2O2S,,1L:1L,1,0.03000300030003
731,2,2,0,2,1,:,:2O,,2S:2S:2S:3S:3S:4S:4S:4S,1L,1,0.03000300030003
732,2,1,1,1,2,1O:2O,3O,1N3O2S,,1L:1L,1,0.03000300030003
733,2,1,1,1,2,:1O,3O,1N3O1S,,1L:1L,1,0.03000300030003
734,2,1,1,2,2,1O:1O,2O,1N1O1S,1S:1S:1S:1S:2S:2S:2S:3S,1L:1L,1,0.03000300030003
735,2,1,1,2,2,1O:1O,2O,1O,1S:1S:1S:1S:2S:2S:2S:3S,1L:1L,1,0.03000300030003
736,2,1,1,2,2,1O:1O,2O,2O1S,1S:1S:1S:1S:2S:3S:3S:3S,1L:1L,1,0.03000300030003
737,2,1,1,2,2,1O:1O,3O,,1S:1S:1S:1S:2S:2S:2S:3S,1L:1L,1,0.03000300030003
738,2,1,1,2,2,1O:1O,3O,1N1O1S,1S:1S:1S:1S:2S:2S:2S:3S,1L:1L,1,0.03000300030003
739,2,1,1,2,2,1O:1O,3O,1O1S,2S:2S:2S:2S:2S:2S:3S:3S,1L:1L,1,0.03000300030003
740,2,1,1,2,2,1O:2O,3O,1O,1S:1S:1S:1S:2S:2S:2S:3S,1L:1L,1,0.03000300030003
741,2,1,1,2,2,1O:2O,3O,1O,2S:2S:2S:2S:2S:2S:3S:3S,1L:1L,1,0.03000300030003
742,2,1,1,2,2,2O:2O,3O,1O,1S:1S:1S:1S:2S:2S:2S:3S,1L:1L,1,0.03000300030003
743,2,1,1,2,2,:1O,3O,3O1S,1S:1S:1S:1S:2S:2S:2S:3S,1L:1L,1,0.03000300030003
744,2,1,2,1,2,1O:1O,3O,1O:1O,,1L:1L,1,0.03000300030003
745,2,1,2,1,2,1O:2O,3O,:1N2O2S,,1L:1L,1,0.03000300030003
746,2,2,0,1,1,:2O,1O:3O,,,1L,1,0.03000300030003
747,2,2,0,1,2,1O:1O,1O:2O,,,1L:1L,1,0.03000300030003
748,2,2,0,1,2,1O:1O,1O:3O,,,1L:1L,1,0.03000300030003
749,2,2,0,1,2,:,3O:3O,,,1L:1L,1,0.03000300030003
750,2,2,0,1,2,:2O,2O:3O,,,1L:1L,1,0.03000300030003
751,2,2,0,1,2,:2O,3O:3O,,,1L:1L,1,0.03000300030003
752,2,2,0,2,1,1O:1O,:,,2S:2S:2S:3S:3S:3S:3S:3S,1L,1,0.03000300030003
753,2,2,0,2,1,:,:2O,,1S:1S:2S:2S:2S:2S:3S:3S,1L,1,0.03000300030003
754,2,2,0,2,1,:,:2O,,2S:2S:2S:3S:3S:3S:3S:3S,1L,1,0.03000300030003
755,2,2,1,1,2,1O:1O,3O:3O,,,1L:1L,1,0.03000300030003
756,2,2,1,1,2,1O:1O,:3O,1O1S,,1L:1L,1,0.03000300030003
757,2,1,1,1,2,1O:1O,3O,1O,,1L:1L,1,0.03000300030003
758,2,3,0,1,2,:1O,:1O:3O,,,1L:1L,1,0.03000300030003
759,2,3,0,2,1,:,::2O,,2S:2S:2S:2S:2S:2S:2S:2S,1L,1,0.03000300030003
760,2,3,0,2,1,:1O,:1O:1O,,2S:2S:2S:2S:2S:2S:2S:2S,1L,1,0.03000300030003
761,2,3,0,2,1,:1O,:1O:2O,,1S:2S:2S:2S:2S:2S:2S:3S,1L,1,0.03000300030003
762,2,3,0,2,1,:1O,::,,2S:2S:2S:2S:2S:2S:2S:3S,1L,1,0.03000300030003
763,2,3,0,2,1,:1O,::,,2S:2S:2S:3S:3S:3S:4S:4S,1L,1,0.03000300030003
764,2,3,0,2,1,:1O,::1O,,2S:2S:2S:3S:3S:3S:4S:4S,1L,1,0.03000300030003
765,2,3,0,2,1,:1O,::2O,,1S:1S:2S:3S:4S:4S:4S:4S,1L,1,0.03000300030003
766,2,3,0,2,1,:1O,::2O,,1S:2S:2S:2S:2S:2S:2S:2S,1L,1,0.03000300030003
767,2,3,0,2,1,:1O,::3O,,2S:2S:2S:2S:2S:2S:2S:2S,1L,1,0.03000300030003
768,2,3,0,2,1,:1O,::3O,,:1S:1S:1S:2S:2S:2S:2S,1L,1,0.03000300030003
769,2,3,0,2,2,1O:1O,::2O,,1S:1S:1S:1S:2S:2S:2S:3S,1L:1L,1,0.03000300030003
770,2,3,0,2,2,1O:1O,::3O,,1S:1S:1S:1S:2S:2S:2S:3S,1L:1L,1,0.03000300030003
771,2,3,1,1,1,1O:1O,:1O:1O,3O1S,,1L,1,0.03000300030003
772,2,3,1,1,1,1O:1O,::,2O,,1L,1,0.03000300030003
773,2,3,1,1,1,1O:1O,::1O,1O,,1L,1,0.03000300030003
774,2,3,1,1,1,1O:1O,::2O,,,1L,1,0.03000300030003
775,2,3,1,1,1,1O:1O,::3O,,,1L,1,0.03000300030003
776,2,3,1,1,1,1O:2O,::1O,1O,,1L,1,0.03000300030003
777,2,3,1,1,1,:,1O:1O:2O,1O,,1L,1,0.03000300030003
778,2,3,1,1,1,:,:1O:2O,,,1L,1,0.03000300030003
779,2,3,1,1,1,:,:1O:3O,1N1O1S,,1L,1,0.03000300030003
780,2,3,1,1,1,:,::3O,1O1S,,1L,1,0.03000300030003
781,2,3,1,1,1,:1O,:1O:3O,,,1L,1,0.03000300030003
782,2,3,0,2,1,:,:1O:2O,,1S:1S:1S:1S:2S:2S:2S:2S,1L,1,0.03000300030003
783,2,3,0,1,2,1O:2O,:2O:3O,,,1L:1L,1,0.03000300030003
784,2,2,1,1,2,1O:1O,:3O,2O1S,,1L:1L,1,0.03000300030003
785,2,3,0,1,2,1O:2O,:2O:2O,,,1L:1L,1,0.03000300030003
786,2,2,1,1,2,1O:2O,2O:2O,1O1S,,1L:1L,1,0.03000300030003
787,2,2,1,1,2,:,2O:3O,1O,,1L:1L,1,0.03000300030003
788,2,2,1,1,2,:,3O:3O,2O,,1L:1L,1,0.03000300030003
789,2,2,1,1,2,:1O,2O:3O,1O1S,,1L:1L,1,0.03000300030003
790,2,2,1,1,2,:1O,2O:3O,2O,,1L:1L,1,0.03000300030003
791,2,2,1,1,2,:1O,2O:3O,2O1S,,1L:1L,1,0.03000300030003
792,2,2,1,1,2,:1O,3O:3O,1O,,1L:1L,1,0.03000300030003
793,2,2,1,2,1,1O:1O,:1O,2O,2S:2S:2S:2S:2S:2S:3S:3S,1L,1,0.03000300030003
794,2,2,1,2,1,:1O,:,,2S:2S:2S:2S:2S:2S:2S:2S,1L,1,0.03000300030003
795,2,2,1,2,2,1O:1O,:2O,1O,1S:1S:1S:1S:2S:2S:2S:3S,1L:1L,1,0.03000300030003
796,2,2,1,2,2,1O:1O,:3O,,1S:1S:1S:1S:2S:2S:2S:3S,1L:1L,1,0.03000300030003
797,2,2,1,2,2,1O:1O,:3O,2O,1S:1S:1S:1S:2S:2S:2S:3S,1L:1L,1,0.03000300030003
798,2,2,2,1,1,1O:1O,:1O,1O:1O,,1L,1,0.03000300030003
799,2,2,2,1,1,:1O,:1O,:1O,,1L,1,0.03000300030003
800,2,2,2,2,2,:1O,:2O,:2O,1S:1S:1S:1S:2S:2S:2S:3S,1L:1L,1,0.03000300030003
801,2,3,0,1,0,:1O,::,,,,1,0.03000300030003
802,2,3,0,1,1,1O:1O,::1O,,,1L,1,0.03000300030003
803,2,3,0,1,1,1O:2O,::1O,,,1L,1,0.03000300030003
804,2,3,0,1,1,1O:2O,::2O,,,1L,1,0.03000300030003
805,2,3,0,1,1,:,::2O,,,1L,1,0.03000300030003
806,2,3,0,1,1,:1O,1O:1O:3O,,,1L,1,0.03000300030003
807,2,3,0,1,1,:1O,:1O:1O,,,1L,1,0.03000300030003
808,2,3,0,1,1,:2O,:1O:2O,,,1L,1,0.03000300030003
809,2,1,1,1,2,1O:1O,3O,1O1S,,1L:1L,1,0.03000300030003
810,2,1,1,1,2,1O:1O,3O,1N2O2S,,1L:1L,1,0.03000300030003
811,2,3,1,1,1,:1O,::1O,3O1S,,1L,1,0.03000300030003
812,1,2,0,2,1,,:3O,,2S:2S:2S:3S:3S:4S:4S:4S,1L,1,0.03000300030003
813,1,2,1,1,1,,:,1O1S,,1L,1,0.03000300030003
814,1,2,1,1,1,,:3O,,,1L,1,0.03000300030003
815,1,2,1,1,1,,:3O,1O,,1L,1,0.03000300030003
816,1,2,1,1,1,1O,1O:2O,1O,,1L,1,0.03000300030003
817,1,2,1,1,1,1O,:3O,,,1L,1,0.03000300030003
818,1,2,1,1,1,1O,:3O,1O,,1L,1,0.03000300030003
819,1,2,1,1,2,,1O:3O,2O1S,,1L:1L,1,0.03000300030003
820,1,2,1,1,2,,3O:3O,1O,,1L:1L,1,0.03000300030003
821,1,2,1,1,2,1O,2O:2O,1N2O1S,,1L:1L,1,0.03000300030003
822,1,2,1,1,2,1O,2O:2O,1O,,1L:1L,1,0.03000300030003
823,1,2,1,1,2,1O,2O:2O,2O,,1L:1L,1,0.03000300030003
824,1,2,1,1,2,1O,2O:3O,1N1O1S,,1L:1L,1,0.03000300030003
825,1,2,1,1,2,1O,2O:3O,1N3O1S,,1L:1L,1,0.03000300030003
826,1,2,1,1,2,1O,3O:3O,2O1S,,1L:1L,1,0.03000300030003
827,1,2,1,1,2,2O,2O:3O,,,1L:1L,1,0.03000300030003
828,1,2,1,2,1,,:,1O,1S:1S:1S:1S:2S:2S:2S:2S,1L,1,0.03000300030003
829,1,2,1,2,1,1O,:1O,1O,2S:2S:2S:2S:2S:2S:2S:2S,1L,1,0.03000300030003
830,1,2,1,2,2,1O,:3O,2O1S,1S:1S:1S:1S:2S:2S:2S:3S,1L:1L,1,0.03000300030003
831,1,2,1,2,2,2O,:3O,1O,1S:1S:1S:1S:2S:2S:2S:3S,1L:1L,1,0.03000300030003
832,1,2,2,2,2,1O,:2O,:1O,1S:1S:1S:1S:2S:2S:2S:3S,1L:1L,1,0.03000300030003
833,1,3,0,1,1,1O,:1O:2O,,,1L,1,0.03000300030003
834,1,3,0,1,1,1O,:2O:2O,,,1L,1,0.03000300030003
835,1,3,0,1,2,1O,1O:2O:2O,,,1L:1L,1,0.03000300030003
836,1,2,0,2,1,1O,:2O,,1S:1S:1S:2S:3S:3S:3S:3S,1L,1,0.03000300030003
837,1,2,0,2,1,,1O:2O,,2S:2S:2S:3S:3S:4S:4S:4S,1L,1,0.03000300030003
838,1,3,0,2,1,,:1O:2O,,1S:1S:1S:1S:2S:2S:2S:2S,1L,1,0.03000300030003
839,1,2,0,2,1,,1O:2O,,1S:1S:1S:2S:3S:3S:3S:3S,1L,1,0.03000300030003
840,0,2,1,1,2,,3O:3O,,,1L:1L,1,0.03000300030003
841,0,2,1,1,2,,3O:3O,1O1S,,1L:1L,1,0.03000300030003
842,0,3,1,1,1,,::3O,1O,,1L,1,0.03000300030003
843,0,3,1,1,2,,:3O:3O,2O,,1L:1L,1,0.03000300030003
844,0,4,0,1,1,,::1O:3O,,,1L,1,0.03000300030003
845,0,4,0,2,1,,::1O:2O,,1S:1S:1S:2S:3S:3S:3S:3S,1L,1,0.03000300030003
846,0,4,0,2,1,,:::2O,,1S:1S:1S:2S:3S:3S:3S:3S,1L,1,0.03000300030003
847,0,4,0,2,1,,:::3O,,1S:1S:1S:2S:3S:3S:3S:3S,1L,1,0.03000300030003
848,0,4,1,1,1,,:::3O,,,1L,1,0.03000300030003
849,0,4,1,1,1,,:::3O,1O,,1L,1,0.03000300030003
850,0,4,2,1,1,,::1O:2O,:1O,,1L,1,0.03000300030003
851,0,5,0,1,1,,:::1O:3O,,,1L,1,0.03000300030003
852,0,5,0,2,1,,::::2O,,1S:1S:1S:2S:3S:3S:3S:3S,1L,1,0.03000300030003
853,0,5,0,2,1,,::::2O,,2S:2S:2S:3S:3S:4S:4S:4S,1L,1,0.03000300030003
854,0,5,1,1,1,,::::3O,,,1L,1,0.03000300030003
855,0,5,1,1,1,,::::3O,1O,,1L,1,0.03000300030003
856,1,1,0,1,1,1O,3O,,,1L,1,0.03000300030003
857,1,1,1,1,2,1O,3O,1O1S,,1L:1L,1,0.03000300030003
858,1,1,1,2,2,1O,3O,1O,1S:1S:1S:1S:2S:2S:2S:3S,1L:1L,1,0.03000300030003
859,1,1,1,2,2,1O,3O,1O,2S:2S:2S:2S:2S:2S:2S:3S,1L:1L,1,0.03000300030003
860,1,1,1,2,2,1O,3O,1O,2S:2S:3S:3S:3S:3S:3S:3S,1L:1L,1,0.03000300030003
861,1,1,1,2,2,1O,3O,1O1S,1S:1S:1S:1S:2S:2S:2S:3S,1L:1L,1,0.03000300030003
862,1,2,0,1,2,2O,2O:3O,,,1L:1L,1,0.03000300030003
863,1,3,0,1,2,2O,:2O:3O,,,1L:1L,1,0.03000300030003
864,1,3,0,2,1,,::3O,,1S:1S:1S:1S:1S:2S:2S:2S,1L,1,0.03000300030003
865,2,1,1,1,2,1O:1O,3O,1N1O,,1L:1L,1,0.03000300030003
866,1,4,0,2,1,2O,::1O:2O,,1S:1S:1S:2S:2S:2S:2S:2S,1L,1,0.03000300030003
867,1,4,1,1,1,,:::2O,1O,,1L,1,0.03000300030003
868,1,4,1,1,1,,:::2O,2O,,1L,1,0.03000300030003
869,1,4,1,1,1,,:::3O,2O1S,,1L,1,0.03000300030003
870,1,4,1,1,1,1O,:::3O,,,1L,1,0.03000300030003
871,1,4,1,1,1,1O,:::3O,1O,,1L,1,0.03000300030003
872,1,4,1,1,2,1O,::2O:2O,2O,,1L:1L,1,0.03000300030003
873,1,4,1,2,1,1O,:::,1O,2S:2S:2S:2S:2S:2S:2S:2S,1L,1,0.03000300030003
874,1,5,0,1,0,,::::,,,,1,0.03000300030003
875,1,5,0,1,0,,::::1O,,,,1,0.03000300030003
876,1,5,0,1,1,1O,:::1O:3O,,,1L,1,0.03000300030003
877,1,5,0,2,1,,::::2O,,1S:1S:1S:2S:3S:3S:3S:3S,1L,1,0.03000300030003
878,1,5,1,1,1,1O,:::1O:3O,,,1L,1,0.03000300030003
879,1,5,1,1,1,1O,::::2O,,,1L,1,0.03000300030003
880,1,5,1,2,1,,::::2O,,1S:1S:1S:2S:3S:3S:3S:3S,1L,1,0.03000300030003
881,1,6,1,2,1,1O,:::::,2O1S,1S:1S:1S:1S:2S:2S:2S:2S,1L,1,0.03000300030003
882,2,1,0,1,1,:1O,,,,1L,1,0.03000300030003
883,2,1,0,2,2,1O:1O,3O,,1S:1S:1S:1S:2S:2S:2S:3S,1L:1L,1,0.03000300030003
884,2,1,0,2,2,1O:1O,3O,,2S:2S:2S:2S:2S:2S:3S:3S,1L:1L,1,0.03000300030003
885,2,1,0,2,2,1O:2O,3O,,2S:2S:2S:2S:2S:2S:2S:3S,1L:1L,1,0.03000300030003
886,2,1,1,1,1,:,,2O1S,,1L,1,0.03000300030003
887,2,1,1,1,1,:,2O,1O,,1L,1,0.03000300030003
888,2,1,1,1,1,:,3O,1O,,1L,1,0.03000300030003
889,2,1,1,1,1,:1O,3O,1O,,1L,1,0.03000300030003
890,1,4,1,1,1,,::1O:2O,1O,,1L,1,0.03000300030003
891,1,4,0,2,1,,:::3O,,1S:1S:1S:2S:3S:3S:3S:3S,1L,1,0.03000300030003
892,1,3,0,2,1,,::3O,,1S:1S:1S:2S:3S:3S:3S:3S,1L,1,0.03000300030003
893,1,4,0,2,1,,::1O:2O,,2S:2S:2S:3S:3S:4S:4S:4S,1L,1,0.03000300030003
894,1,3,0,2,1,1O,::1O,,2S:2S:2S:3S:3S:3S:4S:4S,1L,1,0.03000300030003
895,1,3,0,2,1,2O,::,,1S:1S:1S:1S:2S:2S:2S:2S,1L,1,0.03000300030003
896,1,3,0,2,2,1O,::3O,,1S:1S:1S:1S:2S:2S:2S:3S,1L:1L,1,0.03000300030003
897,1,3,1,1,1,,:1O:3O,,,1L,1,0.03000300030003
898,1,3,1,1,1,1O,:1O:1O,,,1L,1,0.03000300030003
899,1,3,1,1,1,1O,:1O:2O,,,1L,1,0.03000300030003
900,1,3,1,1,1,1O,::2O,1N1O1S,,1L,1,0.03000300030003
901,1,3,1,1,1,1O,::2O,1O,,1L,1,0.03000300030003
902,1,3,1,1,1,1O,::3O,,,1L,1,0.03000300030003
903,1,3,1,1,2,,:2O:3O,1O,,1L:1L,1,0.03000300030003
904,1,3,1,1,2,1O,:2O:2O,2O,,1L:1L,1,0.03000300030003
905,1,3,1,1,2,1O,:2O:3O,1N1O1S,,1L:1L,1,0.03000300030003
906,1,3,1,1,2,2O,:2O:2O,1O,,1L:1L,1,0.03000300030003
907,1,3,1,2,1,,::,1O,2S:2S:2S:3S:3S:3S:3S:3S,1L,1,0.03000300030003
908,1,3,1,2,1,1O,::,,2S:2S:2S:2S:2S:2S:3S:3S,1L,1,0.03000300030003
909,1,3,1,2,2,1O,::2O,,1S:1S:1S:1S:2S:2S:2S:3S,1L:1L,1,0.03000300030003
910,1,3,2,1,1,,::2O,:1O,,1L,1,0.03000300030003
911,1,4,0,1,0,,:::1O,,,,1,0.03000300030003
912,1,4,0,1,1,1O,:::,,,1L,1,0.03000300030003
913,1,4,0,1,1,1O,:::1O,,,1L,1,0.03000300030003
914,1,4,0,1,1,2O,:::2O,,,1L,1,0.03000300030003
915,1,4,0,1,2,1O,::1O:2O,,,1L:1L,1,0.03000300030003
916,1,4,0,2,1,,::1O:2O,,1S:1S:1S:2S:3S:3S:3S:3S,1L,1,0.03000300030003
917,2,3,1,1,1,:1O,:1O:3O,1O,,1L,1,0.03000300030003
918,2,3,1,1,2,1O:1O,::3O,2O1S,,1L:1L,1,0.03000300030003
919,3,3,1,1,1,:1O:2O,::2O,,,1L,1,0.03000300030003
920,3,2,1,1,1,1O:1O:2O,:2O,,,1L,1,0.03000300030003
921,3,2,1,1,1,:1O:1O,:,2O,,1L,1,0.03000300030003
922,3,2,1,1,1,:1O:1O,:1O,1O,,1L,1,0.03000300030003
923,3,2,1,1,1,:1O:1O,:3O,,,1L,1,0.03000300030003
924,3,2,1,1,1,:1O:1O,:3O,1O,,1L,1,0.03000300030003
925,3,2,1,1,1,:1O:2O,:2O,1O,,1L,1,0.03000300030003
926,3,2,1,1,1,::,1O:2O,1O,,1L,1,0.03000300030003
927,3,2,1,1,1,::,1O:3O,1O,,1L,1,0.03000300030003
928,3,2,1,1,1,::,:,1N3O2S,,1L,1,0.03000300030003
929,3,2,1,1,1,::1O,1O:2O,,,1L,1,0.03000300030003
930,3,2,1,1,1,::1O,1O:2O,1O1S,,1L,1,0.03000300030003
931,3,2,1,1,1,::1O,1O:3O,,,1L,1,0.03000300030003
932,3,2,1,1,1,::1O,1O:3O,1O,,1L,1,0.03000300030003
933,3,2,1,1,1,::1O,:,1O,,1L,1,0.03000300030003
934,3,2,1,1,1,::1O,:1O,1O,,1L,1,0.03000300030003
935,3,2,1,1,1,::1O,:2O,1O,,1L,1,0.03000300030003
936,3,2,1,1,1,::2O,:3O,1O,,1L,1,0.03000300030003
937,3,2,1,1,2,1O:1O:1O,:2O,1N2O1S,,1L:1L,1,0.03000300030003
938,3,2,1,1,2,1O:1O:1O,:3O,1O1S,,1L:1L,1,0.03000300030003
939,3,2,1,1,2,1O:1O:1O,:3O,2O,,1L:1L,1,0.03000300030003
940,3,2,1,1,2,1O:1O:2O,:2O,1O,,1L:1L,1,0.03000300030003
941,3,2,1,1,2,1O:1O:2O,:2O,2O,,1L:1L,1,0.03000300030003
942,3,2,1,1,2,1O:1O:2O,:3O,1O,,1L:1L,1,0.03000300030003
943,3,2,1,1,2,:1O:1O,:3O,1O,,1L:1L,1,0.03000300030003
944,3,2,1,1,1,1O:2O:2O,:,2O1S,,1L,1,0.03000300030003
945,3,2,1,1,1,1O:1O:2O,:,2O,,1L,1,0.03000300030003
946,3,2,1,2,1,:1O:1O,:,,1S:1S:1S:1S:2S:2S:2S:2S,1L,1,0.03000300030003
947,3,2,1,1,1,1O:1O:1O,:1O,1O1S,,1L,1,0.03000300030003
948,3,2,0,1,2,1O:1O:1O,:1O,,,1L:1L,1,0.03000300030003
949,3,2,0,1,2,1O:1O:1O,:3O,,,1L:1L,1,0.03000300030003
950,3,2,0,1,2,:1O:1O,:1O,,,1L:1L,1,0.03000300030003
951,3,2,0,1,2,:1O:2O,2O:3O,,,1L:1L,1,0.03000300030003
952,3,2,0,1,2,::1O,1O:3O,,,1L:1L,1,0.03000300030003
953,3,2,0,2,1,1O:1O:1O,1O:1O,,1S:1S:1S:1S:2S:2S:2S:2S,1L,1,0.03000300030003
954,3,2,0,2,1,:1O:1O,:,,1S:1S:1S:1S:2S:2S:2S:3S,1L,1,0.03000300030003
955,3,2,0,2,1,:1O:1O,:,,2S:2S:2S:2S:2S:2S:2S:2S,1L,1,0.03000300030003
956,3,2,0,2,1,:1O:1O,:2O,,1S:1S:1S:1S:2S:2S:2S:2S,1L,1,0.03000300030003
957,3,2,0,2,1,:1O:1O,:2O,,2S:2S:2S:3S:3S:4S:4S:4S,1L,1,0.03000300030003
958,3,2,0,2,1,:1O:2O,:,,1S:1S:1S:1S:2S:2S:2S:2S,1L,1,0.03000300030003
959,3,2,0,2,1,::,:2O,,1S:1S:1S:1S:2S:2S:2S:2S,1L,1,0.03000300030003
960,3,2,0,2,1,::1O,:,,1S:2S:2S:2S:3S:3S:3S:4S,1L,1,0.03000300030003
961,3,2,0,2,1,::1O,:,,2S:2S:2S:2S:2S:2S:3S:3S,1L,1,0.03000300030003
962,3,2,0,2,1,::1O,:2O,,2S:2S:2S:3S:3S:4S:4S:4S,1L,1,0.03000300030003
963,3,2,0,2,1,::2O,:2O,,1S:1S:1S:2S:3S:3S:3S:3S,1L,1,0.03000300030003
964,3,2,0,2,2,1O:1O:1O,:2O,,2S:2S:2S:2S:2S:2S:3S:3S,1L:1L,1,0.03000300030003
965,3,2,0,2,2,1O:1O:2O,:3O,,1S:1S:1S:1S:2S:2S:2S:3S,1L:1L,1,0.03000300030003
966,0,2,1,1,1,,:3O,1O,,1L,1,0.03000300030003
967,3,2,0,2,2,:1O:1O,:3O,,1S:1S:1S:1S:2S:2S:2S:3S,1L:1L,1,0.03000300030003
968,3,2,0,2,2,:1O:1O,:3O,,2S:2S:2S:2S:3S:3S:3S:3S,1L:1L,1,0.03000300030003
969,3,2,1,1,1,1O:1O:1O,:,1O1S,,1L,1,0.03000300030003
970,3,2,1,1,1,1O:1O:1O,:1O,1O,,1L,1,0.03000300030003
971,3,2,1,1,2,:1O:2O,:3O,3O2S,,1L:1L,1,0.03000300030003
972,3,2,1,2,1,:1O:1O,:,,2S:2S:2S:2S:2S:2S:2S:3S,1L,1,0.03000300030003
973,3,2,0,1,2,1O:1O:1O,2O:2O,,,1L:1L,1,0.03000300030003
974,3,3,0,2,1,:1O:1O,::,,1S:1S:1S:1S:2S:2S:2S:2S,1L,1,0.03000300030003
975,3,3,0,2,1,:1O:1O,::,,2S:2S:2S:2S:2S:2S:2S:3S,1L,1,0.03000300030003
976,3,3,0,2,1,:1O:1O,::1O,,1S:1S:1S:1S:2S:2S:2S:2S,1L,1,0.03000300030003
977,3,3,0,2,1,:1O:1O,::1O,,2S:2S:2S:2S:2S:2S:2S:3S,1L,1,0.03000300030003
978,3,3,0,2,1,:1O:2O,::,,2S:2S:2S:2S:2S:2S:2S:2S,1L,1,0.03000300030003
979,3,3,0,2,1,::,:1O:3O,,1S:1S:1S:1S:2S:2S:2S:2S,1L,1,0.03000300030003
980,3,3,0,2,1,::1O,::,,1S:1S:1S:1S:2S:2S:2S:2S,1L,1,0.03000300030003
981,3,3,0,2,1,::1O,::,,2S:2S:2S:2S:2S:3S:3S:3S,1L,1,0.03000300030003
982,3,3,0,2,1,::1O,::,,2S:2S:2S:3S:3S:3S:4S:5S,1L,1,0.03000300030003
983,3,3,0,2,1,::1O,::1O,,2S:2S:2S:2S:2S:2S:2S:2S,1L,1,0.03000300030003
984,3,3,0,2,1,::1O,::2O,,1S:1S:1S:1S:2S:2S:3S:3S,1L,1,0.03000300030003
985,3,3,0,2,1,::1O,::2O,,:1S:1S:1S:2S:2S:2S:2S,1L,1,0.03000300030003
986,3,3,0,2,2,:1O:1O,::2O,,2S:2S:2S:2S:2S:2S:3S:3S,1L:1L,1,0.03000300030003
987,3,3,1,1,0,::1O,::,,,,1,0.03000300030003
988,3,3,1,1,1,1O:1O:1O,::,,,1L,1,0.03000300030003
989,3,3,1,1,1,1O:1O:1O,::1O,2O1S,,1L,1,0.03000300030003
990,3,3,1,1,1,1O:1O:2O,::,1O,,1L,1,0.03000300030003
991,3,3,1,1,1,:1O:1O,::,,,1L,1,0.03000300030003
992,3,3,1,1,1,:1O:1O,::,1N1O1S,,1L,1,0.03000300030003
993,3,3,1,1,1,:1O:1O,::,2O1S,,1L,1,0.03000300030003
994,3,3,1,1,1,:1O:1O,::1O,1O1S,,1L,1,0.03000300030003
995,3,3,1,1,1,:1O:1O,::1O,2O1S,,1L,1,0.03000300030003
996,3,3,1,1,1,:1O:2O,::,1O,,1L,1,0.03000300030003
997,3,3,1,1,1,:1O:2O,::1O,,,1L,1,0.03000300030003
998,3,3,0,2,1,:1O:1O,::,,1S:1S:1S:1S:2S:2S:2S:3S,1L,1,0.03000300030003
999,3,3,0,2,1,1O:1O:1O,::,,1S:1S:1S:1S:2S:2S:2S:2S,1L,1,0.03000300030003
1000,3,2,1,2,1,:1O:1O,:,1O,1S:1S:1S:1S:2S:2S:2S:2S,1L,1,0.03000300030003
1001,3,3,0,1,2,:1O:1O,:2O:3O,,,1L:1L,1,0.03000300030003
1002,3,2,1,2,1,:1O:1O,:,1O1S,:1S:1S:1S:1S:2S:2S:2S,1L,1,0.03000300030003
1003,3,2,1,2,1,:1O:2O,:,,2S:2S:2S:2S:2S:2S:2S:2S,1L,1,0.03000300030003
1004,3,2,1,2,1,::,:,1N1O1S,1S:1S:1S:1S:2S:2S:2S:2S,1L,1,0.03000300030003
1005,3,2,1,2,1,::1O,:,,1S:1S:1S:1S:2S:2S:2S:3S,1L,1,0.03000300030003
1006,3,2,1,2,1,::1O,:,,2S:2S:2S:3S:3S:3S:3S:3S,1L,1,0.03000300030003
1007,3,2,1,2,1,::1O,:,1O,2S:2S:2S:2S:2S:2S:2S:2S,1L,1,0.03000300030003
1008,3,2,1,2,1,::1O,:,1O,2S:2S:2S:3S:3S:3S:3S:3S,1L,1,0.03000300030003
1009,3,2,1,2,1,::1O,:1O,1O,2S:2S:2S:2S:2S:2S:2S:2S,1L,1,0.03000300030003
1010,3,2,1,2,2,1O:1O:1O,:2O,1O,1S:1S:1S:1S:2S:2S:2S:3S,1L:1L,1,0.03000300030003
1011,3,2,1,2,2,:1O:1O,:2O,1O,1S:1S:1S:1S:2S:2S:2S:3S,1L:1L,1,0.03000300030003
1012,3,2,1,2,2,:1O:1O,:3O,1O,1S:1S:1S:1S:2S:2S:2S:3S,1L:1L,1,0.03000300030003
1013,3,2,2,1,1,1O:1O:1O,:,:1O,,1L,1,0.03000300030003
1014,3,2,2,1,1,1O:1O:2O,:,:1O,,1L,1,0.03000300030003
1015,3,2,2,1,1,:1O:1O,:2O,:1O,,1L,1,0.03000300030003
1016,3,2,2,1,2,1O:1O:1O,:3O,1O:2O,,1L:1L,1,0.03000300030003
1017,3,3,0,1,0,::,::,,,,1,0.03000300030003
1018,3,3,0,1,0,::1O,:1O:1O,,,,1,0.03000300030003
1019,3,3,0,1,0,::1O,::,,,,1,0.03000300030003
1020,3,3,0,1,1,1O:1O:1O,::2O,,,1L,1,0.03000300030003
1021,3,3,0,1,1,1O:1O:2O,::2O,,,1L,1,0.03000300030003
1022,3,3,0,1,1,1O:2O:2O,::,,,1L,1,0.03000300030003
1023,3,3,0,1,1,:1O:1O,:1O:1O,,,1L,1,0.03000300030003
1024,3,3,0,1,1,:1O:2O,::,,,1L,1,0.03000300030003
1025,3,2,0,1,2,1O:1O:1O,3O:3O,,,1L:1L,1,0.03000300030003
1026,3,2,0,1,2,1O:1O:1O,1O:3O,,,1L:1L,1,0.03000300030003
1027,2,3,1,1,2,:1O,:2O:3O,1O,,1L:1L,1,0.03000300030003
1028,2,5,0,1,1,:1O,:::1O:3O,,,1L,1,0.03000300030003
1029,2,5,0,2,1,:,:::1O:2O,,2S:2S:2S:3S:3S:4S:4S:4S,1L,1,0.03000300030003
1030,2,5,0,2,1,:1O,::::2O,,2S:2S:2S:2S:2S:3S:3S:3S,1L,1,0.03000300030003
1031,2,5,1,1,1,:1O,::::,1O,,1L,1,0.03000300030003
1032,2,5,1,1,1,:1O,::::2O,,,1L,1,0.03000300030003
1033,2,6,0,1,1,:1O,:::::2O,,,1L,1,0.03000300030003
1034,3,1,0,1,1,1O:1O:1O,3O,,,1L,1,0.03000300030003
1035,3,1,0,1,1,1O:1O:2O,3O,,,1L,1,0.03000300030003
1036,3,1,0,1,1,:1O:1O,2O,,,1L,1,0.03000300030003
1037,3,1,0,1,1,::,2O,,,1L,1,0.03000300030003
1038,3,1,0,1,1,::1O,1O,,,1L,1,0.03000300030003
1039,3,1,0,1,1,::2O,2O,,,1L,1,0.03000300030003
1040,3,1,0,2,1,:1O:1O,,,2S:2S:2S:2S:2S:2S:3S:3S,1L,1,0.03000300030003
1041,3,1,0,2,1,:1O:1O,2O,,1S:1S:1S:2S:3S:3S:3S:3S,1L,1,0.03000300030003
1042,3,1,0,2,1,:1O:1O,3O,,2S:2S:2S:3S:3S:4S:4S:4S,1L,1,0.03000300030003
1043,3,1,0,2,1,::1O,,,2S:2S:2S:2S:2S:2S:3S:4S,1L,1,0.03000300030003
1044,3,1,0,2,1,::1O,2O,,1S:1S:1S:2S:3S:3S:3S:3S,1L,1,0.03000300030003
1045,3,1,0,2,2,1O:1O:1O,1O,,2S:2S:3S:3S:3S:3S:3S:3S,1L:1L,1,0.03000300030003
1046,3,1,0,2,2,1O:1O:1O,2O,,1S:1S:2S:2S:3S:3S:3S:3S,1L:1L,1,0.03000300030003
1047,3,1,0,2,2,1O:1O:1O,2O,,2S:2S:3S:3S:3S:3S:3S:3S,1L:1L,1,0.03000300030003
1048,3,1,0,2,2,1O:1O:1O,2O,,:1S:1S:1S:1S:2S:2S:2S,1L:1L,1,0.03000300030003
1049,3,1,0,2,2,1O:1O:1O,3O,,1S:1S:1S:1S:2S:2S:2S:3S,1L:1L,1,0.03000300030003
1050,3,1,0,2,2,1O:1O:1O,3O,,2S:2S:2S:2S:2S:2S:3S:3S,1L:1L,1,0.03000300030003
1051,3,1,0,2,2,1O:1O:2O,2O,,2S:2S:2S:2S:2S:2S:3S:3S,1L:1L,1,0.03000300030003
1052,2,5,0,1,1,:1O,::::,,,1L,1,0.03000300030003
1053,2,5,0,1,0,:,::::,,,,1,0.03000300030003
1054,3,1,0,2,2,1O:1O:2O,3O,,2S:2S:3S:3S:3S:3S:3S:3S,1L:1L,1,0.03000300030003
1055,2,4,1,1,1,:,:::3O,1O,,1L,1,0.03000300030003
1056,2,3,1,2,1,:1O,::,1O,2S:2S:2S:2S:2S:2S:2S:2S,1L,1,0.03000300030003
1057,2,3,1,2,1,:1O,::,2O1S,2S:2S:2S:2S:2S:2S:2S:2S,1L,1,0.03000300030003
1058,2,3,2,1,1,1O:1O,::,:1O,,1L,1,0.03000300030003
1059,2,3,2,1,1,:,::3O,:,,1L,1,0.03000300030003
1060,2,3,2,1,1,:1O,::,:2O1S,,1L,1,0.03000300030003
1061,2,4,0,1,1,1O:1O,::1O:2O,,,1L,1,0.03000300030003
1062,2,4,0,1,1,1O:1O,:::1O,,,1L,1,0.03000300030003
1063,2,4,0,1,1,2O:2O,:::2O,,,1L,1,0.03000300030003
1064,2,4,0,1,1,:,:::2O,,,1L,1,0.03000300030003
1065,2,4,0,1,1,:1O,:1O:2O:2O,,,1L,1,0.03000300030003
1066,2,4,0,1,1,:1O,:::1O,,,1L,1,0.03000300030003
1067,2,4,0,1,1,:2O,:::1O,,,1L,1,0.03000300030003
1068,2,4,0,1,2,:1O,:::1O,,,1L:1L,1,0.03000300030003
1069,2,4,0,2,1,:,::1O:2O,,1S:1S:1S:2S:3S:3S:3S:3S,1L,1,0.03000300030003
1070,2,4,0,2,1,:,:::2O,,3S:3S:3S:3S:4S:4S:5S:5S,1L,1,0.03000300030003
1071,2,4,0,2,1,:,:::3O,,2S:2S:2S:3S:3S:4S:4S:4S,1L,1,0.03000300030003
1072,2,4,0,2,1,:1O,::1O:2O,,1S:1S:1S:1S:2S:2S:3S:3S,1L,1,0.03000300030003
1073,2,4,0,2,1,:1O,:::,,1S:1S:1S:1S:2S:2S:2S:2S,1L,1,0.03000300030003
1074,2,4,0,2,1,:1O,:::1O,,2S:2S:2S:2S:2S:2S:2S:2S,1L,1,0.03000300030003
1075,2,4,0,2,1,:1O,:::2O,,1S:1S:1S:2S:3S:3S:3S:3S,1L,1,0.03000300030003
1076,2,4,0,2,2,:1O,:::,,1S:1S:1S:1S:2S:2S:2S:2S,1L:1L,1,0.03000300030003
1077,2,4,1,1,1,:,:::2O,1O,,1L,1,0.03000300030003
1078,2,4,1,1,1,:,:::3O,,,1L,1,0.03000300030003
1079,3,1,0,2,2,1O:1O:2O,2O,,::1S:1S:2S:2S:2S:2S,1L:1L,1,0.03000300030003
1080,3,1,0,2,2,:1O:1O,2O,,1S:1S:1S:1S:2S:2S:2S:3S,1L:1L,1,0.03000300030003
1081,3,2,0,1,1,::2O,:1O,,,1L,1,0.03000300030003
1082,3,1,1,2,1,1O:1O:1O,,1N3O1S,2S:2S:2S:2S:2S:3S:3S:3S,1L,1,0.03000300030003
1083,3,1,1,2,1,::1O,,,2S:2S:2S:2S:2S:2S:2S:2S,1L,1,0.03000300030003
1084,3,1,1,2,2,1O:1O:1O,2O,1O,1S:1S:1S:1S:2S:3S:3S:3S,1L:1L,1,0.03000300030003
1085,3,1,1,2,2,1O:1O:1O,2O,1O,:::1S:1S:2S:2S:2S,1L:1L,1,0.03000300030003
1086,3,1,1,2,2,1O:1O:1O,3O,,:1S:1S:2S:2S:2S:2S:3S,1L:1L,1,0.03000300030003
1087,3,1,1,2,2,1O:1O:1O,3O,1O,:1S:1S:1S:1S:2S:2S:2S,1L:1L,1,0.03000300030003
1088,3,1,1,2,2,1O:1O:2O,2O,,1S:1S:1S:1S:2S:2S:2S:3S,1L:1L,1,0.03000300030003
1089,3,1,1,2,2,:1O:1O,2O,,1S:1S:1S:1S:2S:2S:2S:3S,1L:1L,1,0.03000300030003
1090,3,1,1,2,2,:1O:1O,2O,1N3O2S,1S:1S:1S:1S:2S:2S:2S:3S,1L:1L,1,0.03000300030003
1091,3,1,1,2,2,:1O:1O,2O,1O,2S:2S:2S:2S:2S:2S:2S:2S,1L:1L,1,0.03000300030003
1092,3,1,1,2,2,:1O:1O,2O,1O1S,1S:1S:1S:1S:2S:2S:2S:3S,1L:1L,1,0.03000300030003
1093,3,1,1,2,2,:1O:1O,3O,1O,:1S:1S:1S:1S:2S:2S:2S,1L:1L,1,0.03000300030003
1094,3,1,1,2,2,::1O,2O,1O,2S:2S:2S:2S:2S:2S:3S:3S,1L:1L,1,0.03000300030003
1095,3,1,1,2,2,::1O,3O,1O,1S:1S:1S:1S:2S:2S:2S:3S,1L:1L,1,0.03000300030003
1096,3,1,2,1,1,:1O:1O,,:1O,,1L,1,0.03000300030003
1097,3,1,2,1,2,1O:1O:1O,2O,1O:1O,,1L:1L,1,0.03000300030003
1098,3,1,2,1,2,1O:1O:1O,3O,1O:1O,,1L:1L,1,0.03000300030003
1099,3,1,2,1,2,1O:1O:1O,3O,:1O,,1L:1L,1,0.03000300030003
1100,3,1,2,1,2,:1O:1O,3O,:2O1S,,1L:1L,1,0.03000300030003
1101,3,2,0,1,1,1O:1O:1O,:3O,,,1L,1,0.03000300030003
1102,3,2,0,1,1,1O:1O:2O,:,,,1L,1,0.03000300030003
1103,3,2,0,1,1,::,1O:3O,,,1L,1,0.03000300030003
1104,3,2,0,1,1,::,2O:3O,,,1L,1,0.03000300030003
1105,3,2,0,1,1,::2O,:,,,1L,1,0.03000300030003
1106,3,1,1,2,1,:1O:1O,,,2S:2S:2S:2S:2S:2S:2S:2S,1L,1,0.03000300030003
1107,3,1,1,1,2,:1O:2O,3O,1O,,1L:1L,1,0.03000300030003
1108,3,1,0,2,2,:1O:1O,3O,,1S:1S:1S:1S:2S:2S:2S:3S,1L:1L,1,0.03000300030003
1109,3,1,1,1,2,:1O:1O,3O,3O1S,,1L:1L,1,0.03000300030003
1110,3,1,0,2,2,:1O:1O,3O,,2S:2S:2S:2S:2S:2S:2S:3S,1L:1L,1,0.03000300030003
1111,3,1,1,1,1,1O:1O:1O,,1O,,1L,1,0.03000300030003
1112,3,1,1,1,1,1O:1O:1O,2O,,,1L,1,0.03000300030003
1113,3,1,1,1,1,1O:1O:2O,2O,,,1L,1,0.03000300030003
1114,3,1,1,1,1,:1O:1O,,,,1L,1,0.03000300030003
1115,3,1,1,1,1,:1O:1O,,1N1O1S,,1L,1,0.03000300030003
1116,3,1,1,1,1,:1O:1O,,2O,,1L,1,0.03000300030003
1117,3,1,1,1,1,:1O:1O,,2O1S,,1L,1,0.03000300030003
1118,3,1,1,1,1,:1O:1O,1O,1O,,1L,1,0.03000300030003
1119,3,1,1,1,1,::1O,,2O1S,,1L,1,0.03000300030003
1120,3,1,1,1,1,::1O,2O,1O,,1L,1,0.03000300030003
1121,3,1,1,1,1,::1O,3O,1O,,1L,1,0.03000300030003
1122,3,1,1,1,1,::2O,,2O1S,,1L,1,0.03000300030003
1123,3,1,1,1,2,1O:1O:1O,2O,2O,,1L:1L,1,0.03000300030003
1124,3,1,1,1,2,1O:1O:2O,2O,1N1O1S,,1L:1L,1,0.03000300030003
1125,3,1,1,1,2,1O:1O:2O,2O,1O,,1L:1L,1,0.03000300030003
1126,3,1,1,1,2,1O:1O:2O,3O,2O,,1L:1L,1,0.03000300030003
1127,3,1,1,1,2,1O:1O:2O,3O,3O1S,,1L:1L,1,0.03000300030003
1128,3,1,1,1,2,:1O:1O,3O,1N1O1S,,1L:1L,1,0.03000300030003
1129,3,1,1,1,2,:1O:1O,3O,1O1S,,1L:1L,1,0.03000300030003
1130,3,1,1,1,2,:1O:1O,3O,2O,,1L:1L,1,0.03000300030003
1131,3,1,1,1,2,:1O:1O,3O,2O1S,,1L:1L,1,0.03000300030003
1132,3,1,1,1,2,:1O:1O,3O,3O,,1L:1L,1,0.03000300030003
1133,8,1,0,1,1,:::::1O:1O:1O,,,,1L,1,0.03000300030003
