,num_dol,num_eips,num_tfsi,num_ps,num_li,atoms_dol,atoms_eips,atoms_tfsi,atoms_ps,atoms_li,count,%
0,3,3,0,1,1,::1O,:1O:1O,,,1L,122,3.66036603660366
1,2,4,0,1,1,:1O,::1O:1O,,,1L,117,3.5103510351035103
2,3,4,0,1,1,::1O,::1O:1O,,,1L,78,2.34023402340234
3,2,3,0,1,1,:1O,:1O:1O,,,1L,68,2.04020402040204
4,2,4,0,1,1,:,:1O:1O:1O,,,1L,62,1.86018601860186
5,4,3,0,1,1,:::1O,:1O:1O,,,1L,59,1.7701770177017702
6,3,3,0,1,1,:1O:1O,:1O:1O,,,1L,48,1.44014401440144
7,3,4,0,1,1,::,:1O:1O:1O,,,1L,39,1.17011701170117
8,4,3,0,1,1,::1O:1O,:1O:1O,,,1L,39,1.17011701170117
9,2,5,0,1,1,:1O,:::1O:1O,,,1L,38,1.14011401140114
10,1,5,0,1,1,1O,:::1O:1O,,,1L,36,1.08010801080108
11,1,4,0,1,1,1O,::1O:1O,,,1L,34,1.02010201020102
12,0,6,0,1,1,,:::1O:1O:1O,,,1L,34,1.02010201020102
13,3,4,0,1,1,:1O:1O,::1O:1O,,,1L,31,0.93009300930093
14,1,4,0,1,1,,:1O:1O:1O1S,,,1L,30,0.9000900090009001
15,3,3,0,1,1,::1O,:1O:1O1S,,,1L,30,0.9000900090009001
16,2,4,0,1,1,1O:1O,::1O:1O,,,1L,29,0.8700870087008701
17,2,4,0,1,1,:1O,::1O:1O1S,,,1L,26,0.7800780078007801
18,4,2,0,1,1,:::1O,1O:1O,,,1L,25,0.7500750075007501
19,1,5,0,1,1,,::1O:1O:1O,,,1L,25,0.7500750075007501
20,2,3,0,1,1,:1O,:1O:1O1S,,,1L,23,0.6900690069006901
21,1,4,0,1,1,,:1O:1O:1O,,,1L,23,0.6900690069006901
22,5,2,0,1,1,::::1O,1O:1O,,,1L,23,0.6900690069006901
23,2,4,0,1,1,:1O,:1O:1O:1O,,,1L,23,0.6900690069006901
24,2,4,0,1,1,:,:1O:1O:1O1S,,,1L,22,0.6600660066006601
25,3,4,0,1,1,::1O,::1O:1O1S,,,1L,22,0.6600660066006601
26,2,5,0,1,1,:,::1O:1O:1O,,,1L,21,0.6300630063006301
27,3,3,0,1,1,:1O:1O,::1O,,,1L,19,0.57005700570057
28,4,2,0,1,1,::1O:1O,1O:1O,,,1L,18,0.54005400540054
29,3,4,0,1,1,::1O,:1O:1O:1O,,,1L,17,0.51005100510051
30,4,3,0,1,1,:::1O,:1O:1O1S,,,1L,17,0.51005100510051
31,5,3,0,1,1,::::1O,:1O:1O,,,1L,17,0.51005100510051
32,1,5,0,1,1,1O,:::1O:1O1S,,,1L,16,0.48004800480048
33,3,2,0,1,1,::1O,1O:1O,,,1L,16,0.48004800480048
34,4,2,0,1,1,:::1O,1O:1O1S,,,1L,15,0.45004500450045
35,3,4,0,1,1,::,:1O:1O:1O1S,,,1L,15,0.45004500450045
36,4,4,0,1,1,:::1O,::1O:1O,,,1L,15,0.45004500450045
37,3,3,0,1,1,::,1O:1O:1O,,,1L,14,0.42004200420042
38,2,3,1,1,1,:1O,:1O:1O,,,1L,14,0.42004200420042
39,3,3,1,1,1,::1O,:1O:1O,,,1L,14,0.42004200420042
40,3,2,0,1,1,:1O:1O,1O:1O,,,1L,14,0.42004200420042
41,2,3,0,1,1,:,1O:1O:1O,,,1L,13,0.39003900390039
42,2,3,0,1,1,1O:1O,:1O:1O,,,1L,13,0.39003900390039
43,1,5,0,1,1,,::1O:1O:1O1S,,,1L,13,0.39003900390039
44,0,6,0,1,1,,:::1O:1O:1O1S,,,1L,12,0.36003600360036
45,3,3,0,1,1,::,1O:1O:1O1S,,,1L,12,0.36003600360036
46,5,2,0,1,1,:::1O:1O,1O:1O,,,1L,12,0.36003600360036
47,3,5,0,1,1,::1O,:::1O:1O,,,1L,12,0.36003600360036
48,2,5,0,1,1,:1O,::1O:1O:1O,,,1L,12,0.36003600360036
49,3,2,0,1,1,::1O,1O:1O1S,,,1L,12,0.36003600360036
50,4,3,0,1,1,::1O:1O,::1O,,,1L,11,0.33003300330033
51,2,4,1,1,1,:1O,::1O:1O,,,1L,11,0.33003300330033
52,3,3,0,1,1,:1O:1O,:1O:1O1S,,,1L,11,0.33003300330033
53,1,6,0,1,1,,:::1O:1O:1O,,,1L,10,0.3000300030003
54,1,6,0,1,1,1O,::::1O:1O,,,1L,10,0.3000300030003
55,3,5,0,1,1,::,::1O:1O:1O,,,1L,9,0.27002700270027
56,2,4,0,1,1,:1O,:1O:1O:1O1S,,,1L,9,0.27002700270027
57,2,5,0,1,1,1O:1O,:::1O:1O,,,1L,9,0.27002700270027
58,0,5,0,1,1,,::1O:1O:1O,,,1L,9,0.27002700270027
59,2,3,1,1,1,:1O,::1O,1O,,1L,9,0.27002700270027
60,2,3,0,1,1,:1O,1O:1O:1O1S,,,1L,9,0.27002700270027
61,1,4,1,1,1,,::1O:1O,1O,,1L,9,0.27002700270027
62,4,3,0,1,1,:::,1O:1O:1O,,,1L,9,0.27002700270027
63,4,2,0,1,1,::1O:1O,:1O,,,1L,9,0.27002700270027
64,2,3,0,1,1,:,1O:1O:1O1S,,,1L,8,0.24002400240024
65,2,4,0,1,0,:,:::,,,,8,0.24002400240024
66,0,5,1,1,2,,1O:1O:1O:1O:1O,1O,,1L:1L,8,0.24002400240024
67,4,4,0,1,1,:::,:1O:1O:1O,,,1L,8,0.24002400240024
68,1,4,0,1,1,1O,::1O:1O1S,,,1L,8,0.24002400240024
69,3,2,0,1,1,:1O:1O,1O:1O1S,,,1L,8,0.24002400240024
70,3,3,1,1,1,::1O,::1O,1O,,1L,8,0.24002400240024
71,2,5,0,1,1,:,::1O:1O:1O1S,,,1L,8,0.24002400240024
72,2,4,1,1,1,:1O,::1O:1O1S,,,1L,8,0.24002400240024
73,5,3,0,1,1,:::1O:1O,:1O:1O,,,1L,8,0.24002400240024
74,3,2,0,1,1,:1O:1O,:1O,,,1L,8,0.24002400240024
75,3,3,0,1,1,::1O,1O:1O:1O,,,1L,8,0.24002400240024
76,2,4,1,1,1,:1O,::1O:1O,1O,,1L,7,0.21002100210021
77,1,4,0,1,1,1O,:1O:1O:1O,,,1L,7,0.21002100210021
78,3,3,0,1,1,::1O,1O:1O:1O1S,,,1L,7,0.21002100210021
79,0,4,0,1,1,,:1O:1O:1O1S,,,1L,7,0.21002100210021
80,4,3,0,1,1,:1O:1O:1O,:1O:1O,,,1L,7,0.21002100210021
81,3,4,0,1,1,:1O:1O,:::1O,,,1L,7,0.21002100210021
82,4,4,0,1,1,::1O:1O,::1O:1O,,,1L,7,0.21002100210021
83,2,4,0,2,1,:,::1O:1O,,1S:1S:1S:1S:2S:2S:2S:3S,1L,7,0.21002100210021
84,3,3,0,1,1,::1O,:1O:2O1S,,,1L,7,0.21002100210021
85,2,4,0,2,1,:1O,:::1O,,:::1S:1S:2S:2S:2S,1L,7,0.21002100210021
86,1,5,1,1,1,,:::1O:1O,1O,,1L,7,0.21002100210021
87,2,4,1,1,1,:,::1O:1O,1O,,1L,7,0.21002100210021
88,2,5,0,1,1,:1O,:::1O:1O1S,,,1L,7,0.21002100210021
89,1,5,0,1,1,1O,::1O:1O:1O,,,1L,7,0.21002100210021
90,2,4,0,1,1,:1O,::1O:2O1S,,,1L,7,0.21002100210021
91,6,2,0,1,1,:::::1O,1O:1O,,,1L,6,0.18001800180018
92,3,3,0,1,1,:1O:2O,:1O:1O,,,1L,6,0.18001800180018
93,4,3,0,1,1,:1O:1O:1O,::1O,,,1L,6,0.18001800180018
94,3,3,0,1,1,::1O,:1O1S:2O1S,,,1L,6,0.18001800180018
95,0,6,1,1,2,,:1O:1O:1O:1O:1O,1O,,1L:1L,6,0.18001800180018
96,1,6,0,1,1,,:::1O:1O:1O1S,,,1L,6,0.18001800180018
97,4,2,1,1,1,::1O:1O,:1O,1O,,1L,6,0.18001800180018
98,2,3,1,1,1,:,:1O:1O,2O,,1L,6,0.18001800180018
99,2,4,0,1,1,:,::1O:1O,,,1L,6,0.18001800180018
100,4,2,0,1,1,::1O:1O,1O:1O1S,,,1L,6,0.18001800180018
101,1,3,0,1,1,1O,:1O:1O,,,1L,6,0.18001800180018
102,5,2,0,1,1,::::1O,1O:1O1S,,,1L,6,0.18001800180018
103,3,3,0,1,2,::1O,1O:2O1S:2O1S,,,1L:1L,6,0.18001800180018
104,1,3,1,1,1,1O,:1O:1O,,,1L,6,0.18001800180018
105,0,4,1,1,1,,::1O:1O,1O,,1L,6,0.18001800180018
106,1,3,1,1,1,,:1O:1O,2O,,1L,6,0.18001800180018
107,0,5,1,1,1,,:::1O:1O,1O,,1L,6,0.18001800180018
108,2,3,0,1,1,:1O,1O:1O:1O,,,1L,6,0.18001800180018
109,2,3,1,1,1,:1O,:1O:1O1S,,,1L,6,0.18001800180018
110,2,4,0,1,1,1O:2O,::1O:1O,,,1L,6,0.18001800180018
111,2,3,0,1,1,:,:1O:1O,,,1L,6,0.18001800180018
112,3,3,0,1,1,:1O:1O,:1O:2O1S,,,1L,6,0.18001800180018
113,2,2,0,1,1,:1O,1O:1O,,,1L,5,0.15001500150015
114,1,3,0,1,1,,1O:1O:1O,,,1L,5,0.15001500150015
115,3,4,0,1,0,::1O,:::,,,,5,0.15001500150015
116,4,3,0,1,2,::1O:1O,1O:1O:2O1S,,,1L:1L,5,0.15001500150015
117,3,4,0,1,1,::1O,::1O:2O1S,,,1L,5,0.15001500150015
118,4,3,0,1,1,:::1O,1O:1O:1O,,,1L,5,0.15001500150015
119,1,4,1,1,1,,:1O:1O:1O,,,1L,5,0.15001500150015
120,2,4,0,1,1,1O:1O,:::1O,,,1L,5,0.15001500150015
121,1,5,0,1,1,,:::1O:1O,,,1L,5,0.15001500150015
122,1,5,0,1,1,1O,::1O:1O:1O1S,,,1L,5,0.15001500150015
123,3,3,1,1,1,::1O,:1O:1O,1O,,1L,5,0.15001500150015
124,6,2,0,1,1,::::1O:1O,1O:1O,,,1L,5,0.15001500150015
125,3,3,0,1,1,:1O:1O,:2O1S:2O1S,,,1L,5,0.15001500150015
126,2,3,0,1,1,1O:1O,:1O:1O1S,,,1L,5,0.15001500150015
127,2,3,0,1,1,:1O,:1O:2O1S,,,1L,5,0.15001500150015
128,3,2,0,1,1,1O:1O:1O,:1O,,,1L,5,0.15001500150015
129,4,2,0,1,1,:::1O,:1O,,,1L,5,0.15001500150015
130,2,6,0,1,1,:1O,::::1O:1O,,,1L,5,0.15001500150015
131,1,4,1,1,1,1O,::1O:1O,1O,,1L,4,0.12001200120012
132,2,4,0,1,1,1O:1O,:1O:1O:1O,,,1L,4,0.12001200120012
133,1,4,1,1,2,1O,1O:1O:1O:1O,1O,,1L:1L,4,0.12001200120012
134,4,1,0,1,1,::1O:1O,1O,,,1L,4,0.12001200120012
135,1,3,1,1,1,,:1O:1O1S,2O,,1L,4,0.12001200120012
136,3,4,1,1,1,::,::1O:1O,1O,,1L,4,0.12001200120012
137,4,2,0,1,1,:1O:1O:1O,1O:1O,,,1L,4,0.12001200120012
138,3,2,1,1,1,::1O,:1O,1O,,1L,4,0.12001200120012
139,1,4,1,1,1,,::1O:1O,2O1S,,1L,4,0.12001200120012
140,4,2,0,1,1,:1O:1O:1O,:1O,,,1L,4,0.12001200120012
141,2,4,1,1,1,:,:1O:1O:1O,,,1L,4,0.12001200120012
142,3,4,0,2,1,::,::1O:1O,,1S:1S:1S:1S:2S:2S:2S:3S,1L,4,0.12001200120012
143,3,3,0,1,1,::,:1O:1O,,,1L,4,0.12001200120012
144,2,4,0,2,2,1O:1O,:1O:1O:1O,,1S:1S:1S:1S:2S:2S:2S:3S,1L:1L,4,0.12001200120012
145,3,4,0,1,1,::2O,::1O:1O,,,1L,4,0.12001200120012
146,4,3,0,1,1,::1O:1O,:1O:1O1S,,,1L,4,0.12001200120012
147,1,3,1,1,1,1O,::1O,1O,,1L,4,0.12001200120012
148,1,4,0,1,1,1O,:1O:1O:1O1S,,,1L,4,0.12001200120012
149,4,2,1,1,1,:::,1O:1O,1O,,1L,4,0.12001200120012
150,2,3,1,1,1,:,1O:1O:1O1S,,,1L,4,0.12001200120012
151,2,4,0,1,1,:1O,::1O1S:2O1S,,,1L,4,0.12001200120012
152,3,3,1,1,1,::1O,:1O:1O1S,,,1L,4,0.12001200120012
153,2,2,1,1,1,:1O,:1O,1O,,1L,4,0.12001200120012
154,2,3,0,1,2,:1O,1O:2O1S:2O1S,,,1L:1L,4,0.12001200120012
155,5,2,1,1,1,::::1O,1O:1O,1O,,1L,4,0.12001200120012
156,2,3,0,2,1,:1O,::1O,,:::1S:1S:2S:2S:2S,1L,4,0.12001200120012
157,3,3,0,1,2,:1O:1O,1O:1O1S:2O1S,,,1L:1L,4,0.12001200120012
158,2,3,0,2,2,1O:1O,1O:1O:1O,,1S:1S:1S:1S:2S:2S:2S:3S,1L:1L,4,0.12001200120012
159,5,2,0,1,1,::1O:1O:1O,:1O,,,1L,4,0.12001200120012
160,3,3,0,1,2,:1O:1O,1O:1O:2O1S,,,1L:1L,4,0.12001200120012
161,4,4,0,1,1,:::1O,::1O:1O1S,,,1L,4,0.12001200120012
162,3,3,1,1,1,::1O,:1O:1O1S,1O,,1L,4,0.12001200120012
163,2,3,1,1,1,:,:1O:1O,1O,,1L,4,0.12001200120012
164,0,6,0,1,1,,:::1O:1O:2O1S,,,1L,4,0.12001200120012
165,6,2,0,1,1,::::1O:1O,:1O,,,1L,4,0.12001200120012
166,2,3,1,1,1,:1O,:1O:1O,1O,,1L,4,0.12001200120012
167,2,2,1,1,1,:,1O:1O,1O,,1L,4,0.12001200120012
168,2,3,1,1,1,1O:1O,:1O:1O,,,1L,3,0.09000900090009
169,3,4,0,1,1,1O:1O:1O,::1O:1O,,,1L,3,0.09000900090009
170,2,3,0,1,1,:1O,::1O1S,,,1L,3,0.09000900090009
171,2,5,0,2,1,:,:::1O:1O,,1S:1S:1S:1S:2S:2S:2S:3S,1L,3,0.09000900090009
172,0,4,0,1,1,,:1O:1O:1O,,,1L,3,0.09000900090009
173,1,4,0,2,2,,1O:1O:1O:1O1S,,1S:1S:1S:1S:2S:2S:2S:3S,1L:1L,3,0.09000900090009
174,5,2,0,1,1,:::1O:1O,:1O,,,1L,3,0.09000900090009
175,2,3,0,2,2,1O:1O,1O:1O:1O,,2S:2S:2S:2S:2S:2S:2S:3S,1L:1L,3,0.09000900090009
176,4,3,0,1,1,:::1O,1O:1O:1O1S,,,1L,3,0.09000900090009
177,2,5,0,1,0,:,::::,,,,3,0.09000900090009
178,3,3,0,1,1,::2O,:1O:1O,,,1L,3,0.09000900090009
179,2,4,0,2,2,1O:1O,:1O:1O:1O1S,,1S:1S:1S:1S:2S:2S:2S:3S,1L:1L,3,0.09000900090009
180,1,4,0,2,1,,::1O:1O,,2S:2S:2S:2S:2S:2S:3S:3S,1L,3,0.09000900090009
181,2,3,0,2,2,1O:1O,1O:1O:1O1S,,1S:1S:1S:1S:2S:2S:2S:3S,1L:1L,3,0.09000900090009
182,1,4,0,2,1,,::1O:1O,,1S:1S:1S:1S:2S:2S:2S:2S,1L,3,0.09000900090009
183,1,5,0,1,1,2O,:::1O:1O,,,1L,3,0.09000900090009
184,2,3,0,1,1,:1O,1O:1O:2O1S,,,1L,3,0.09000900090009
185,5,1,0,1,1,:::1O:1O,1O,,,1L,3,0.09000900090009
186,2,3,0,1,1,:2O,:1O:1O,,,1L,3,0.09000900090009
187,2,2,0,2,1,:1O,:1O,,:::1S:1S:2S:2S:2S,1L,3,0.09000900090009
188,1,4,0,1,1,2O,::1O:1O,,,1L,3,0.09000900090009
189,2,4,0,2,1,:,::1O:1O,,1S:1S:1S:1S:2S:2S:2S:2S,1L,3,0.09000900090009
190,2,3,0,2,1,:,:1O:1O,,1S:1S:1S:1S:2S:2S:2S:3S,1L,3,0.09000900090009
191,1,4,1,1,1,1O,::1O:1O,,,1L,3,0.09000900090009
192,3,3,0,1,1,1O:1O:1O,:1O:1O,,,1L,3,0.09000900090009
193,4,2,0,1,0,:::1O,:,,,,3,0.09000900090009
194,0,4,1,1,2,,:1O:1O:2O1S,2O1S,,1L:1L,3,0.09000900090009
195,3,3,1,1,1,:1O:1O,:1O:1O,1O,,1L,3,0.09000900090009
196,3,4,0,1,1,:1O:1O,::1O:1O1S,,,1L,3,0.09000900090009
197,1,4,1,1,1,,::1O:1O,1O1S,,1L,3,0.09000900090009
198,0,5,0,1,1,,::1O:1O:1O1S,,,1L,3,0.09000900090009
199,0,5,0,1,1,,:::1O:1O,,,1L,3,0.09000900090009
200,4,1,1,1,1,::1O:1O,1O,1O,,1L,3,0.09000900090009
201,1,4,1,1,1,,:1O:1O:1O1S,,,1L,3,0.09000900090009
202,3,2,1,1,1,::,1O:1O,1O,,1L,3,0.09000900090009
203,2,5,0,1,1,:1O,:::1O:2O1S,,,1L,3,0.09000900090009
204,0,5,0,2,2,,:1O:1O:1O:1O1S,,2S:2S:2S:2S:2S:2S:2S:2S,1L:1L,3,0.09000900090009
205,2,3,1,1,1,:1O,:1O:2O1S,,,1L,3,0.09000900090009
206,3,3,0,1,1,::,1O:1O:2O1S,,,1L,3,0.09000900090009
207,3,2,1,1,1,:1O:1O,:1O,1O,,1L,3,0.09000900090009
208,3,3,0,1,1,:1O:1O,::2O1S,,,1L,3,0.09000900090009
209,3,2,0,1,1,::1O,1O:2O1S,,,1L,3,0.09000900090009
210,4,4,0,1,1,::1O:1O,:::1O,,,1L,3,0.09000900090009
211,4,3,1,1,1,::1O:1O,::1O,,,1L,3,0.09000900090009
212,2,4,0,1,1,:1O,:1O:1O:2O1S,,,1L,3,0.09000900090009
213,0,6,0,1,1,,:::1O:1O1S:1O1S,,,1L,3,0.09000900090009
214,3,2,1,1,1,::1O,1O:1O,,,1L,3,0.09000900090009
215,2,4,0,1,1,1O:1O,::1O:1O1S,,,1L,3,0.09000900090009
216,1,4,0,1,0,,:::,,,,3,0.09000900090009
217,1,6,0,1,1,1O,:::1O:1O:1O,,,1L,3,0.09000900090009
218,2,4,0,1,1,:2O,::1O:1O,,,1L,3,0.09000900090009
219,4,2,1,1,1,:::1O,:1O,1O,,1L,3,0.09000900090009
220,4,3,0,1,1,::1O:1O,1O:1O:1O,,,1L,3,0.09000900090009
221,3,3,0,2,1,::1O,::1O,,:::1S:1S:2S:2S:2S,1L,3,0.09000900090009
222,2,5,1,1,1,:,:::1O:1O,1O,,1L,3,0.09000900090009
223,2,4,0,2,2,:1O,1O:1O:1O:1O,,1S:1S:1S:1S:2S:2S:2S:2S,1L:1L,3,0.09000900090009
224,4,4,0,1,1,::1O:1O,::1O:1O1S,,,1L,3,0.09000900090009
225,1,4,0,1,1,,:1O:1O:2O1S,,,1L,3,0.09000900090009
226,4,2,1,1,1,:::1O,1O:1O,,,1L,3,0.09000900090009
227,1,4,0,1,1,,::1O:1O,,,1L,3,0.09000900090009
228,4,2,1,1,1,:::,1O:1O1S,1O,,1L,3,0.09000900090009
229,2,3,0,1,1,1O:1O,:1O:2O1S,,,1L,3,0.09000900090009
230,2,3,0,1,1,1O:1O,::1O,,,1L,3,0.09000900090009
231,2,3,0,1,1,1O:1O,::1O1S,,,1L,3,0.09000900090009
232,2,3,1,1,1,1O:1O,::1O,1O,,1L,3,0.09000900090009
233,1,4,0,1,1,1O,:1O:1O:2O1S,,,1L,3,0.09000900090009
234,1,4,0,1,1,1O,::1O1S:1O1S,,,1L,3,0.09000900090009
235,3,3,0,1,1,1O:1O:1O,::1O,,,1L,3,0.09000900090009
236,3,2,1,1,1,:1O:1O,:1O,,,1L,3,0.09000900090009
237,3,5,0,1,1,::1O,::1O:1O:1O,,,1L,3,0.09000900090009
238,1,3,1,1,1,1O,:1O:1O1S,1O,,1L,3,0.09000900090009
239,3,2,1,1,1,::1O,1O:1O,1O,,1L,3,0.09000900090009
240,3,3,0,2,1,::,:1O:1O,,1S:1S:1S:1S:2S:2S:2S:2S,1L,2,0.06000600060006
241,3,3,0,2,1,::,:1O:1O,,1S:1S:1S:1S:2S:2S:2S:3S,1L,2,0.06000600060006
242,2,3,0,2,2,:1O,1O:1O:1O1S,,:::1S:1S:2S:2S:2S,1L:1L,2,0.06000600060006
243,1,5,0,1,2,1O,1O:1O:1O:1O:1O,,,1L:1L,2,0.06000600060006
244,2,3,1,1,1,1O:1O,::1O,,,1L,2,0.06000600060006
245,2,4,0,1,1,:,::1O:1O1S,,,1L,2,0.06000600060006
246,3,3,0,1,2,::1O,1O:1O1S:2O1S,,,1L:1L,2,0.06000600060006
247,3,4,0,2,3,::1O,1O:1O:1O:2O1S,,1S:1S:1S:1S:2S:2S:2S:2S,1L:1L:1L,2,0.06000600060006
248,3,3,0,2,1,:1O:1O,::1O,,:::1S:1S:2S:2S:2S,1L,2,0.06000600060006
249,2,3,0,2,2,:1O,1O:1O:1O,,:::1S:1S:2S:2S:2S,1L:1L,2,0.06000600060006
250,3,3,0,1,2,:1O:1O,1O:2O1S:2O1S,,,1L:1L,2,0.06000600060006
251,2,2,0,1,1,1O:1O,:1O,,,1L,2,0.06000600060006
252,2,3,0,1,1,:1O,:2O1S:2O1S,,,1L,2,0.06000600060006
253,3,3,1,1,1,:1O:1O,:1O:1O,,,1L,2,0.06000600060006
254,2,4,0,1,1,:,:1O:1O:2O1S,,,1L,2,0.06000600060006
255,3,4,0,1,1,::,::1O:1O1S,,,1L,2,0.06000600060006
256,1,5,1,1,2,1O,:1O:1O:1O:1O,1O,,1L:1L,2,0.06000600060006
257,3,4,0,1,1,::,::1O:1O,,,1L,2,0.06000600060006
258,2,3,0,1,1,1O:1O,1O:1O:1O1S,,,1L,2,0.06000600060006
259,2,3,0,1,0,:1O,::,,,,2,0.06000600060006
260,3,3,0,1,1,::1O,:1O1S:2O,,,1L,2,0.06000600060006
261,2,2,1,1,1,:1O,1O:2O1S,,,1L,2,0.06000600060006
262,1,6,0,1,1,1O,:::1O:1O:1O1S,,,1L,2,0.06000600060006
263,2,3,2,1,1,:,:1O:1O,:1O,,1L,2,0.06000600060006
264,3,4,0,1,0,::,:::,,,,2,0.06000600060006
265,2,2,1,1,1,:1O,1O:1O,,,1L,2,0.06000600060006
266,2,2,1,1,1,:,:1O,2O,,1L,2,0.06000600060006
267,3,3,0,1,1,::1O,1O:1O:2O1S,,,1L,2,0.06000600060006
268,2,4,0,1,1,1O:1O,:1O:1O:1O1S,,,1L,2,0.06000600060006
269,3,4,0,1,1,:1O:1O,:1O:1O:1O,,,1L,2,0.06000600060006
270,2,3,1,1,1,:1O,::1O1S,1O,,1L,2,0.06000600060006
271,3,4,0,1,1,::1O,::1O1S:1O1S,,,1L,2,0.06000600060006
272,3,3,1,1,1,::1O,1O:1O:1O,,,1L,2,0.06000600060006
273,2,3,1,1,1,:1O,:1O:2O1S,1O,,1L,2,0.06000600060006
274,2,3,0,1,2,:1O,1O:1O1S:2O1S,,,1L:1L,2,0.06000600060006
275,1,5,0,2,1,,:::1O:1O,,1S:1S:1S:1S:2S:2S:2S:2S,1L,2,0.06000600060006
276,3,3,0,1,1,::2O,:1O:1O1S,,,1L,2,0.06000600060006
277,3,3,1,1,1,:1O:1O,::1O,,,1L,2,0.06000600060006
278,3,3,1,1,1,:1O:1O,::1O,1O,,1L,2,0.06000600060006
279,1,5,0,2,2,,:1O:1O:1O:1O,,1S:1S:1S:1S:2S:2S:2S:2S,1L:1L,2,0.06000600060006
280,2,3,0,1,1,:1O,::1O,,,1L,2,0.06000600060006
281,1,5,1,1,1,1O,:::1O:1O,1O,,1L,2,0.06000600060006
282,3,4,0,1,2,::1O,:1O:2O1S:2O1S,,,1L:1L,2,0.06000600060006
283,2,4,0,1,1,:,1O:1O:1O:2O1S,,,1L,2,0.06000600060006
284,2,4,0,1,1,1O:2O,:::1O,,,1L,2,0.06000600060006
285,3,3,1,1,1,::,:1O:2O1S,1O,,1L,2,0.06000600060006
286,3,3,0,1,1,::1O,::1O,,,1L,2,0.06000600060006
287,1,5,1,1,1,1O,:::1O:1O,,,1L,2,0.06000600060006
288,2,4,0,1,0,:1O,:::,,,,2,0.06000600060006
289,4,2,0,1,1,:::1O,1O:2O1S,,,1L,2,0.06000600060006
290,3,4,1,1,1,::1O,::1O:1O,1O,,1L,2,0.06000600060006
291,1,3,1,1,1,,:1O:1O1S,1O,,1L,2,0.06000600060006
292,2,4,1,1,1,:1O,::1O:2O1S,,,1L,2,0.06000600060006
293,3,2,1,1,1,:1O:1O,1O:1O,1O,,1L,2,0.06000600060006
294,4,3,1,1,1,:::1O,:1O:1O,,,1L,2,0.06000600060006
295,0,6,0,1,1,,:::1O:1O1S:2O1S,,,1L,2,0.06000600060006
296,3,2,1,1,1,:1O:1O,1O:1O1S,,,1L,2,0.06000600060006
297,1,4,2,1,1,1O,::1O:1O,:1O,,1L,2,0.06000600060006
298,0,6,1,1,1,,::::1O:1O1S,1O,,1L,2,0.06000600060006
299,0,6,1,1,2,,:1O:1O:1O:1O:1O,2O,,1L:1L,2,0.06000600060006
300,5,3,0,1,1,::::1O,:1O:1O1S,,,1L,2,0.06000600060006
301,0,7,0,1,1,,::::1O:1O:1O,,,1L,2,0.06000600060006
302,0,7,0,1,1,,::::1O:1O:1O1S,,,1L,2,0.06000600060006
303,1,3,0,1,0,,::,,,,2,0.06000600060006
304,1,3,0,1,1,,:1O:1O1S,,,1L,2,0.06000600060006
305,1,3,0,1,1,1O,:1O:1O1S,,,1L,2,0.06000600060006
306,2,4,1,1,1,:1O,:1O:1O:1O,,,1L,2,0.06000600060006
307,4,3,0,1,2,:1O:1O:1O,1O:1O:2O1S,,,1L:1L,2,0.06000600060006
308,1,3,0,1,2,1O,1O:2O1S:2O1S,,,1L:1L,2,0.06000600060006
309,2,5,0,1,1,:2O,:::1O:1O,,,1L,2,0.06000600060006
310,1,3,0,2,1,,:1O:1O,,1S:1S:1S:1S:2S:2S:2S:3S,1L,2,0.06000600060006
311,4,3,0,1,1,:::2O,:1O:1O,,,1L,2,0.06000600060006
312,4,3,0,1,1,:::1O,:2O1S:2O1S,,,1L,2,0.06000600060006
313,4,3,0,1,1,:::1O,:1O:2O1S,,,1L,2,0.06000600060006
314,2,4,1,1,1,:,::1O:1O,2O,,1L,2,0.06000600060006
315,1,3,1,1,1,,:1O:1O,1N1O1S,,1L,2,0.06000600060006
316,3,2,1,1,1,::,1O:1O1S,1O,,1L,2,0.06000600060006
317,2,4,1,1,1,:1O,:::1O,1O,,1L,2,0.06000600060006
318,4,4,0,1,0,:::1O,:::,,,,2,0.06000600060006
319,0,5,1,1,3,,1O:1O:1O:2O1S:2O1S,2O,,1L:1L:1L,2,0.06000600060006
320,2,4,1,1,2,:1O,1O:1O:1O:1O,2O1S,,1L:1L,2,0.06000600060006
321,3,2,0,1,1,:1O:1O,:1O1S,,,1L,2,0.06000600060006
322,3,2,0,1,1,:1O:2O,:1O,,,1L,2,0.06000600060006
323,0,5,0,2,2,,:1O:1O:1O:2O1S,,2S:2S:2S:3S:3S:3S:3S:3S,1L:1L,2,0.06000600060006
324,5,2,0,1,1,::1O:1O:1O,1O:1O,,,1L,2,0.06000600060006
325,0,5,0,2,2,,:1O:1O:1O:2O1S,,2S:2S:2S:2S:2S:2S:2S:2S,1L:1L,2,0.06000600060006
326,5,1,1,1,1,::::1O,1O,1O,,1L,2,0.06000600060006
327,0,5,0,2,2,,:1O:1O:1O:2O1S,,1S:1S:1S:1S:2S:2S:2S:2S,1L:1L,2,0.06000600060006
328,0,5,1,1,1,,::1O:1O:1O,,,1L,2,0.06000600060006
329,5,2,1,1,1,:::1O:1O,:1O,1O,,1L,2,0.06000600060006
330,0,5,1,1,1,,:::1O:1O,2O,,1L,2,0.06000600060006
331,5,2,1,1,1,::::1O,1O:1O,,,1L,2,0.06000600060006
332,0,5,0,2,2,,1O:1O:1O:1O:1O,,2S:2S:2S:2S:2S:2S:2S:2S,1L:1L,2,0.06000600060006
333,5,3,0,1,1,::::1O,1O:1O:1O,,,1L,2,0.06000600060006
334,0,5,1,1,2,,1O:1O:1O:1O:1O,1N1O,,1L:1L,2,0.06000600060006
335,0,5,1,1,2,,1O:1O:1O:1O:1O,1N1O1S,,1L:1L,2,0.06000600060006
336,3,2,0,1,1,::2O,1O:1O,,,1L,2,0.06000600060006
337,0,5,0,2,2,,1O:1O:1O:1O:1O,,1S:1S:1S:1S:2S:2S:2S:2S,1L:1L,2,0.06000600060006
338,0,5,1,1,2,,1O:1O:1O:1O:1O,1N3O2S,,1L:1L,2,0.06000600060006
339,0,5,1,1,2,,1O:1O:1O:1O:1O,1O1S,,1L:1L,2,0.06000600060006
340,0,5,0,1,1,,::1O:1O1S:2O1S,,,1L,2,0.06000600060006
341,2,5,0,1,1,:1O,::1O:1O:1O1S,,,1L,2,0.06000600060006
342,2,4,1,1,1,:2O,::1O:1O,,,1L,2,0.06000600060006
343,0,5,1,1,2,,1O:1O:1O:1O:1O1S,2O1S,,1L:1L,2,0.06000600060006
344,0,4,1,2,2,,1O:1O:1O:2O1S,2O,1S:1S:1S:1S:2S:2S:2S:3S,1L:1L,2,0.06000600060006
345,0,5,0,2,2,,::1O:1O:1O,,1S:1S:1S:1S:2S:2S:2S:2S,1L:1L,2,0.06000600060006
346,0,5,0,2,3,,1O:1O:1O1S:2O:2O1S,,1S:1S:1S:1S:2S:2S:2S:2S,1L:1L:1L,2,0.06000600060006
347,1,3,1,1,1,,:1O:2O,1O,,1L,2,0.06000600060006
348,4,2,0,1,0,:::,:,,,,2,0.06000600060006
349,4,2,1,1,1,:1O:1O:1O,:1O,1O,,1L,2,0.06000600060006
350,1,4,0,2,2,,1O:1O:1O:2O1S,,1S:1S:1S:1S:2S:2S:2S:3S,1L:1L,2,0.06000600060006
351,4,2,0,1,1,::1O:2O,1O:1O,,,1L,2,0.06000600060006
352,4,2,0,1,1,:1O:1O:1O,:1O1S,,,1L,2,0.06000600060006
353,1,4,1,1,1,,:1O:1O:1O,1O,,1L,2,0.06000600060006
354,1,4,1,1,1,,:1O:1O:1O1S,2O1S,,1L,2,0.06000600060006
355,1,4,1,1,1,,::1O:1O1S,1O,,1L,2,0.06000600060006
356,4,2,0,1,1,:1O:1O:1O,1O:1O1S,,,1L,2,0.06000600060006
357,2,4,0,2,1,:1O,::1O:1O,,1S:1S:1S:1S:2S:2S:2S:2S,1L,2,0.06000600060006
358,3,3,0,1,1,:1O:1O,1O:1O:1O,,,1L,2,0.06000600060006
359,1,4,0,1,2,1O,:1O1S:2O1S:2O1S,,,1L:1L,2,0.06000600060006
360,7,1,0,1,1,:::::1O:1O,1O,,,1L,2,0.06000600060006
361,2,6,0,1,1,1O:1O,:::::1O,,,1L,2,0.06000600060006
362,3,5,0,1,1,::,::1O:1O:1O1S,,,1L,2,0.06000600060006
363,2,4,0,1,1,:2O,::1O:1O1S,,,1L,2,0.06000600060006
364,3,5,0,1,1,:1O:1O,:::1O:1O,,,1L,2,0.06000600060006
365,3,5,0,1,0,::,::::,,,,2,0.06000600060006
366,2,6,0,1,1,:,:::1O:1O:1O,,,1L,2,0.06000600060006
367,3,4,1,1,1,::1O,:::1O,1O,,1L,2,0.06000600060006
368,1,4,2,1,1,,::1O:1O,:1O,,1L,2,0.06000600060006
369,1,4,0,2,1,,::1O:1O,,1S:1S:1S:1S:2S:2S:2S:3S,1L,2,0.06000600060006
370,1,4,0,2,2,,1O:1O:1O:1O,,1S:1S:1S:1S:2S:2S:2S:2S,1L:1L,2,0.06000600060006
371,4,2,1,1,1,::1O:1O,1O:1O,,,1L,2,0.06000600060006
372,4,3,0,1,0,:::,::,,,,2,0.06000600060006
373,1,4,0,1,1,,1O:1O:1O:1O1S,,,1L,2,0.06000600060006
374,2,4,0,2,2,:1O,:1O:1O:1O,,1S:1S:1S:1S:2S:2S:2S:3S,1L:1L,2,0.06000600060006
375,2,5,1,1,1,1O:1O,::::1O,1O,,1L,2,0.06000600060006
376,1,4,0,1,1,1O,::1O1S:2O1S,,,1L,2,0.06000600060006
377,0,4,1,1,1,,:1O:1O:1O1S,,,1L,2,0.06000600060006
378,0,4,1,1,1,,:1O:1O:1O,,,1L,2,0.06000600060006
379,4,3,0,1,1,1O:1O:1O:1O,::1O,,,1L,2,0.06000600060006
380,6,1,0,1,1,:::1O:1O:1O,1O,,,1L,2,0.06000600060006
381,1,3,1,2,1,,:1O:1O,,1S:1S:1S:1S:2S:2S:2S:3S,1L,2,0.06000600060006
382,1,4,0,1,1,1O,:::1O,,,1L,2,0.06000600060006
383,4,2,1,1,1,::1O:1O,:1O,,,1L,2,0.06000600060006
384,3,3,0,1,2,1O:1O:1O,1O:1O1S:2O1S,,,1L:1L,1,0.03000300030003
385,3,2,0,1,1,1O:1O:1O,1O:2O1S,,,1L,1,0.03000300030003
386,3,2,0,1,1,1O:1O:2O,1O:1O,,,1L,1,0.03000300030003
387,3,3,0,1,2,1O:1O:1O,1O:2O:2O1S,,,1L:1L,1,0.03000300030003
388,3,1,0,1,1,:1O:1O,1O,,,1L,1,0.03000300030003
389,3,3,0,1,2,1O:1O:1O,1O1S:1O1S:2O1S,,,1L:1L,1,0.03000300030003
390,3,1,1,1,1,:1O:1O,1O,1O,,1L,1,0.03000300030003
391,3,2,0,1,0,:1O:1O,:,,,,1,0.03000300030003
392,3,2,0,1,1,1O:1O:1O,1O:1O,,,1L,1,0.03000300030003
393,3,2,0,1,0,::,1O1S:1S,,,,1,0.03000300030003
394,3,2,0,1,1,1O:1O:1O,1O:1O1S,,,1L,1,0.03000300030003
395,3,2,0,1,0,::2O,:,,,,1,0.03000300030003
396,3,2,0,1,1,:1O:1O,1O1S:1O1S,,,1L,1,0.03000300030003
397,3,3,0,1,2,::1O,1O1S:1O1S:2O,,,1L:1L,1,0.03000300030003
398,3,3,0,1,2,::,1O:1O:2O1S,,,1L:1L,1,0.03000300030003
399,3,3,0,1,2,:1O:1O,:2O1S:2O1S,,,1L:1L,1,0.03000300030003
400,3,3,0,1,2,:1O:1O,:2O:2O1S,,,1L:1L,1,0.03000300030003
401,3,2,0,1,0,::,:,,,,1,0.03000300030003
402,3,3,0,1,2,1O:1O:1O,1O:1O:1O1S,,,1L:1L,1,0.03000300030003
403,3,2,0,1,0,::,:2O1S,,,,1,0.03000300030003
404,3,2,0,1,0,::1O,1O:2O1S,,,,1,0.03000300030003
405,3,3,0,1,2,1O:1O:1O,1O:1O:1O,,,1L:1L,1,0.03000300030003
406,3,3,0,1,1,::1O,:1O1S:1O1S,,,1L,1,0.03000300030003
407,3,2,0,1,1,:1O:2O,:1O1S,,,1L,1,0.03000300030003
408,3,3,0,1,0,::1O,::,,,,1,0.03000300030003
409,3,2,1,1,2,:1O:1O,1O:2O1S,1O,,1L:1L,1,0.03000300030003
410,3,3,0,1,1,::1O,1O:1O1S:1O1S,,,1L,1,0.03000300030003
411,3,2,1,1,2,::1O,1O:2O1S,2O1S,,1L:1L,1,0.03000300030003
412,3,2,2,1,1,::,1O:1O,:1O,,1L,1,0.03000300030003
413,3,2,2,1,2,::1O,:1O1S,1O:2O1S,,1L:1L,1,0.03000300030003
414,3,3,0,1,0,1O:1O:1O,::,,,,1,0.03000300030003
415,3,3,0,1,0,:1O:1O,::,,,,1,0.03000300030003
416,3,3,0,1,0,::,::,,,,1,0.03000300030003
417,3,3,0,1,1,::,1O:2O1S:2O1S,,,1L,1,0.03000300030003
418,3,2,1,1,1,::1O,:1O,2O,,1L,1,0.03000300030003
419,3,3,0,1,1,1O:1O:1O,:1O1S:2O1S,,,1L,1,0.03000300030003
420,3,3,0,1,1,1O:1O:2O,::1O,,,1L,1,0.03000300030003
421,3,3,0,1,1,::,1O:1O1S:2O1S,,,1L,1,0.03000300030003
422,3,3,0,1,1,:1O:2O,::1O1S,,,1L,1,0.03000300030003
423,3,3,0,1,1,:1O:1O,::1O1S,,,1L,1,0.03000300030003
424,3,3,0,1,1,:1O:2O,1O:1O:1O,,,1L,1,0.03000300030003
425,3,3,0,1,1,:1O:2O,:1O:1O1S,,,1L,1,0.03000300030003
426,3,3,0,1,1,:1O:2O,::1O,,,1L,1,0.03000300030003
427,3,2,1,1,1,::1O,:1O1S,1O,,1L,1,0.03000300030003
428,3,2,1,1,1,::1O,:1O,1N1O,,1L,1,0.03000300030003
429,3,2,0,1,1,::,1O1S:2O1S,,,1L,1,0.03000300030003
430,3,2,1,1,1,1O:1O:1O,:2O1S,,,1L,1,0.03000300030003
431,3,2,0,1,1,::,1O:1O,,,1L,1,0.03000300030003
432,3,2,0,1,1,::,1O:1O1S,,,1L,1,0.03000300030003
433,3,2,0,1,1,::1O,1O:2O,,,1L,1,0.03000300030003
434,3,3,0,1,1,::1O,:2O1S:2O1S,,,1L,1,0.03000300030003
435,3,2,0,2,1,::,1O:1O1S,,2S:2S:2S:2S:2S:2S:2S:2S,1L,1,0.03000300030003
436,3,2,0,2,1,::1O,1O:1O,,1S:1S:1S:1S:2S:2S:2S:2S,1L,1,0.03000300030003
437,3,2,0,2,1,::1O,1O:1O1S,,1S:1S:1S:1S:2S:2S:2S:2S,1L,1,0.03000300030003
438,3,2,0,2,1,::1O,:1O,,:::1S:1S:2S:2S:2S,1L,1,0.03000300030003
439,3,2,1,1,1,:1O:1O,1O:1O,,,1L,1,0.03000300030003
440,3,2,1,1,1,::1O,1O:2O1S,1O,,1L,1,0.03000300030003
441,3,2,1,1,1,:1O:2O,:1O,,,1L,1,0.03000300030003
442,3,2,1,1,1,::,1O:1O,1N1O,,1L,1,0.03000300030003
443,3,3,0,1,1,::1O,1O:1O:2O,,,1L,1,0.03000300030003
444,3,2,1,1,1,::,1O:1O,1O1S,,1L,1,0.03000300030003
445,3,2,1,1,1,::,1O:1O1S,1O1S,,1L,1,0.03000300030003
446,3,2,1,1,1,::,:1O,2O1S,,1L,1,0.03000300030003
447,3,2,1,1,1,::1O,1O:1O1S,,,1L,1,0.03000300030003
448,3,2,1,1,1,::1O,1O:1O1S,1O,,1L,1,0.03000300030003
449,0,3,0,2,2,,:1O1S:2O1S,,2S:2S:2S:2S:2S:3S:3S:3S,1L:1L,1,0.03000300030003
450,3,4,0,2,1,::,::1O:1O,,1S:1S:1S:1S:2S:2S:2S:2S,1L,1,0.03000300030003
451,3,3,0,1,3,1O:1O:1O,1O:2O1S:2O1S,,,1L:1L:1L,1,0.03000300030003
452,4,3,0,1,1,:::,:1O:1O,,,1L,1,0.03000300030003
453,4,3,0,1,1,:::1O,1O:1O:2O1S,,,1L,1,0.03000300030003
454,4,3,0,1,1,:::1O,::1O,,,1L,1,0.03000300030003
455,4,3,0,1,1,:::2O,::1O,,,1L,1,0.03000300030003
456,4,3,0,1,2,::1O:1O,1O:1O:1O,,,1L:1L,1,0.03000300030003
457,4,3,0,1,2,:::1O,1O:2O1S:2O1S,,,1L:1L,1,0.03000300030003
458,4,3,0,2,1,:::,:1O:1O,,1S:1S:1S:1S:2S:2S:2S:2S,1L,1,0.03000300030003
459,4,3,0,2,1,:::1O,:1O:1O,,1S:1S:1S:1S:2S:2S:2S:3S,1L,1,0.03000300030003
460,4,3,0,2,2,::1O:1O,1O:1O:1O,,1S:1S:1S:1S:2S:2S:2S:3S,1L:1L,1,0.03000300030003
461,4,3,1,1,1,:1O:1O:1O,::1O,1O,,1L,1,0.03000300030003
462,4,3,1,1,1,:::,:1O:1O,2O,,1L,1,0.03000300030003
463,4,3,1,1,1,:::,:1O:1O1S,1O,,1L,1,0.03000300030003
464,4,3,1,1,1,:::1O,:1O:1O,1O,,1L,1,0.03000300030003
465,4,3,1,1,1,:::1O,::1O,1O,,1L,1,0.03000300030003
466,4,4,0,1,0,:::,:::,,,,1,0.03000300030003
467,4,4,0,1,1,:1O:1O:1O,:::1O,,,1L,1,0.03000300030003
468,4,4,0,1,1,::1O:1O,:::2O1S,,,1L,1,0.03000300030003
469,4,4,0,1,1,::1O:2O,::1O:1O,,,1L,1,0.03000300030003
470,4,4,0,1,1,:::,:1O:1O:1O1S,,,1L,1,0.03000300030003
471,4,4,0,1,1,:::1O,:1O:1O:1O,,,1L,1,0.03000300030003
472,4,3,0,1,1,:::1O,1O:1O1S:2O1S,,,1L,1,0.03000300030003
473,4,3,0,1,1,:::,1O:1O:1O1S,,,1L,1,0.03000300030003
474,4,4,0,2,1,:::1O,::1O:1O,,1S:1S:1S:1S:2S:2S:2S:3S,1L,1,0.03000300030003
475,4,3,0,1,1,:::,1O:1O1S:1O1S,,,1L,1,0.03000300030003
476,4,2,0,2,2,::1O:1O,1O:2O1S,,1S:1S:1S:2S:2S:2S:2S:2S,1L:1L,1,0.03000300030003
477,4,2,1,1,1,:1O:1O:1O,:1O,,,1L,1,0.03000300030003
478,4,2,1,1,1,::1O:1O,1O:1O,1O,,1L,1,0.03000300030003
479,4,2,1,1,1,::1O:1O,:1O,2O1S,,1L,1,0.03000300030003
480,4,2,1,1,1,::1O:1O,:1O1S,,,1L,1,0.03000300030003
481,4,2,1,1,1,::1O:2O,1O:1O1S,,,1L,1,0.03000300030003
482,4,2,1,1,1,:::1O,1O:1O,2O,,1L,1,0.03000300030003
483,4,2,1,1,1,:::1O,1O:1O1S,1O,,1L,1,0.03000300030003
484,4,2,1,1,1,:::1O,:1O,,,1L,1,0.03000300030003
485,4,2,1,1,1,:::1O,:1O,2O,,1L,1,0.03000300030003
486,4,3,0,1,0,:::1O,::,,,,1,0.03000300030003
487,4,3,0,1,1,:1O:1O:1O,1O:1O:1O,,,1L,1,0.03000300030003
488,4,3,0,1,1,:1O:1O:1O,::1O1S,,,1L,1,0.03000300030003
489,4,3,0,1,1,:1O:1O:1O,::2O1S,,,1L,1,0.03000300030003
490,4,3,0,1,1,::1O:1O,:1O1S:2O1S,,,1L,1,0.03000300030003
491,4,3,0,1,1,::1O:1O,:1O:2O1S,,,1L,1,0.03000300030003
492,4,3,0,1,1,::1O:1O,::2O,,,1L,1,0.03000300030003
493,4,3,0,1,1,::1O:2O,:1O:1O,,,1L,1,0.03000300030003
494,4,3,0,1,1,::1O:2O,::1O,,,1L,1,0.03000300030003
495,4,4,0,1,2,::1O:1O,:1O:1O1S:2O1S,,,1L:1L,1,0.03000300030003
496,4,4,1,1,1,:::,::1O:1O,1O,,1L,1,0.03000300030003
497,4,2,0,1,1,:::2O,1O:1O,,,1L,1,0.03000300030003
498,5,3,0,1,1,::::,:1O:1O,,,1L,1,0.03000300030003
499,5,4,0,1,1,::::1O,::1O:1O,,,1L,1,0.03000300030003
500,6,0,0,1,0,:::::1O,,,,,1,0.03000300030003
501,6,1,0,1,0,:::::,1O,,,,1,0.03000300030003
502,6,1,0,1,0,:::::1O,,,,,1,0.03000300030003
503,6,1,0,1,1,::1O:1O:1O:1O,1O,,,1L,1,0.03000300030003
504,6,1,0,1,1,:::1O:1O:1O,1O1S,,,1L,1,0.03000300030003
505,6,1,0,1,1,::::1O:1O,1O,,,1L,1,0.03000300030003
506,6,1,0,1,1,::::1O:1O,2O1S,,,1L,1,0.03000300030003
507,6,1,0,1,1,:::::2O,1O,,,1L,1,0.03000300030003
508,6,2,0,1,0,:::::,:,,,,1,0.03000300030003
509,6,2,0,1,0,:::::1O,:,,,,1,0.03000300030003
510,6,2,0,1,1,::::1O:1O,1O1S:2O1S,,,1L,1,0.03000300030003
511,6,2,0,1,1,::::1O:1O,1O:2O1S,,,1L,1,0.03000300030003
512,6,2,0,1,1,:::::1O,1O:2O1S,,,1L,1,0.03000300030003
513,6,2,0,1,1,:::::2O,1O:1O,,,1L,1,0.03000300030003
514,6,3,0,1,1,:::::1O,:1O:1O,,,1L,1,0.03000300030003
515,7,1,0,1,1,::::::1O,1O,,,1L,1,0.03000300030003
516,7,2,0,1,1,::::1O:1O:1O,:1O,,,1L,1,0.03000300030003
517,7,2,0,1,1,:::::1O:1O,1O:1O,,,1L,1,0.03000300030003
518,5,3,0,1,1,::::1O,:1O:2O1S,,,1L,1,0.03000300030003
519,5,3,0,1,1,::::,1O:1O:2O1S,,,1L,1,0.03000300030003
520,4,5,0,1,1,:::,::1O:1O:1O1S,,,1L,1,0.03000300030003
521,5,3,0,1,1,:::1O:1O,::1O,,,1L,1,0.03000300030003
522,4,5,0,1,1,:::2O,:::1O:2O,,,1L,1,0.03000300030003
523,5,1,0,1,1,:1O:1O:1O:1O,1O,,,1L,1,0.03000300030003
524,5,1,0,1,1,::1O:1O:1O,1O,,,1L,1,0.03000300030003
525,5,1,0,1,1,::::1O,1O1S,,,1L,1,0.03000300030003
526,5,1,0,1,1,::::1O,2O1S,,,1L,1,0.03000300030003
527,5,1,1,1,1,:::1O:1O,1O,,,1L,1,0.03000300030003
528,5,2,0,1,0,::::,:,,,,1,0.03000300030003
529,5,2,0,1,1,::1O:1O:1O,1O1S:2O1S,,,1L,1,0.03000300030003
530,5,2,0,1,1,::1O:1O:2O,1O:1O,,,1L,1,0.03000300030003
531,5,2,0,1,1,::1O:1O:2O,1O:1O1S,,,1L,1,0.03000300030003
532,5,2,0,1,1,:::1O:1O,1O:2O1S,,,1L,1,0.03000300030003
533,5,2,0,1,1,:::1O:1O,:1O1S,,,1L,1,0.03000300030003
534,5,2,0,1,1,::::1O,2O1S:2O1S,,,1L,1,0.03000300030003
535,5,2,0,1,1,::::2O,1O:1O,,,1L,1,0.03000300030003
536,5,2,1,1,1,:::1O:1O,1O:1O,,,1L,1,0.03000300030003
537,5,2,1,1,1,::::,1O:1O,1O,,1L,1,0.03000300030003
538,5,3,0,1,0,::::,::,,,,1,0.03000300030003
539,5,3,0,1,0,::::,::1O,,,,1,0.03000300030003
540,5,3,0,1,1,:1O:1O:1O:1O,::1O,,,1L,1,0.03000300030003
541,4,2,0,2,1,:::,1O:1O,,1S:1S:1S:1S:2S:2S:2S:3S,1L,1,0.03000300030003
542,4,2,0,1,1,:::1O,1O1S:1O1S,,,1L,1,0.03000300030003
543,3,3,0,1,3,:1O:1O,1O:2O1S:2O1S,,,1L:1L:1L,1,0.03000300030003
544,3,3,1,1,1,::,::1O,2O1S,,1L,1,0.03000300030003
545,3,3,1,1,1,::1O,1O:1O:2O1S,1O,,1L,1,0.03000300030003
546,3,3,1,1,1,::1O,:1O1S:2O1S,,,1L,1,0.03000300030003
547,3,3,1,1,1,::1O,:1O:2O,2O1S,,1L,1,0.03000300030003
548,3,3,1,1,1,::1O,:1O:2O1S,,,1L,1,0.03000300030003
549,3,3,1,1,1,::1O,::1O,,,1L,1,0.03000300030003
550,3,3,1,1,1,::2O,:1O:1O,,,1L,1,0.03000300030003
551,3,3,1,1,1,::2O,:1O:1O1S,,,1L,1,0.03000300030003
552,3,3,1,1,1,::2O,::1O,1O,,1L,1,0.03000300030003
553,3,3,1,1,2,:1O:1O,:1O:2O1S,2O1S,,1L:1L,1,0.03000300030003
554,3,4,0,1,0,::1O,:::1O1S,,,,1,0.03000300030003
555,3,4,0,1,1,1O:1O:1O,:::1O,,,1L,1,0.03000300030003
556,3,4,0,1,1,1O:1O:2O,:::1O,,,1L,1,0.03000300030003
557,3,4,0,1,1,:1O:1O,:1O:1O:2O1S,,,1L,1,0.03000300030003
558,3,4,0,1,1,:1O:1O,::1O:2O1S,,,1L,1,0.03000300030003
559,3,4,0,1,1,:1O:2O,::1O:1O,,,1L,1,0.03000300030003
560,3,4,0,1,1,:1O:2O,:::1O,,,1L,1,0.03000300030003
561,3,4,0,1,1,:1O:2O,:::1O1S,,,1L,1,0.03000300030003
562,3,4,0,1,1,::,:1O:1O1S:2O1S,,,1L,1,0.03000300030003
563,3,4,0,1,1,::,:1O:1O:2O1S,,,1L,1,0.03000300030003
564,3,3,1,1,1,::1O,1O:1O1S:2O1S,,,1L,1,0.03000300030003
565,3,3,1,1,1,::,:1O:1O1S,1O,,1L,1,0.03000300030003
566,3,4,0,1,1,::1O,:1O:1O:2O1S,,,1L,1,0.03000300030003
567,3,3,1,1,1,::,:1O:1O,1O,,1L,1,0.03000300030003
568,3,3,0,2,1,::,:1O:1O,,2S:2S:2S:2S:2S:2S:2S:2S,1L,1,0.03000300030003
569,3,3,0,2,1,::,:1O:1O,,2S:2S:2S:2S:2S:2S:3S:3S,1L,1,0.03000300030003
570,3,3,0,2,1,::,:1O:1O1S,,1S:1S:1S:1S:2S:2S:2S:2S,1L,1,0.03000300030003
571,3,3,0,2,1,::1O,:1O1S:2O1S,,1S:1S:1S:1S:2S:2S:2S:2S,1L,1,0.03000300030003
572,3,3,0,2,1,::1O,:1O:1O,,:::1S:1S:2S:2S:2S,1L,1,0.03000300030003
573,3,3,0,2,1,::1O,:1O:1O1S,,1S:1S:1S:1S:2S:2S:2S:2S,1L,1,0.03000300030003
574,3,3,0,2,1,::1O,:1O:1O1S,,1S:1S:1S:1S:2S:2S:2S:3S,1L,1,0.03000300030003
575,3,3,0,2,2,1O:1O:1O,1O:1O:1O,,1S:1S:1S:1S:2S:2S:2S:3S,1L:1L,1,0.03000300030003
576,3,3,0,2,2,:1O:1O,1O:1O:1O,,1S:1S:1S:1S:2S:2S:2S:3S,1L:1L,1,0.03000300030003
577,3,3,0,2,2,:1O:1O,1O:1O:1O1S,,2S:2S:2S:2S:2S:2S:2S:3S,1L:1L,1,0.03000300030003
578,3,3,0,2,2,:1O:1O,:1O:1O1S,,1S:1S:1S:1S:2S:2S:2S:3S,1L:1L,1,0.03000300030003
579,3,3,0,2,2,::1O,1O:1O:1O,,:::1S:1S:2S:2S:2S,1L:1L,1,0.03000300030003
580,3,3,0,2,2,::1O,1O:1O:1O1S,,:::1S:1S:2S:2S:2S,1L:1L,1,0.03000300030003
581,3,3,1,1,0,::,::,,,,1,0.03000300030003
582,3,3,1,1,1,1O:1O:1O,:1O:1O1S,,,1L,1,0.03000300030003
583,3,3,1,1,1,1O:1O:1O,::1O,1O,,1L,1,0.03000300030003
584,3,3,1,1,1,:1O:1O,:1O:1O1S,,,1L,1,0.03000300030003
585,3,3,1,1,1,:1O:1O,::1O1S,1O,,1L,1,0.03000300030003
586,3,3,1,1,1,::,:1O:1O,,,1L,1,0.03000300030003
587,3,4,0,1,1,::,::1O:2O1S,,,1L,1,0.03000300030003
588,3,4,0,1,1,::1O,::1O1S:2O1S,,,1L,1,0.03000300030003
589,4,2,0,1,1,::1O:2O,:1O,,,1L,1,0.03000300030003
590,3,4,1,1,1,::2O,::1O:1O,,,1L,1,0.03000300030003
591,3,5,0,1,1,:1O:1O,::1O:1O:1O,,,1L,1,0.03000300030003
592,3,5,0,1,1,:1O:2O,:::1O:1O,,,1L,1,0.03000300030003
593,3,5,0,1,1,::1O,:::1O:2O1S,,,1L,1,0.03000300030003
594,3,5,0,2,1,::,:::1O:1O,,1S:1S:1S:1S:2S:2S:2S:3S,1L,1,0.03000300030003
595,3,5,1,1,1,::,:::1O:1O,2O1S,,1L,1,0.03000300030003
596,3,6,0,1,1,::,:::1O:1O:1O,,,1L,1,0.03000300030003
597,3,6,0,1,1,::1O,::::1O:1O,,,1L,1,0.03000300030003
598,4,1,0,1,0,:::1O,,,,,1,0.03000300030003
599,4,1,0,1,1,1O:1O:1O:1O,1O,,,1L,1,0.03000300030003
600,4,1,0,1,1,1O:1O:1O:1O,1O1S,,,1L,1,0.03000300030003
601,4,1,0,1,1,:1O:1O:1O,1O,,,1L,1,0.03000300030003
602,4,1,0,1,1,::1O:2O,2O1S,,,1L,1,0.03000300030003
603,4,1,0,1,2,:1O:1O:1O,2O1S,,,1L:1L,1,0.03000300030003
604,4,1,1,1,1,:::1O,1O,1O,,1L,1,0.03000300030003
605,4,2,0,1,0,:::1O,:1O,,,,1,0.03000300030003
606,4,2,0,1,1,1O:1O:1O:1O,1O:1O1S,,,1L,1,0.03000300030003
607,4,2,0,1,1,1O:1O:1O:1O,:1O,,,1L,1,0.03000300030003
608,4,2,0,1,1,:1O:1O:1O,1O:2O1S,,,1L,1,0.03000300030003
609,4,2,0,1,1,::1O:1O,:1O1S,,,1L,1,0.03000300030003
610,3,5,0,1,0,::1O,::::,,,,1,0.03000300030003
611,3,4,1,1,1,::1O,::1O:1O1S,,,1L,1,0.03000300030003
612,3,4,0,1,1,::1O,:::1O1S,,,1L,1,0.03000300030003
613,3,4,1,1,1,::1O,::1O:1O,,,1L,1,0.03000300030003
614,3,4,0,1,1,::2O,::1O:2O,,,1L,1,0.03000300030003
615,3,4,0,1,2,::1O,1O:1O:1O:2O1S,,,1L:1L,1,0.03000300030003
616,3,4,0,2,1,::1O,::1O:1O,,1S:1S:1S:1S:2S:2S:2S:2S,1L,1,0.03000300030003
617,3,4,0,2,1,::1O,::1O:1O,,2S:2S:2S:2S:2S:2S:2S:2S,1L,1,0.03000300030003
618,3,4,0,2,1,::1O,::1O:1O,,:::1S:1S:2S:2S:2S,1L,1,0.03000300030003
619,3,4,0,2,1,::1O,:::1O,,:::1S:1S:2S:2S:2S,1L,1,0.03000300030003
620,3,4,0,2,1,::1O,:::1O1S,,:::1S:1S:2S:2S:2S,1L,1,0.03000300030003
621,3,4,0,2,1,::1O,:::2O1S,,:::1S:1S:2S:2S:2S,1L,1,0.03000300030003
622,3,4,0,2,2,:1O:1O,1O:1O:1O:2O1S,,2S:2S:2S:2S:2S:2S:3S:3S,1L:1L,1,0.03000300030003
623,3,4,0,2,2,:1O:1O,:1O:1O:1O,,1S:1S:1S:1S:2S:2S:2S:3S,1L:1L,1,0.03000300030003
624,3,4,0,2,2,::,1O:1O:1O:2O1S,,1S:1S:1S:1S:2S:2S:2S:2S,1L:1L,1,0.03000300030003
625,3,4,0,2,2,::1O,1O:1O:1O:1O,,1S:1S:1S:1S:2S:2S:2S:2S,1L:1L,1,0.03000300030003
626,3,4,0,2,2,::1O,1O:1O:1O:1O1S,,1S:1S:1S:1S:2S:2S:2S:3S,1L:1L,1,0.03000300030003
627,3,4,0,2,2,::1O,:1O:1O:1O,,1S:1S:1S:1S:2S:2S:2S:3S,1L:1L,1,0.03000300030003
628,3,4,1,1,1,:1O:1O,:::1O,,,1L,1,0.03000300030003
629,3,4,1,1,1,:1O:1O,:::1O,1O,,1L,1,0.03000300030003
630,3,4,1,1,1,::,:1O:1O:1O,,,1L,1,0.03000300030003
631,3,4,1,1,1,::,::1O:1O,1N3O1S,,1L,1,0.03000300030003
632,3,4,1,1,1,::1O,:1O:1O:1O1S,,,1L,1,0.03000300030003
633,2,6,0,1,1,:1O,::::1O:1O1S,,,1L,1,0.03000300030003
634,2,4,0,1,2,1O:1O,1O:1O:2O:2O1S,,,1L:1L,1,0.03000300030003
635,2,6,0,1,1,:1O,:::1O:1O:1O,,,1L,1,0.03000300030003
636,1,4,0,2,1,,::1O:1O1S,,1S:1S:1S:1S:2S:2S:2S:2S,1L,1,0.03000300030003
637,1,4,0,1,1,,::1O1S:1O1S,,,1L,1,0.03000300030003
638,1,4,0,1,1,,::1O:1O1S,,,1L,1,0.03000300030003
639,1,4,0,1,1,1O,1O:1O:1O:2O1S,,,1L,1,0.03000300030003
640,1,4,0,1,1,1O,:1O:1O1S:1O1S,,,1L,1,0.03000300030003
641,1,4,0,1,1,1O,::1O:2O1S,,,1L,1,0.03000300030003
642,1,4,0,1,1,1O,::2O1S:2O1S,,,1L,1,0.03000300030003
643,1,4,0,1,1,1O,:::1O1S,,,1L,1,0.03000300030003
644,1,4,0,1,1,2O,::1O:1O1S,,,1L,1,0.03000300030003
645,1,4,0,1,2,1O,1O:1O:1O1S:2O1S,,,1L:1L,1,0.03000300030003
646,1,4,0,1,2,1O,1O:1O:1O:1O1S,,,1L:1L,1,0.03000300030003
647,1,4,0,2,1,,::1O:1O1S,,2S:2S:2S:2S:2S:2S:2S:2S,1L,1,0.03000300030003
648,1,4,0,1,1,,:1O:1O1S:2O,,,1L,1,0.03000300030003
649,1,4,0,2,1,1O,:::1O,,:::1S:1S:2S:2S:2S,1L,1,0.03000300030003
650,1,4,0,2,2,,1O:1O:1O1S:1O1S,,1S:1S:1S:1S:2S:2S:2S:3S,1L:1L,1,0.03000300030003
651,1,4,0,2,2,,1O:1O:1O1S:1O1S,,2S:2S:2S:2S:2S:2S:3S:3S,1L:1L,1,0.03000300030003
652,1,4,0,2,2,,1O:1O:1O:1O1S,,1S:1S:1S:1S:2S:2S:2S:2S,1L:1L,1,0.03000300030003
653,1,4,0,2,2,,1O:1O:1O:2O1S,,1S:1S:1S:2S:2S:2S:2S:2S,1L:1L,1,0.03000300030003
654,1,4,0,2,2,1O,1O:1O:1O:1O,,1S:1S:1S:1S:2S:2S:2S:2S,1L:1L,1,0.03000300030003
655,1,4,0,2,2,1O,1O:1O:1O:1O1S,,1S:1S:1S:1S:2S:2S:2S:3S,1L:1L,1,0.03000300030003
656,1,4,0,2,2,1O,1O:1O:1O:2O1S,,1S:1S:1S:1S:2S:2S:2S:3S,1L:1L,1,0.03000300030003
657,1,4,0,2,2,1O,1O:1O:1O:2O1S,,2S:2S:2S:2S:2S:2S:2S:3S,1L:1L,1,0.03000300030003
658,1,4,0,2,2,1O,1O:1O:2O1S:2O1S,,1S:1S:1S:1S:2S:2S:2S:3S,1L:1L,1,0.03000300030003
659,1,4,0,1,1,,:1O:1O1S:2O1S,,,1L,1,0.03000300030003
660,1,4,0,1,1,,:1O:1O1S:1O1S,,,1L,1,0.03000300030003
661,1,4,0,2,2,1O,:1O:1O:1O,,1S:1S:1S:1S:2S:2S:2S:3S,1L:1L,1,0.03000300030003
662,1,3,1,1,1,1O,:1O:1O1S,,,1L,1,0.03000300030003
663,1,3,1,1,1,,:1O:1O,,,1L,1,0.03000300030003
664,1,3,1,1,1,,:1O:1O,1N2O1S,,1L,1,0.03000300030003
665,1,3,1,1,1,,:1O:1O,1O,,1L,1,0.03000300030003
666,1,3,1,1,1,,:1O:1O1S,1N2O,,1L,1,0.03000300030003
667,1,3,1,1,1,,:1O:2O1S,1N2O2S,,1L,1,0.03000300030003
668,1,3,1,1,1,,:1O:2O1S,2O,,1L,1,0.03000300030003
669,1,3,1,1,1,,:1O:2O1S,2O1S,,1L,1,0.03000300030003
670,1,3,1,1,1,,::1O,1O,,1L,1,0.03000300030003
671,1,3,1,1,1,1O,1O:1O:1O1S,,,1L,1,0.03000300030003
672,1,3,1,1,1,1O,:1O:1O,1O,,1L,1,0.03000300030003
673,1,3,1,1,1,2O,:1O:1O,,,1L,1,0.03000300030003
674,1,4,0,1,1,,1O:1O:1O:1O,,,1L,1,0.03000300030003
675,1,3,1,1,2,1O,1O:1O1S:1O1S,2O1S,,1L:1L,1,0.03000300030003
676,1,3,1,1,2,1O,1O:1O:1O,2O,,1L:1L,1,0.03000300030003
677,1,3,1,1,3,1O,2O:2O1S:2O1S,2O1S,,1L:1L:1L,1,0.03000300030003
678,1,3,1,2,2,1O,1O:1O:1O1S,,1S:1S:1S:1S:2S:2S:2S:3S,1L:1L,1,0.03000300030003
679,1,3,2,1,1,,:1O:1O,:2O1S,,1L,1,0.03000300030003
680,1,3,2,1,1,1O,:1O:1O,:2O1S,,1L,1,0.03000300030003
681,1,3,2,1,1,1O,::1O,:1O,,1L,1,0.03000300030003
682,1,3,2,1,2,1O,:1O1S:1O1S,:2O,,1L:1L,1,0.03000300030003
683,1,3,2,1,2,1O,:1O:1O1S,:2O1S,,1L:1L,1,0.03000300030003
684,1,4,0,1,0,,:::1O,,,,1,0.03000300030003
685,1,4,0,2,2,1O,:1O:1O1S:1O1S,,1S:1S:1S:1S:2S:2S:2S:3S,1L:1L,1,0.03000300030003
686,1,4,0,2,2,1O,:1O:1O:1O1S,,1S:1S:1S:1S:2S:2S:2S:2S,1L:1L,1,0.03000300030003
687,1,3,1,1,1,,1O:1O:1O1S,,,1L,1,0.03000300030003
688,1,5,0,1,0,,::::,,,,1,0.03000300030003
689,1,4,1,2,2,,1O:1O:1O:1O,,1S:1S:1S:1S:2S:2S:2S:3S,1L:1L,1,0.03000300030003
690,1,4,1,2,2,,1O:1O:1O:1O,1O,1S:1S:1S:1S:2S:2S:2S:3S,1L:1L,1,0.03000300030003
691,1,4,1,2,2,,1O:1O:1O:2O,1O,1S:1S:1S:1S:2S:2S:2S:3S,1L:1L,1,0.03000300030003
692,1,4,1,2,2,,1O:1O:1O:2O1S,1O,1S:1S:1S:1S:2S:2S:2S:3S,1L:1L,1,0.03000300030003
693,1,4,1,2,2,1O,1O:1O:1O:1O,1O,1S:1S:1S:1S:2S:2S:2S:2S,1L:1L,1,0.03000300030003
694,1,4,1,2,2,1O,1O:1O:1O:1O,1O,1S:1S:1S:1S:2S:2S:2S:3S,1L:1L,1,0.03000300030003
695,1,4,1,2,2,1O,1O:1O:1O:2O1S,1O,1S:1S:1S:1S:2S:2S:2S:3S,1L:1L,1,0.03000300030003
696,1,4,1,2,3,,1O:1O:1O:2O1S,1O,1S:1S:1S:1S:2S:2S:2S:3S,1L:1L:1L,1,0.03000300030003
697,1,4,1,2,3,1O,1O:1O:1O:2O1S,,1S:1S:1S:1S:2S:2S:2S:3S,1L:1L:1L,1,0.03000300030003
698,1,4,1,2,3,1O,1O:1O:1O:2O1S,1O,1S:1S:1S:1S:2S:2S:2S:3S,1L:1L:1L,1,0.03000300030003
699,1,5,0,1,0,1O,::::,,,,1,0.03000300030003
700,1,4,1,1,3,1O,:2O:2O1S:2O1S,2O,,1L:1L:1L,1,0.03000300030003
701,1,5,0,1,1,,:1O:1O:1O1S:1O1S,,,1L,1,0.03000300030003
702,1,5,0,1,1,,:1O:1O:1O:1O,,,1L,1,0.03000300030003
703,1,5,0,1,1,,:1O:1O:2O1S:2O1S,,,1L,1,0.03000300030003
704,1,5,0,1,1,,:::1O:2O1S,,,1L,1,0.03000300030003
705,1,5,0,1,1,1O,::1O:1O:2O1S,,,1L,1,0.03000300030003
706,1,5,0,1,1,1O,:::1O1S:1O1S,,,1L,1,0.03000300030003
707,1,5,0,1,1,1O,:::1O1S:2O1S,,,1L,1,0.03000300030003
708,1,5,0,1,1,1O,:::1O:2O1S,,,1L,1,0.03000300030003
709,1,5,0,1,1,2O,:::1O:1O1S,,,1L,1,0.03000300030003
710,1,5,0,1,2,,:1O:1O:2O:2O1S,,,1L:1L,1,0.03000300030003
711,1,4,1,2,1,,::1O:1O,,1S:1S:1S:1S:2S:2S:2S:2S,1L,1,0.03000300030003
712,1,4,1,1,2,2O,1O:1O:1O:1O1S,1O,,1L:1L,1,0.03000300030003
713,1,4,0,2,2,1O,::1O:1O,,1S:1S:1S:1S:2S:2S:2S:2S,1L:1L,1,0.03000300030003
714,1,4,1,1,1,2O,::1O:1O,2O1S,,1L,1,0.03000300030003
715,1,4,0,2,3,,1O:1O:1O:2O1S,,1S:1S:1S:1S:2S:2S:2S:2S,1L:1L:1L,1,0.03000300030003
716,1,4,1,1,1,,:1O:1O:2O1S,2O,,1L,1,0.03000300030003
717,1,4,1,1,1,,::1O1S:2O1S,1O,,1L,1,0.03000300030003
718,1,4,1,1,1,,::1O:2O,1O,,1L,1,0.03000300030003
719,1,4,1,1,1,,::1O:2O1S,2O1S,,1L,1,0.03000300030003
720,1,4,1,1,1,,:::1O,2O1S,,1L,1,0.03000300030003
721,1,4,1,1,1,1O,::1O:1O,2O1S,,1L,1,0.03000300030003
722,1,4,1,1,1,1O,::1O:1O1S,1O,,1L,1,0.03000300030003
723,1,4,1,1,1,1O,::1O:2O1S,1O,,1L,1,0.03000300030003
724,1,4,1,1,1,1O,:::1O,1O,,1L,1,0.03000300030003
725,1,4,1,1,2,,1O:1O:1O:1O,2O1S,,1L:1L,1,0.03000300030003
726,1,4,1,1,2,2O,1O:1O:1O:1O,1O,,1L:1L,1,0.03000300030003
727,1,4,1,1,2,,1O:1O:1O:1O1S,1O,,1L:1L,1,0.03000300030003
728,1,4,1,1,2,,1O:1O:1O:2O1S,1O,,1L:1L,1,0.03000300030003
729,1,4,1,1,2,,:1O:1O:1O,2O1S,,1L:1L,1,0.03000300030003
730,1,4,1,1,2,,::1O:1O,2O1S,,1L:1L,1,0.03000300030003
731,1,4,1,1,2,1O,1O:1O:1O:1O,1N2O1S,,1L:1L,1,0.03000300030003
732,1,4,1,1,2,1O,1O:1O:1O:1O,2O1S,,1L:1L,1,0.03000300030003
733,1,4,1,1,2,1O,1O:1O:1O:1O,3O1S,,1L:1L,1,0.03000300030003
734,1,4,1,1,2,1O,1O:1O:1O:2O1S,,,1L:1L,1,0.03000300030003
735,1,4,1,1,2,1O,1O:1O:1O:2O1S,2O,,1L:1L,1,0.03000300030003
736,1,4,1,1,2,1O,:1O:2O1S:2O1S,2O1S,,1L:1L,1,0.03000300030003
737,1,3,1,1,1,,1O:1O:1O1S,1N2O2S,,1L,1,0.03000300030003
738,1,3,1,1,1,,1O:1O:1O,,,1L,1,0.03000300030003
739,2,6,0,1,1,:,:::1O:1O:2O1S,,,1L,1,0.03000300030003
740,0,5,0,2,2,,:1O:1O1S:2O1S:2O1S,,1S:1S:1S:1S:2S:2S:2S:2S,1L:1L,1,0.03000300030003
741,0,4,1,2,2,,1O:1O:1O:1O,2O1S,1S:1S:1S:1S:2S:2S:2S:3S,1L:1L,1,0.03000300030003
742,0,4,1,2,2,,1O:1O:1O:2O1S,,1S:1S:1S:1S:2S:2S:2S:3S,1L:1L,1,0.03000300030003
743,0,4,1,2,2,,1O:1O:1O:2O1S,1O,1S:1S:1S:1S:2S:2S:2S:3S,1L:1L,1,0.03000300030003
744,0,4,2,1,1,,::1O:1O1S,:1O,,1L,1,0.03000300030003
745,0,5,0,1,1,,::1O:1O1S:1O1S,,,1L,1,0.03000300030003
746,0,5,0,1,1,,::1O:1O:2O1S,,,1L,1,0.03000300030003
747,0,5,0,1,2,,:1O:1O:1O:1O1S,,,1L:1L,1,0.03000300030003
748,0,5,0,1,2,,:1O:1O:1O:2O1S,,,1L:1L,1,0.03000300030003
749,0,5,0,2,1,,:::1O:1O1S,,1S:1S:1S:1S:2S:2S:2S:3S,1L,1,0.03000300030003
750,0,5,0,2,2,,1O:1O:1O1S:1O1S:2O,,2S:2S:2S:3S:3S:3S:3S:3S,1L:1L,1,0.03000300030003
751,0,5,0,2,2,,:1O:1O:1O1S:2O1S,,2S:2S:3S:3S:3S:3S:3S:3S,1L:1L,1,0.03000300030003
752,0,4,1,1,2,,1O:1O:1O:2O1S,2O1S,,1L:1L,1,0.03000300030003
753,0,5,0,2,2,,:1O:1O:1O:1O,,1S:1S:1S:2S:2S:2S:2S:2S,1L:1L,1,0.03000300030003
754,0,5,0,2,2,,:1O:1O:1O:1O,,2S:2S:2S:2S:2S:2S:2S:2S,1L:1L,1,0.03000300030003
755,0,5,0,2,2,,:1O:1O:1O:2O1S,,2S:2S:2S:2S:2S:2S:2S:3S,1L:1L,1,0.03000300030003
756,0,5,0,2,2,,:1O:2O:2O1S:2O1S,,2S:2S:2S:2S:2S:2S:2S:2S,1L:1L,1,0.03000300030003
757,0,5,0,2,2,,::1O:1O:1O,,2S:2S:2S:2S:2S:2S:2S:2S,1L:1L,1,0.03000300030003
758,0,5,0,2,2,,::1O:1O:1O,,2S:2S:2S:3S:3S:3S:3S:3S,1L:1L,1,0.03000300030003
759,0,5,0,2,3,,1O:1O:1O:1O1S:2O1S,,2S:2S:2S:2S:2S:2S:2S:3S,1L:1L:1L,1,0.03000300030003
760,0,5,0,2,3,,1O:1O:1O:1O:1O,,2S:2S:2S:2S:2S:2S:2S:2S,1L:1L:1L,1,0.03000300030003
761,0,5,0,2,3,,1O:1O:1O:1O:2O1S,,2S:2S:2S:2S:2S:2S:2S:2S,1L:1L:1L,1,0.03000300030003
762,0,5,0,2,3,,:1O:1O1S:2O1S:2O1S,,2S:2S:2S:2S:2S:2S:2S:2S,1L:1L:1L,1,0.03000300030003
763,0,4,1,2,2,,1O:1O:1O:1O,1O,1S:1S:1S:1S:2S:2S:2S:3S,1L:1L,1,0.03000300030003
764,0,4,1,1,2,,1O:1O:1O:2O1S,1N2O2S,,1L:1L,1,0.03000300030003
765,0,5,0,2,3,,:1O:1O:1O:2O1S,,2S:2S:2S:2S:2S:2S:2S:3S,1L:1L:1L,1,0.03000300030003
766,0,4,0,2,2,,1O:1O:1O:1O,,2S:2S:2S:2S:2S:2S:3S:3S,1L:1L,1,0.03000300030003
767,0,4,0,1,1,,:1O:1O1S:1O1S,,,1L,1,0.03000300030003
768,0,4,0,1,1,,::1O:1O,,,1L,1,0.03000300030003
769,0,4,0,1,1,,::1O:1O1S,,,1L,1,0.03000300030003
770,0,4,0,2,1,,::1O:1O,,1S:1S:1S:1S:2S:2S:2S:2S,1L,1,0.03000300030003
771,0,4,0,2,1,,::1O:1O,,2S:2S:2S:2S:2S:2S:2S:3S,1L,1,0.03000300030003
772,0,4,0,2,1,,::1O:1O1S,,2S:2S:2S:2S:2S:2S:3S:4S,1L,1,0.03000300030003
773,0,4,0,2,2,,1O:1O1S:2O1S:2O1S,,1S:1S:1S:1S:2S:2S:2S:3S,1L:1L,1,0.03000300030003
774,0,4,0,2,2,,1O:1O:1O1S:1O1S,,1S:1S:1S:1S:2S:2S:2S:3S,1L:1L,1,0.03000300030003
775,0,4,0,2,2,,1O:1O:1O:1O,,1S:1S:1S:1S:2S:2S:2S:2S,1L:1L,1,0.03000300030003
776,0,4,0,2,2,,1O:1O:1O:1O,,1S:1S:1S:1S:2S:2S:2S:3S,1L:1L,1,0.03000300030003
777,0,4,0,2,2,,1O:1O:1O:1O1S,,1S:1S:1S:1S:2S:2S:2S:3S,1L:1L,1,0.03000300030003
778,0,4,1,1,2,,1O:1O:1O:1O1S,2O,,1L:1L,1,0.03000300030003
779,0,4,0,2,2,,1O:1O:2O:2O1S,,1S:1S:1S:1S:2S:2S:2S:2S,1L:1L,1,0.03000300030003
780,0,4,0,2,2,,:1O:1O:2O1S,,2S:2S:2S:3S:3S:3S:3S:3S,1L:1L,1,0.03000300030003
781,0,4,0,2,3,,1O:1O:1O1S:2O1S,,2S:2S:2S:2S:2S:2S:2S:2S,1L:1L:1L,1,0.03000300030003
782,0,4,1,1,1,,::1O1S:1O1S,1O,,1L,1,0.03000300030003
783,0,4,1,1,1,,::1O:1O,2O1S,,1L,1,0.03000300030003
784,0,4,1,1,1,,::1O:1O,3O2S,,1L,1,0.03000300030003
785,0,4,1,1,1,,::1O:1O1S,1O,,1L,1,0.03000300030003
786,0,4,1,1,1,,::1O:2O1S,,,1L,1,0.03000300030003
787,0,4,1,1,2,,1O:1O:1O:1O,3O1S,,1L:1L,1,0.03000300030003
788,0,4,1,1,2,,1O:1O:1O:1O1S,1O,,1L:1L,1,0.03000300030003
789,0,5,0,2,3,,:1O:1O:1O:2O,,2S:2S:2S:2S:2S:2S:2S:3S,1L:1L:1L,1,0.03000300030003
790,0,5,0,2,3,,:1O:1O:2O1S:2O1S,,2S:2S:2S:2S:2S:2S:2S:2S,1L:1L:1L,1,0.03000300030003
791,1,3,1,1,1,,1O:1O1S:2O1S,,,1L,1,0.03000300030003
792,1,3,0,1,0,,::1O,,,,1,0.03000300030003
793,0,5,1,2,2,,:1O:1O:1O:1O1S,1O,1S:1S:1S:2S:2S:2S:2S:2S,1L:1L,1,0.03000300030003
794,0,5,2,1,2,,1O:1O:1O:1O:1O1S,:1O,,1L:1L,1,0.03000300030003
795,0,6,0,1,1,,::1O:1O:1O:1O,,,1L,1,0.03000300030003
796,0,6,0,1,1,,::1O:1O:1O:1O1S,,,1L,1,0.03000300030003
797,0,6,0,2,2,,::1O:1O:1O:2O,,2S:2S:2S:3S:3S:3S:3S:3S,1L:1L,1,0.03000300030003
798,0,6,1,1,1,,:::1O:1O:1O,,,1L,1,0.03000300030003
799,0,6,1,1,2,,:1O:1O:1O:1O1S:2O1S,2O1S,,1L:1L,1,0.03000300030003
800,0,6,1,1,2,,:1O:1O:1O:1O:1O,3O1S,,1L:1L,1,0.03000300030003
801,0,6,1,1,2,,:1O:1O:1O:1O:1O1S,1O,,1L:1L,1,0.03000300030003
802,0,7,0,1,1,,::::1O:1O1S:2O1S,,,1L,1,0.03000300030003
803,1,3,0,1,1,,1O:1O:1O1S,,,1L,1,0.03000300030003
804,0,5,1,1,2,,:1O:1O:1O:2O1S,2O,,1L:1L,1,0.03000300030003
805,1,3,0,1,1,,1O:1O:2O1S,,,1L,1,0.03000300030003
806,1,3,0,1,1,1O,::1O,,,1L,1,0.03000300030003
807,1,3,0,1,2,,1O:2O1S:2O1S,,,1L:1L,1,0.03000300030003
808,1,3,0,2,1,,:1O:1O,,1S:1S:1S:1S:2S:2S:2S:2S,1L,1,0.03000300030003
809,1,3,0,2,1,,:1O:1O1S,,1S:1S:1S:1S:2S:2S:2S:2S,1L,1,0.03000300030003
810,1,3,0,2,1,,:1O:1O1S,,2S:2S:2S:2S:2S:2S:2S:2S,1L,1,0.03000300030003
811,1,3,0,2,1,,:2O1S:2O1S,,1S:1S:1S:1S:2S:2S:2S:2S,1L,1,0.03000300030003
812,1,3,0,2,2,1O,1O:1O:1O,,2S:2S:3S:3S:3S:3S:3S:3S,1L:1L,1,0.03000300030003
813,1,3,0,2,2,1O,1O:1O:1O1S,,2S:2S:2S:2S:2S:2S:2S:2S,1L:1L,1,0.03000300030003
814,1,3,0,2,2,1O,1O:1O:1O1S,,2S:2S:3S:3S:3S:3S:3S:3S,1L:1L,1,0.03000300030003
815,0,5,1,2,2,,:1O:1O:1O1S:1O1S,1O,2S:2S:2S:2S:2S:2S:2S:2S,1L:1L,1,0.03000300030003
816,0,5,1,1,2,,:1O:1O:1O:1O1S,1O,,1L:1L,1,0.03000300030003
817,0,5,0,2,3,,:1O:1O:2O:2O1S,,1S:1S:1S:1S:2S:2S:2S:2S,1L:1L:1L,1,0.03000300030003
818,0,5,1,1,2,,1O:1O:1O:1O1S:2O1S,1N1O1S,,1L:1L,1,0.03000300030003
819,0,5,0,2,3,,:1O:1O:2O:2O1S,,2S:2S:2S:3S:3S:3S:3S:3S,1L:1L:1L,1,0.03000300030003
820,0,5,0,2,4,,1O:1O:1O:1O:2O1S,,1S:1S:1S:1S:2S:2S:2S:2S,1L:1L:1L:1L,1,0.03000300030003
821,0,5,1,1,1,,:1O:1O:1O:1O,1O,,1L,1,0.03000300030003
822,0,5,1,1,1,,:1O:1O:1O:2O1S,,,1L,1,0.03000300030003
823,0,5,1,1,1,,::1O:1O:1O1S,,,1L,1,0.03000300030003
824,0,5,1,1,1,,::1O:1O:1O1S,1O,,1L,1,0.03000300030003
825,0,5,1,1,1,,:::1O:1O,1N1O1S,,1L,1,0.03000300030003
826,0,5,1,1,1,,:::1O:1O,2O1S,,1L,1,0.03000300030003
827,0,5,1,1,2,,1O:1O:1O1S:1O1S:1O1S,2O,,1L:1L,1,0.03000300030003
828,0,5,1,1,2,,1O:1O:1O:1O1S:1O1S,1O,,1L:1L,1,0.03000300030003
829,0,5,1,1,2,,1O:1O:1O:1O:1O,1N2O1S,,1L:1L,1,0.03000300030003
830,0,5,1,1,2,,:1O:1O:1O1S:2O1S,1O,,1L:1L,1,0.03000300030003
831,0,5,1,1,2,,1O:1O:1O:1O:1O,1N2O2S,,1L:1L,1,0.03000300030003
832,0,5,1,1,2,,1O:1O:1O:1O:1O,1N3O1S,,1L:1L,1,0.03000300030003
833,0,5,1,1,2,,1O:1O:1O:1O:1O,2O,,1L:1L,1,0.03000300030003
834,0,5,1,1,2,,1O:1O:1O:1O:1O,2O2S,,1L:1L,1,0.03000300030003
835,0,5,1,1,2,,1O:1O:1O:1O:1O,3O,,1L:1L,1,0.03000300030003
836,0,5,1,1,2,,1O:1O:1O:1O:1O1S,1N2O2S,,1L:1L,1,0.03000300030003
837,0,5,1,1,2,,1O:1O:1O:1O:1O1S,1O,,1L:1L,1,0.03000300030003
838,0,5,1,1,2,,1O:1O:1O:1O:1O1S,2O,,1L:1L,1,0.03000300030003
839,0,5,1,1,2,,1O:1O:1O:1O:2O1S,1O1S,,1L:1L,1,0.03000300030003
840,0,5,1,1,2,,1O:1O:1O:2O1S:2O1S,3O1S,,1L:1L,1,0.03000300030003
841,1,5,0,1,2,,::1O1S:2O1S:2O1S,,,1L:1L,1,0.03000300030003
842,1,5,0,1,2,1O,:1O:1O:1O:1O1S,,,1L:1L,1,0.03000300030003
843,1,5,0,1,2,2O,1O:1O:1O:1O:1O,,,1L:1L,1,0.03000300030003
844,2,4,0,2,1,:,::1O:1O1S,,1S:1S:1S:1S:2S:2S:2S:2S,1L,1,0.03000300030003
845,0,3,2,1,1,,:1O:1O1S,:1O,,1L,1,0.03000300030003
846,2,4,0,1,2,1O:1O,:1O:1O:1O,,,1L:1L,1,0.03000300030003
847,2,4,0,1,2,:,1O:1O:1O:1O,,,1L:1L,1,0.03000300030003
848,2,4,0,1,2,:1O,1O:1O:1O:2O1S,,,1L:1L,1,0.03000300030003
849,2,4,0,1,2,:1O,:1O1S:2O1S:2O1S,,,1L:1L,1,0.03000300030003
850,2,4,0,1,2,:1O,:1O:2O1S:2O1S,,,1L:1L,1,0.03000300030003
851,2,4,0,1,2,:1O,:2O1S:2O1S:2O1S,,,1L:1L,1,0.03000300030003
852,2,4,0,2,1,1O:1O,::1O:1O1S,,1S:1S:1S:1S:2S:2S:2S:3S,1L,1,0.03000300030003
853,2,4,0,2,1,:,::1O:1O,,2S:2S:2S:2S:2S:2S:2S:2S,1L,1,0.03000300030003
854,2,4,0,2,1,:,::1O:1O,,2S:2S:2S:2S:2S:2S:3S:3S,1L,1,0.03000300030003
855,2,4,0,2,1,:1O,::1O:1O,,:1S:1S:1S:2S:2S:2S:2S,1L,1,0.03000300030003
856,2,4,0,1,1,:1O,:::1O,,,1L,1,0.03000300030003
857,2,4,0,2,1,:1O,:::2O1S,,:::1S:1S:2S:2S:2S,1L,1,0.03000300030003
858,2,4,0,2,2,1O:1O,1O:1O:1O1S:1O1S,,1S:1S:1S:1S:2S:2S:2S:3S,1L:1L,1,0.03000300030003
859,2,4,0,2,2,1O:1O,1O:1O:1O:1O,,1S:1S:1S:1S:2S:2S:2S:3S,1L:1L,1,0.03000300030003
860,2,4,0,2,2,1O:1O,1O:1O:1O:1O,,2S:2S:2S:2S:2S:2S:2S:2S,1L:1L,1,0.03000300030003
861,2,4,0,2,2,1O:1O,:1O:1O:1O1S,,1S:1S:1S:1S:2S:2S:2S:2S,1L:1L,1,0.03000300030003
862,2,4,0,2,2,1O:1O,:1O:1O:2O1S,,1S:1S:1S:1S:2S:2S:2S:3S,1L:1L,1,0.03000300030003
863,2,4,0,2,2,1O:2O,:1O:1O:1O1S,,1S:1S:1S:1S:2S:2S:2S:3S,1L:1L,1,0.03000300030003
864,2,4,0,2,2,:,1O:1O:1O:1O1S,,1S:1S:1S:1S:2S:2S:2S:2S,1L:1L,1,0.03000300030003
865,2,4,0,2,2,:,1O:1O:1O:2O1S,,1S:1S:1S:1S:2S:2S:2S:2S,1L:1L,1,0.03000300030003
866,2,4,0,2,2,:1O,1O:1O:1O:1O,,1S:1S:1S:1S:2S:2S:2S:3S,1L:1L,1,0.03000300030003
867,2,4,0,1,1,:2O,:1O:1O:1O,,,1L,1,0.03000300030003
868,2,4,0,1,1,:1O,::1O1S:1O1S,,,1L,1,0.03000300030003
869,2,4,0,2,2,:1O,1O:1O:1O:2O1S,,1S:1S:1S:1S:2S:2S:2S:2S,1L:1L,1,0.03000300030003
870,2,3,1,2,2,1O:1O,:1O:2O1S,1O,1S:1S:1S:1S:2S:2S:2S:3S,1L:1L,1,0.03000300030003
871,2,3,1,1,1,:1O,:1O1S:1O1S,,,1L,1,0.03000300030003
872,2,3,1,1,1,:1O,:1O:1O,2O,,1L,1,0.03000300030003
873,2,3,1,1,1,:1O,::1O,,,1L,1,0.03000300030003
874,2,3,1,1,1,:1O,::1O,1N1O1S,,1L,1,0.03000300030003
875,2,3,1,1,1,:1O,::1O,2O1S,,1L,1,0.03000300030003
876,2,3,1,1,1,:1O,::2O,1O,,1L,1,0.03000300030003
877,2,3,1,1,2,1O:1O,1O:1O:1O,1O,,1L:1L,1,0.03000300030003
878,2,3,1,1,2,1O:1O,:1O:2O1S,,,1L:1L,1,0.03000300030003
879,2,3,1,1,2,:1O,1O:1O1S:2O1S,,,1L:1L,1,0.03000300030003
880,2,3,1,1,2,:1O,:1O:1O1S,2O1S,,1L:1L,1,0.03000300030003
881,2,4,0,1,0,1O:1O,:::,,,,1,0.03000300030003
882,2,4,0,1,1,:1O,:1O:1O1S:1O1S,,,1L,1,0.03000300030003
883,2,4,0,1,0,:,:::1O1S,,,,1,0.03000300030003
884,2,4,0,1,1,1O:1O,:1O1S:2O:2O1S,,,1L,1,0.03000300030003
885,2,4,0,1,1,1O:1O,::1O:2O1S,,,1L,1,0.03000300030003
886,2,4,0,1,1,1O:1O,:::1O1S,,,1L,1,0.03000300030003
887,2,4,0,1,1,:,1O:1O:1O:1O1S,,,1L,1,0.03000300030003
888,2,4,0,1,1,:,:1O:1O1S:1O1S,,,1L,1,0.03000300030003
889,2,4,0,1,1,:,:1O:1O1S:2O1S,,,1L,1,0.03000300030003
890,2,4,0,1,1,:,:1O:1O:2O,,,1L,1,0.03000300030003
891,2,4,0,1,1,:,:1O:2O:2O1S,,,1L,1,0.03000300030003
892,2,4,0,1,1,:,::1O:2O1S,,,1L,1,0.03000300030003
893,2,4,0,2,2,:1O,1O:1O:1O:1O1S,,2S:2S:2S:2S:2S:2S:2S:2S,1L:1L,1,0.03000300030003
894,2,4,0,2,2,:1O,:1O:1O:1O,,2S:2S:2S:2S:2S:2S:2S:3S,1L:1L,1,0.03000300030003
895,1,5,0,1,3,1O,1O:1O:1O:1O:1O1S,,,1L:1L:1L,1,0.03000300030003
896,2,5,0,1,2,:,1O:1O:1O:1O:1O1S,,,1L:1L,1,0.03000300030003
897,2,4,1,2,2,:1O,1O:1O:1O:1O1S,,1S:1S:1S:1S:2S:2S:2S:2S,1L:1L,1,0.03000300030003
898,2,4,2,1,1,:1O,::1O1S:1O1S,:1O,,1L,1,0.03000300030003
899,2,5,0,1,1,1O:1O,::1O:1O:1O,,,1L,1,0.03000300030003
900,2,5,0,1,1,1O:1O,:::1O:1O1S,,,1L,1,0.03000300030003
901,2,5,0,1,1,1O:1O,::::1O,,,1L,1,0.03000300030003
902,2,5,0,1,1,1O:2O,:::1O:1O,,,1L,1,0.03000300030003
903,2,5,0,1,1,:,:1O:1O:1O:1O,,,1L,1,0.03000300030003
904,2,5,0,1,1,:,::1O:1O:2O,,,1L,1,0.03000300030003
905,2,5,0,1,1,:,::1O:2O1S:2O1S,,,1L,1,0.03000300030003
906,2,5,0,1,1,:,:::1O:1O,,,1L,1,0.03000300030003
907,2,5,0,1,2,:1O,1O:1O:1O:1O:1O,,,1L:1L,1,0.03000300030003
908,2,4,1,2,2,:1O,1O:1O:1O:1O,,1S:1S:1S:1S:2S:2S:2S:2S,1L:1L,1,0.03000300030003
909,2,5,0,1,2,:1O,:::2O1S:2O1S,,,1L:1L,1,0.03000300030003
910,2,5,0,2,2,1O:1O,:1O:1O:1O:1O,,2S:2S:2S:2S:2S:2S:2S:2S,1L:1L,1,0.03000300030003
911,2,5,0,2,2,:1O,1O:1O:1O:1O:2O,,1S:1S:1S:1S:2S:2S:2S:2S,1L:1L,1,0.03000300030003
912,2,5,1,1,1,:,::1O:1O:1O,,,1L,1,0.03000300030003
913,2,5,1,1,1,:,:::1O1S:2O1S,,,1L,1,0.03000300030003
914,2,5,1,1,1,:,:::1O:1O,2O1S,,1L,1,0.03000300030003
915,2,5,1,1,1,:1O,:::1O:1O,,,1L,1,0.03000300030003
916,2,5,1,1,1,:1O,:::1O:1O1S,1O,,1L,1,0.03000300030003
917,2,5,1,1,1,:2O,::::1O,1O,,1L,1,0.03000300030003
918,2,6,0,1,1,1O:1O,::::1O:1O,,,1L,1,0.03000300030003
919,2,4,1,2,2,:1O,1O:1O:1O:1O,,1S:1S:1S:1S:2S:2S:2S:3S,1L:1L,1,0.03000300030003
920,2,4,1,2,1,:,::1O:1O,,1S:1S:1S:1S:2S:2S:2S:2S,1L,1,0.03000300030003
921,2,4,0,2,2,:1O,:1O:1O:1O,,:::1S:1S:2S:2S:2S,1L:1L,1,0.03000300030003
922,2,4,1,1,1,:1O,::1O:1O,1O1S,,1L,1,0.03000300030003
923,2,4,0,2,2,:1O,::1O:1O1S,,1S:1S:1S:1S:2S:2S:2S:2S,1L:1L,1,0.03000300030003
924,2,4,0,2,2,:2O,1O:1O:1O:2O1S,,1S:1S:1S:1S:2S:2S:2S:2S,1L:1L,1,0.03000300030003
925,2,4,0,2,3,:,1O:1O:1O:2O1S,,1S:1S:1S:1S:2S:2S:2S:2S,1L:1L:1L,1,0.03000300030003
926,2,4,1,1,1,1O:1O,::1O:1O1S,,,1L,1,0.03000300030003
927,2,4,1,1,1,1O:1O,:::1O,1O,,1L,1,0.03000300030003
928,2,4,1,1,1,:,:1O:1O:1O,1O,,1L,1,0.03000300030003
929,2,4,1,1,1,:,:1O:1O:1O1S,,,1L,1,0.03000300030003
930,2,4,1,1,1,:,::1O:1O,2O1S,,1L,1,0.03000300030003
931,2,4,1,1,1,:,::1O:1O1S,1O,,1L,1,0.03000300030003
932,2,4,1,1,1,:,::1O:1O1S,2O,,1L,1,0.03000300030003
933,2,4,1,1,1,:1O,::1O:1O,2O,,1L,1,0.03000300030003
934,2,4,1,1,2,:1O,1O:1O:1O:2O1S,,,1L:1L,1,0.03000300030003
935,2,4,1,1,1,:1O,::1O:1O,2O1S,,1L,1,0.03000300030003
936,2,4,1,1,1,:1O,::1O:1O,3O1S,,1L,1,0.03000300030003
937,2,4,1,1,1,:1O,::1O:1O1S,1O,,1L,1,0.03000300030003
938,2,4,1,1,1,:1O,:::1O,3O1S,,1L,1,0.03000300030003
939,2,4,1,1,1,:2O,::1O1S:2O1S,,,1L,1,0.03000300030003
940,2,4,1,1,2,1O:1O,1O:1O:1O:1O,1O,,1L:1L,1,0.03000300030003
941,2,4,1,1,2,1O:1O,:1O:1O:1O,1O,,1L:1L,1,0.03000300030003
942,2,4,1,1,2,1O:1O,:1O:2O1S:2O1S,1O,,1L:1L,1,0.03000300030003
943,2,4,1,1,2,:,1O:1O:1O:1O,1O,,1L:1L,1,0.03000300030003
944,2,4,1,1,2,:1O,1O:1O:1O:1O,1O,,1L:1L,1,0.03000300030003
945,2,3,1,1,1,:1O,1O:2O1S:2O1S,,,1L,1,0.03000300030003
946,2,3,1,1,1,:1O,1O:1O:2O1S,,,1L,1,0.03000300030003
947,2,3,1,1,1,:1O,1O:1O:2O,,,1L,1,0.03000300030003
948,2,2,0,2,1,:1O,:2O1S,,:::1S:1S:2S:2S:2S,1L,1,0.03000300030003
949,1,6,0,1,1,1O,::::1O:1O1S,,,1L,1,0.03000300030003
950,1,6,1,1,1,,:::1O:1O:1O1S,,,1L,1,0.03000300030003
951,1,6,1,1,1,,::::1O:1O,1O,,1L,1,0.03000300030003
952,1,6,1,1,2,,:1O:1O:1O:1O:1O1S,1O,,1L:1L,1,0.03000300030003
953,2,2,0,1,1,1O:1O,1O:1O1S,,,1L,1,0.03000300030003
954,2,2,0,1,1,1O:1O,:1O1S,,,1L,1,0.03000300030003
955,2,2,0,1,1,1O:2O,:1O,,,1L,1,0.03000300030003
956,2,2,0,1,1,:,1O:1O1S,,,1L,1,0.03000300030003
957,2,2,0,1,1,:1O,1O:1O1S,,,1L,1,0.03000300030003
958,2,2,0,1,1,:1O,2O1S:2O1S,,,1L,1,0.03000300030003
959,2,2,1,1,1,1O:1O,1O:1O,,,1L,1,0.03000300030003
960,1,5,2,1,1,,:::1O:1O,:1O,,1L,1,0.03000300030003
961,2,2,1,1,1,1O:1O,:1O,,,1L,1,0.03000300030003
962,2,2,1,1,1,1O:2O,:1O,2O1S,,1L,1,0.03000300030003
963,2,2,1,1,1,:1O,1O:1O,1O,,1L,1,0.03000300030003
964,2,2,1,1,1,:1O,1O:1O1S,,,1L,1,0.03000300030003
965,2,2,1,1,1,:1O,:2O1S,1O,,1L,1,0.03000300030003
966,2,2,1,1,2,:1O,1O:2O1S,2O,,1L:1L,1,0.03000300030003
967,2,2,1,2,1,:1O,:1O,1O,1S:1S:1S:1S:2S:2S:2S:2S,1L,1,0.03000300030003
968,2,2,1,2,1,:1O,:2O1S,1O,1S:1S:1S:1S:1S:2S:2S:2S,1L,1,0.03000300030003
969,2,3,0,1,0,:,::,,,,1,0.03000300030003
970,2,3,0,1,1,1O:1O,1O:1O:1O,,,1L,1,0.03000300030003
971,1,6,0,1,1,,::::1O:1O,,,1L,1,0.03000300030003
972,1,5,1,1,2,2O,::1O:1O:2O1S,2O1S,,1L:1L,1,0.03000300030003
973,2,3,1,1,1,:1O,1O:1O:1O1S,,,1L,1,0.03000300030003
974,1,5,1,1,1,,::1O:1O:1O,,,1L,1,0.03000300030003
975,1,5,0,2,1,,::1O:1O:2O1S,,1S:1S:1S:1S:2S:2S:2S:2S,1L,1,0.03000300030003
976,1,5,0,2,1,,:::1O:1O,,1S:1S:1S:1S:2S:2S:2S:3S,1L,1,0.03000300030003
977,1,5,0,2,1,,:::1O:1O,,2S:2S:2S:2S:2S:2S:2S:3S,1L,1,0.03000300030003
978,1,5,0,2,1,1O,::1O:1O:2O1S,,1S:1S:1S:1S:2S:2S:2S:2S,1L,1,0.03000300030003
979,1,5,0,2,1,1O,:::1O:1O,,1S:1S:1S:1S:2S:2S:2S:2S,1L,1,0.03000300030003
980,1,5,0,2,2,,::1O:1O:2O1S,,1S:1S:1S:1S:2S:2S:2S:2S,1L:1L,1,0.03000300030003
981,1,5,0,2,2,1O,:1O:1O:1O:1O,,1S:1S:1S:1S:2S:2S:2S:3S,1L:1L,1,0.03000300030003
982,1,5,0,2,2,1O,:1O:1O:1O:1O,,2S:2S:2S:2S:2S:2S:2S:3S,1L:1L,1,0.03000300030003
983,1,5,0,2,2,1O,:1O:1O:1O:1O1S,,1S:1S:1S:1S:2S:2S:2S:2S,1L:1L,1,0.03000300030003
984,1,5,0,2,2,1O,::1O:1O:1O,,1S:1S:1S:1S:2S:2S:2S:2S,1L:1L,1,0.03000300030003
985,1,5,1,1,1,,::1O:1O:1O1S,,,1L,1,0.03000300030003
986,1,5,1,1,2,1O,:1O:1O:1O:2O1S,1O,,1L:1L,1,0.03000300030003
987,1,5,1,1,1,,::1O:1O:1O1S,1O,,1L,1,0.03000300030003
988,1,5,1,1,1,,:::1O:1O,2O1S,,1L,1,0.03000300030003
989,1,5,1,1,1,1O,::1O:1O:1O,,,1L,1,0.03000300030003
990,1,5,1,1,1,1O,:::1O:1O,1O1S,,1L,1,0.03000300030003
991,1,5,1,1,1,1O,::::1O,2O,,1L,1,0.03000300030003
992,1,5,1,1,2,,1O:1O:1O:1O:1O,1N3O2S,,1L:1L,1,0.03000300030003
993,1,5,1,1,2,,1O:1O:1O:1O:1O,1O,,1L:1L,1,0.03000300030003
994,1,5,1,1,2,,1O:1O:1O:1O:1O1S,2O,,1L:1L,1,0.03000300030003
995,1,5,1,1,2,,1O:1O:1O:2O1S:2O1S,1O,,1L:1L,1,0.03000300030003
996,1,5,1,1,2,1O,:1O:1O:1O:1O,1O1S,,1L:1L,1,0.03000300030003
997,2,3,0,1,1,1O:1O,1O:2O1S:2O1S,,,1L,1,0.03000300030003
998,2,3,0,1,1,1O:2O,:1O:1O,,,1L,1,0.03000300030003
999,2,3,0,1,1,1O:2O,::1O,,,1L,1,0.03000300030003
1000,2,3,1,1,1,1O:2O,:1O:1O1S,,,1L,1,0.03000300030003
1001,2,3,0,2,2,1O:1O,1O:1O:2O1S,,1S:1S:1S:1S:2S:2S:2S:3S,1L:1L,1,0.03000300030003
1002,2,3,0,2,2,1O:1O,:1O:1O,,1S:1S:1S:1S:2S:2S:2S:3S,1L:1L,1,0.03000300030003
1003,2,3,0,2,2,1O:1O,:1O:2O1S,,2S:2S:2S:2S:2S:2S:2S:3S,1L:1L,1,0.03000300030003
1004,2,3,0,2,2,:1O,1O:1O:1O,,2S:2S:3S:3S:3S:3S:3S:3S,1L:1L,1,0.03000300030003
1005,2,3,0,2,2,:1O,:1O:1O1S,,1S:1S:1S:1S:2S:2S:2S:3S,1L:1L,1,0.03000300030003
1006,2,3,0,2,2,:1O,:2O1S:2O1S,,::1S:1S:1S:2S:2S:2S,1L:1L,1,0.03000300030003
1007,2,3,0,2,2,:2O,1O:1O:2O,,1S:1S:1S:1S:2S:2S:2S:2S,1L:1L,1,0.03000300030003
1008,2,3,0,2,3,1O:1O,1O:1O:2O,,1S:1S:1S:1S:2S:2S:2S:2S,1L:1L:1L,1,0.03000300030003
1009,2,3,1,1,1,1O:1O,1O:1O:1O,,,1L,1,0.03000300030003
1010,2,3,1,1,1,1O:1O,:1O:1O1S,,,1L,1,0.03000300030003
1011,2,3,1,1,1,1O:2O,::1O,,,1L,1,0.03000300030003
1012,2,3,0,1,1,:,:1O1S:1O1S,,,1L,1,0.03000300030003
1013,2,3,1,1,1,:,1O:1O1S:1O1S,,,1L,1,0.03000300030003
1014,2,3,1,1,1,:,1O:1O:1O,,,1L,1,0.03000300030003
1015,2,3,1,1,1,:,:1O:1O,,,1L,1,0.03000300030003
1016,2,3,1,1,1,:,:1O:1O,1N1O1S,,1L,1,0.03000300030003
1017,2,3,1,1,1,:,:1O:1O,1N2O1S,,1L,1,0.03000300030003
1018,2,3,1,1,1,:,:1O:1O,1N3O1S,,1L,1,0.03000300030003
1019,2,3,1,1,1,:,:1O:1O,2O1S,,1L,1,0.03000300030003
1020,2,3,1,1,1,:,:1O:1O1S,1O1S,,1L,1,0.03000300030003
1021,2,3,1,1,1,:,:1O:2O1S,1O,,1L,1,0.03000300030003
1022,2,3,1,1,1,:1O,1O:1O:1O,,,1L,1,0.03000300030003
1023,2,3,0,2,2,1O:1O,1O:1O:1O,,::1S:1S:2S:2S:2S:2S,1L:1L,1,0.03000300030003
1024,2,3,0,2,1,:1O,::1O1S,,:::1S:1S:2S:2S:2S,1L,1,0.03000300030003
1025,2,3,0,2,1,:1O,:1O:1O,,:::1S:1S:2S:2S:2S,1L,1,0.03000300030003
1026,2,3,0,2,1,:1O,:1O:1O,,:1S:1S:1S:2S:2S:2S:2S,1L,1,0.03000300030003
1027,2,3,0,1,1,:,:1O:1O1S,,,1L,1,0.03000300030003
1028,2,3,0,1,1,:,:2O1S:2O1S,,,1L,1,0.03000300030003
1029,2,3,0,1,1,:1O,1O:1O1S:2O,,,1L,1,0.03000300030003
1030,2,3,0,1,1,:1O,1O:1O1S:2O1S,,,1L,1,0.03000300030003
1031,2,3,0,1,1,:1O,1O:1O:2O,,,1L,1,0.03000300030003
1032,2,3,0,1,1,:1O,:1O1S:1O1S,,,1L,1,0.03000300030003
1033,2,3,0,1,1,:1O,:1O1S:2O1S,,,1L,1,0.03000300030003
1034,2,3,0,1,1,:2O,:1O:1O1S,,,1L,1,0.03000300030003
1035,2,3,0,1,1,:2O,:1O:2O1S,,,1L,1,0.03000300030003
1036,2,3,0,1,2,1O:1O,1O1S:2O1S:2O1S,,,1L:1L,1,0.03000300030003
1037,2,3,0,1,2,1O:1O,1O:1O1S:2O1S,,,1L:1L,1,0.03000300030003
1038,2,3,0,1,2,1O:1O,1O:2O1S:2O1S,,,1L:1L,1,0.03000300030003
1039,2,3,0,1,2,1O:2O,:1O:2O1S,,,1L:1L,1,0.03000300030003
1040,2,3,0,1,2,:1O,1O1S:1O1S:2O1S,,,1L:1L,1,0.03000300030003
1041,2,3,0,1,3,1O:2O,2O1S:2O1S:2O1S,,,1L:1L:1L,1,0.03000300030003
1042,2,3,0,2,1,1O:1O,:1O:1O,,:::1S:1S:2S:2S:2S,1L,1,0.03000300030003
1043,2,3,0,2,1,:,:1O:1O1S,,1S:1S:1S:1S:2S:2S:2S:2S,1L,1,0.03000300030003
1044,2,3,0,2,1,:,:1O:1O1S,,1S:1S:1S:1S:2S:2S:2S:3S,1L,1,0.03000300030003
1045,2,3,0,2,1,:,:1O:1O1S,,2S:2S:2S:2S:2S:2S:2S:2S,1L,1,0.03000300030003
1046,2,3,0,2,1,:1O,:1O:1O,,1S:1S:1S:1S:2S:2S:2S:2S,1L,1,0.03000300030003
1047,2,3,0,2,1,:1O,:1O:1O,,1S:1S:1S:1S:2S:2S:2S:3S,1L,1,0.03000300030003
1048,7,2,0,1,1,:::::1O:1O,1O:1O1S,,,1L,1,0.03000300030003
