,num_dol,num_ems,num_tfsi,num_ps,num_li,atoms_dol,atoms_ems,atoms_tfsi,atoms_ps,atoms_li,count,%
0,6,5,0,1,1,:::1O:1O:1O,::1O:1O:1O1S,,,1L,52,1.56015601560156
1,6,4,0,1,1,:::1O:1O:1O,:1O:1O:1O1S,,,1L,44,1.32013201320132
2,7,5,0,1,1,::::1O:1O:1O,::1O:1O:1O1S,,,1L,43,1.29012901290129
3,7,4,0,1,1,::::1O:1O:1O,:1O:1O:1O1S,,,1L,40,1.2001200120012
4,7,4,0,1,1,::::1O:1O:1O,:1O:1O:1O,,,1L,38,1.14011401140114
5,7,4,0,1,1,:::1O:1O:1O:1O,:1O:1O:1O1S,,,1L,35,1.05010501050105
6,7,5,0,1,1,::::1O:1O:1O,::1O:1O:1O,,,1L,33,0.99009900990099
7,7,5,0,1,1,:::1O:1O:1O:1O,::1O:1O:1O,,,1L,33,0.99009900990099
8,6,4,0,1,1,:::1O:1O:1O,:1O:1O:1O,,,1L,29,0.8700870087008701
9,7,5,0,1,1,:::1O:1O:1O:1O,::1O:1O:1O1S,,,1L,27,0.8100810081008101
10,5,5,0,1,1,::1O:1O:1O,::1O:1O:1O1S,,,1L,25,0.7500750075007501
11,6,5,0,1,1,:::1O:1O:1O,::1O:1O:1O,,,1L,25,0.7500750075007501
12,5,4,0,1,1,::1O:1O:1O,:1O:1O1S:1O1S,,,1L,22,0.6600660066006601
13,7,6,0,1,1,::::1O:1O:1O,:::1O:1O:1O1S,,,1L,21,0.6300630063006301
14,6,4,0,1,1,::1O:1O:1O:1O,:1O:1O:1O,,,1L,21,0.6300630063006301
15,7,6,0,1,1,::::1O:1O:1O,:::1O:1O:1O,,,1L,21,0.6300630063006301
16,5,4,0,1,1,::1O:1O:1O,:1O:1O:1O1S,,,1L,20,0.6000600060006
17,7,4,0,1,1,:::1O:1O:1O:1O,:1O:1O:1O,,,1L,20,0.6000600060006
18,6,4,0,1,1,::1O:1O:1O:1O,:1O:1O:1O1S,,,1L,20,0.6000600060006
19,8,5,0,1,1,:::::1O:1O:1O,::1O:1O:1O,,,1L,19,0.57005700570057
20,8,5,0,1,1,::::1O:1O:1O:1O,::1O:1O:1O,,,1L,19,0.57005700570057
21,6,3,0,1,1,:::1O:1O:1O,1O:1O:1O1S,,,1L,18,0.54005400540054
22,8,6,0,1,1,:::::1O:1O:1O,:::1O:1O:1O,,,1L,18,0.54005400540054
23,6,4,0,1,1,:::1O:1O:1O,:1O:1O1S:1O1S,,,1L,18,0.54005400540054
24,6,3,0,1,0,:::::,::,,,,18,0.54005400540054
25,8,4,0,1,1,::::1O:1O:1O:1O,:1O:1O:1O1S,,,1L,17,0.51005100510051
26,6,6,0,1,1,:::1O:1O:1O,:::1O:1O:1O1S,,,1L,17,0.51005100510051
27,6,5,0,1,1,:::1O:1O:2O,::1O:1O:2O1S,,,1L,16,0.48004800480048
28,8,4,0,1,1,:::::1O:1O:1O,:1O:1O:1O,,,1L,16,0.48004800480048
29,6,4,0,1,0,:::::,:::,,,,14,0.42004200420042
30,8,5,0,1,1,::::1O:1O:1O:1O,::1O:1O:1O1S,,,1L,13,0.39003900390039
31,7,3,0,1,0,::::::,::,,,,13,0.39003900390039
32,8,5,0,1,1,:::::1O:1O:1O,::1O:1O:1O1S,,,1L,13,0.39003900390039
33,7,3,0,1,1,::::1O:1O:1O,1O:1O:1O1S,,,1L,13,0.39003900390039
34,7,4,0,1,0,::::::,:::,,,,13,0.39003900390039
35,6,4,1,1,1,:::1O:1O:1O,:1O:1O:1O1S,,,1L,13,0.39003900390039
36,7,4,0,1,1,::::1O:1O:1O,::1O:1O,,,1L,12,0.36003600360036
37,6,5,0,1,1,::1O:1O:1O:1O,::1O:1O:1O1S,,,1L,12,0.36003600360036
38,6,5,0,1,1,:::1O:1O:2O,::1O:1O1S:2O1S,,,1L,12,0.36003600360036
39,6,4,0,1,0,:::::1O,:::,,,,12,0.36003600360036
40,8,4,0,1,1,:::::1O:1O:1O,:1O:1O:1O1S,,,1L,12,0.36003600360036
41,6,3,0,1,1,::1O:1O:1O:1O,1O:1O:1O1S,,,1L,12,0.36003600360036
42,7,6,0,1,1,::::1O:1O:2O,:::1O:1O:2O1S,,,1L,12,0.36003600360036
43,6,4,0,1,1,::1O:1O:1O:1O,:1O:1O1S:1O1S,,,1L,12,0.36003600360036
44,8,6,0,1,1,:::::1O:1O:1O,:::1O:1O:1O1S,,,1L,11,0.33003300330033
45,7,4,0,1,0,::::::1O,:::,,,,11,0.33003300330033
46,7,5,0,1,1,::::1O:1O:1O,::1O:1O1S:1O1S,,,1L,11,0.33003300330033
47,6,5,1,1,1,:::1O:1O:1O,::1O:1O:1O1S,,,1L,11,0.33003300330033
48,8,7,0,1,1,:::::1O:1O:1O,::::1O:1O:1O1S,,,1L,11,0.33003300330033
49,5,4,0,1,1,::1O:1O:1O,:1O:1O:1O,,,1L,11,0.33003300330033
50,6,5,0,1,1,:::1O:1O:1O,::1O:1O1S:1O1S,,,1L,11,0.33003300330033
51,6,5,0,1,1,::1O:1O:1O:1O,:1O:1O:1O1S:1O1S,,,1L,10,0.3000300030003
52,4,4,0,1,1,:1O:1O:1O,:1O:1O1S:1O1S,,,1L,10,0.3000300030003
53,6,2,0,1,0,:::::1O,:,,,,10,0.3000300030003
54,7,5,0,1,1,::::1O:1O:2O,::1O:1O:2O1S,,,1L,10,0.3000300030003
55,6,4,0,1,1,:::1O:1O:2O,:1O:1O1S:2O1S,,,1L,9,0.27002700270027
56,5,3,0,1,1,::1O:1O:1O,1O:1O1S:1O1S,,,1L,9,0.27002700270027
57,6,4,0,1,1,:::1O:1O:1O,::1O:1O,,,1L,9,0.27002700270027
58,8,4,0,1,1,::::1O:1O:1O:1O,:1O:1O:1O,,,1L,9,0.27002700270027
59,5,3,0,1,1,::1O:1O:1O,1O:1O:1O1S,,,1L,9,0.27002700270027
60,7,5,0,1,1,::::1O:1O:2O,::1O:1O1S:2O1S,,,1L,9,0.27002700270027
61,7,5,0,1,0,::::::,::::,,,,9,0.27002700270027
62,6,3,0,1,1,::1O:1O:1O:1O,1O:1O1S:1O1S,,,1L,9,0.27002700270027
63,7,4,0,1,1,::1O:1O:1O:1O:1O,:1O:1O:1O,,,1L,9,0.27002700270027
64,7,6,0,1,1,:::1O:1O:1O:1O,:::1O:1O:1O1S,,,1L,9,0.27002700270027
65,7,3,0,1,1,:::1O:1O:1O:1O,1O:1O:1O,,,1L,9,0.27002700270027
66,7,4,0,1,1,:::1O:1O:1O:1O,:1O:1O1S:1O1S,,,1L,9,0.27002700270027
67,7,2,0,1,0,::::::1O,:,,,,9,0.27002700270027
68,7,3,0,1,0,::::::1O,::,,,,9,0.27002700270027
69,5,4,0,1,1,:1O:1O:1O:1O,:1O:1O1S:1O1S,,,1L,8,0.24002400240024
70,5,4,0,1,1,:1O:1O:1O:1O,:1O:1O:1O1S,,,1L,8,0.24002400240024
71,6,4,0,1,1,:::1O:1O:2O,:1O:1O:2O1S,,,1L,8,0.24002400240024
72,5,4,1,1,1,::1O:1O:1O,:1O:1O:1O1S,,,1L,8,0.24002400240024
73,7,3,0,1,1,:::1O:1O:1O:1O,1O:1O:1O1S,,,1L,8,0.24002400240024
74,6,4,0,1,1,:::1O:1O:2O,::1O:2O1S,,,1L,7,0.21002100210021
75,6,5,0,1,1,::1O:1O:1O:1O,:1O:1O:1O:1O1S,,,1L,7,0.21002100210021
76,8,7,0,1,1,:::::1O:1O:1O,::::1O:1O:1O,,,1L,7,0.21002100210021
77,7,4,0,1,1,:::1O:1O:1O:1O,::1O:1O,,,1L,7,0.21002100210021
78,6,4,0,1,1,:::1O:1O:1O,::1O:1O1S,,,1L,7,0.21002100210021
79,5,4,0,1,1,::1O:1O:2O,:1O:1O1S:2O1S,,,1L,7,0.21002100210021
80,6,2,0,1,0,:::::,:,,,,7,0.21002100210021
81,7,4,0,1,1,::::1O:1O:1O,:1O:1O1S:1O1S,,,1L,7,0.21002100210021
82,5,3,0,1,0,::::,::,,,,7,0.21002100210021
83,7,4,0,2,1,:::::1O:1O,::1O:1O,,1S:1S:1S:1S:2S:2S:2S:3S,1L,7,0.21002100210021
84,6,3,0,1,1,::1O:1O:1O:1O,:1O:1O,,,1L,7,0.21002100210021
85,6,3,0,1,1,:::1O:1O:1O,1O:1O:1O,,,1L,7,0.21002100210021
86,7,4,0,1,1,::::1O:1O:2O,:1O:1O:2O1S,,,1L,7,0.21002100210021
87,6,6,0,1,1,:::1O:1O:2O,:::1O:1O:2O1S,,,1L,7,0.21002100210021
88,7,6,0,1,1,:::1O:1O:1O:1O,::1O:1O:1O:1O1S,,,1L,7,0.21002100210021
89,6,3,0,1,1,:::1O:1O:1O,:1O:1O1S,,,1L,7,0.21002100210021
90,6,3,0,1,0,:::::1O,::,,,,7,0.21002100210021
91,7,5,0,1,1,:::1O:1O:1O:1O,:1O:1O:1O:1O,,,1L,7,0.21002100210021
92,7,4,1,1,1,::::1O:1O:1O,:1O:1O:1O,,,1L,6,0.18001800180018
93,5,4,0,2,1,:::1O:1O,::1O:1O1S,,1S:1S:1S:1S:2S:2S:2S:2S,1L,6,0.18001800180018
94,6,4,1,1,1,::1O:1O:1O:1O,:1O:1O:1O1S,,,1L,6,0.18001800180018
95,7,7,0,1,1,::::1O:1O:1O,::::1O:1O:1O,,,1L,6,0.18001800180018
96,5,4,0,1,2,:1O:1O:2O:2O,1O:1O:2O1S:2O1S,,,1L:1L,6,0.18001800180018
97,6,5,0,1,1,::1O:1O:1O:1O,::1O:1O:1O,,,1L,6,0.18001800180018
98,7,3,0,1,1,::::1O:1O:1O,1O:1O:1O,,,1L,6,0.18001800180018
99,7,4,0,1,1,::1O:1O:1O:1O:1O,:1O:1O:1O1S,,,1L,6,0.18001800180018
100,6,5,0,1,0,:::::,::::,,,,6,0.18001800180018
101,8,6,0,1,1,::::1O:1O:1O:1O,:::1O:1O:1O,,,1L,6,0.18001800180018
102,7,5,0,1,1,:::1O:1O:1O:2O,::1O:1O:2O1S,,,1L,6,0.18001800180018
103,7,6,0,1,2,:1O:1O:1O:1O:1O:1O,1O:1O:1O:1O:1O:1O1S,,,1L:1L,6,0.18001800180018
104,5,4,0,1,1,::1O:1O:1O,::1O:1O1S,,,1L,6,0.18001800180018
105,6,4,0,2,1,::::1O:1O,::1O:1O,,1S:1S:1S:1S:2S:2S:2S:2S,1L,6,0.18001800180018
106,6,6,0,1,1,:::1O:1O:1O,:::1O:1O1S:1O1S,,,1L,6,0.18001800180018
107,7,7,0,1,2,:1O:1O:1O:1O:1O:1O,:1O:1O:1O:1O:1O:1O1S,,,1L:1L,6,0.18001800180018
108,7,4,0,2,1,::::1O:1O:1O,::1O:1O,,1S:1S:1S:1S:2S:2S:2S:2S,1L,6,0.18001800180018
109,6,6,0,1,1,:::1O:1O:1O,:::1O:1O:1O,,,1L,6,0.18001800180018
110,5,5,0,1,1,::1O:1O:1O,::1O:1O1S:1O1S,,,1L,6,0.18001800180018
111,8,4,0,1,0,:::::::,:::,,,,6,0.18001800180018
112,8,3,0,1,1,:::::1O:1O:1O,1O:1O:1O1S,,,1L,6,0.18001800180018
113,5,4,1,1,1,::1O:1O:1O,:1O:1O1S:1O1S,,,1L,6,0.18001800180018
114,7,6,0,1,1,:::1O:1O:1O:1O,::1O:1O:1O:1O,,,1L,6,0.18001800180018
115,5,3,0,1,1,:1O:1O:1O:1O,1O:1O:1O1S,,,1L,6,0.18001800180018
116,8,3,0,1,0,:::::::,::,,,,6,0.18001800180018
117,6,4,0,1,1,:1O:1O:1O:1O:1O,1O:1O:1O:1O1S,,,1L,5,0.15001500150015
118,6,4,0,1,1,:1O:1O:1O:1O:1O,:1O:1O:1O,,,1L,5,0.15001500150015
119,5,3,0,1,0,::::1O,::,,,,5,0.15001500150015
120,7,5,0,1,0,::::::1O,::::,,,,5,0.15001500150015
121,6,3,1,1,1,:::1O:1O:1O,:1O:1O,1O,,1L,5,0.15001500150015
122,8,6,0,1,1,:::::1O:1O:2O,:::1O:1O:2O1S,,,1L,5,0.15001500150015
123,6,3,0,1,1,:::1O:1O:2O,:1O:2O1S,,,1L,5,0.15001500150015
124,8,3,0,1,0,:::::::1O,::,,,,5,0.15001500150015
125,7,3,0,1,1,:::1O:1O:1O:1O,:1O:1O,,,1L,5,0.15001500150015
126,6,3,0,1,1,:::1O:1O:1O,1O:1O1S:1O1S,,,1L,5,0.15001500150015
127,5,4,1,1,1,::1O:1O:1O,:1O:1O:1O,,,1L,5,0.15001500150015
128,8,6,0,1,1,::::1O:1O:1O:1O,:::1O:1O:1O1S,,,1L,5,0.15001500150015
129,5,4,1,1,0,::::,:::,,,,5,0.15001500150015
130,5,4,0,1,0,::::,:::,,,,5,0.15001500150015
131,7,5,0,1,1,:::1O:1O:1O:1O,::1O:1O1S:1O1S,,,1L,5,0.15001500150015
132,7,4,0,1,0,::::::1O,:::1O,,,,5,0.15001500150015
133,7,6,0,1,1,:::1O:1O:1O:1O,::1O:1O:1O1S:1O1S,,,1L,5,0.15001500150015
134,5,2,0,1,0,::::1O,:,,,,5,0.15001500150015
135,5,5,0,1,1,:1O:1O:1O:1O,:1O:1O:1O1S:1O1S,,,1L,4,0.12001200120012
136,5,5,0,1,1,:1O:1O:1O:1O,:1O:1O:1O:1O,,,1L,4,0.12001200120012
137,6,3,0,1,1,:1O:1O:1O:1O:1O,1O:1O:1O1S,,,1L,4,0.12001200120012
138,5,4,0,1,1,:1O:1O:1O:1O,1O:1O:1O1S:1O1S,,,1L,4,0.12001200120012
139,5,5,0,1,1,::1O:1O:2O,::1O:1O:2O1S,,,1L,4,0.12001200120012
140,6,4,0,1,1,::1O:1O:1O:1O,1O:1O:1O1S:1O1S,,,1L,4,0.12001200120012
141,7,5,0,1,1,:::1O:1O:1O:1O,:1O:1O:1O:1O1S,,,1L,4,0.12001200120012
142,8,3,0,1,1,::::1O:1O:1O:1O,1O:1O:1O,,,1L,4,0.12001200120012
143,6,5,0,1,1,::1O:1O:1O:1O,:1O:1O1S:1O1S:1O1S,,,1L,4,0.12001200120012
144,5,4,0,1,1,:1O:1O:1O:2O,1O:1O1S:1O1S:2O1S,,,1L,4,0.12001200120012
145,5,5,0,1,0,::::,::::,,,,4,0.12001200120012
146,7,5,1,1,1,::::1O:1O:1O,::1O:1O:1O1S,1O,,1L,4,0.12001200120012
147,8,3,0,1,1,:::::1O:1O:1O,:1O:1O,,,1L,4,0.12001200120012
148,6,3,0,1,1,:::1O:1O:1O,:1O:1O,,,1L,4,0.12001200120012
149,7,7,0,1,1,::::1O:1O:1O,::::1O:1O:1O1S,,,1L,4,0.12001200120012
150,5,4,1,1,1,:1O:1O:1O:1O,:1O:1O:1O1S,,,1L,4,0.12001200120012
151,6,4,0,2,1,:::1O:1O:1O,::1O:1O,,1S:1S:1S:1S:2S:2S:2S:3S,1L,4,0.12001200120012
152,6,4,0,2,1,::::1O:1O,::1O:1O,,1S:1S:1S:1S:2S:2S:2S:3S,1L,4,0.12001200120012
153,5,4,0,2,1,:::1O:1O,::1O:1O1S,,1S:1S:1S:1S:2S:2S:2S:3S,1L,4,0.12001200120012
154,6,4,0,1,1,:1O:1O:1O:1O:1O,:1O:1O:1O1S,,,1L,4,0.12001200120012
155,6,4,1,1,1,::1O:1O:1O:1O,:1O:1O:1O,,,1L,4,0.12001200120012
156,5,5,1,1,1,::1O:1O:1O,::1O:1O:1O,,,1L,4,0.12001200120012
157,6,4,1,1,1,:::1O:1O:1O,:1O:1O:1O,,,1L,4,0.12001200120012
158,6,4,1,1,1,:::1O:1O:1O,:1O:1O:1O1S,1O,,1L,4,0.12001200120012
159,6,4,1,1,1,:::1O:1O:1O,::1O:1O1S,,,1L,4,0.12001200120012
160,6,4,0,1,0,:::::1O,:::1O,,,,4,0.12001200120012
161,6,4,1,1,1,:::1O:1O:1O,::1O:1O1S,1O,,1L,4,0.12001200120012
162,6,4,1,1,1,::::1O:1O,::1O:1O1S,1O,,1L,4,0.12001200120012
163,8,2,0,1,0,:::::::1O,:,,,,4,0.12001200120012
164,6,2,0,1,0,::::1O:1O,:,,,,4,0.12001200120012
165,8,4,0,1,1,:::1O:1O:1O:1O:1O,:1O:1O:1O1S,,,1L,4,0.12001200120012
166,5,4,0,1,1,::1O:1O:2O,:1O:1O:2O1S,,,1L,4,0.12001200120012
167,7,6,0,1,2,:1O:1O:1O:1O:1O:1O,1O:1O:1O:1O:1O:1O,,,1L:1L,4,0.12001200120012
168,7,6,0,1,1,:::1O:1O:1O:1O,:::1O:1O:1O,,,1L,4,0.12001200120012
169,7,6,0,1,2,:1O:1O:1O:1O:1O:2O,1O:1O:1O:1O:1O1S:2O1S,,,1L:1L,4,0.12001200120012
170,7,5,0,2,1,:::::1O:1O,:::1O:1O,,1S:1S:1S:1S:2S:2S:2S:2S,1L,4,0.12001200120012
171,8,5,0,1,1,::::1O:1O:1O:2O,::1O:1O:2O1S,,,1L,4,0.12001200120012
172,6,5,0,1,1,:::1O:1O:1O,:::1O:1O1S,,,1L,4,0.12001200120012
173,7,3,0,1,1,::::1O:1O:1O,:1O:1O,,,1L,4,0.12001200120012
174,6,5,1,1,1,:::1O:1O:1O,::1O:1O1S:1O1S,,,1L,4,0.12001200120012
175,7,4,0,2,1,:::::1O:1O,::1O:1O,,1S:1S:1S:1S:2S:2S:2S:2S,1L,4,0.12001200120012
176,7,4,0,1,1,:::1O:1O:1O:2O,:1O:1O1S:2O1S,,,1L,4,0.12001200120012
177,8,7,0,1,2,::1O:1O:1O:1O:1O:1O,:1O:1O:1O:1O:1O:1O,,,1L:1L,4,0.12001200120012
178,5,3,1,1,0,::::,::,,,,4,0.12001200120012
179,6,5,1,1,1,::1O:1O:1O:1O,::1O:1O1S:1O1S,,,1L,4,0.12001200120012
180,5,3,0,1,1,::1O:1O:1O,:1O:1O1S,,,1L,4,0.12001200120012
181,7,4,0,1,1,:::1O:1O:1O:2O,:1O:1O:2O1S,,,1L,4,0.12001200120012
182,7,4,1,1,1,:::::1O:1O,::1O:1O,1O,,1L,4,0.12001200120012
183,6,5,1,1,1,:::1O:1O:1O,::1O:1O:1O,,,1L,4,0.12001200120012
184,6,5,0,1,1,:::1O:1O:1O,:::1O:1O,,,1L,4,0.12001200120012
185,7,2,0,1,0,::::::,:,,,,4,0.12001200120012
186,5,3,0,2,1,:::1O:1O,:1O:1O,,1S:1S:1S:1S:2S:2S:2S:2S,1L,4,0.12001200120012
187,7,4,0,1,1,::::1O:1O:1O,::1O:1O1S,,,1L,4,0.12001200120012
188,6,6,0,1,1,::1O:1O:1O:1O,::1O:1O:1O1S:1O1S,,,1L,4,0.12001200120012
189,7,5,0,1,1,:::1O:1O:1O:1O,:1O:1O:1O1S:1O1S,,,1L,4,0.12001200120012
190,6,6,0,1,1,:::1O:1O:2O,:::1O:1O1S:2O1S,,,1L,4,0.12001200120012
191,6,5,0,1,1,::1O:1O:1O:2O,:1O:1O:1O:2O1S,,,1L,4,0.12001200120012
192,7,4,0,1,1,::::1O:1O:2O,:1O:1O1S:2O1S,,,1L,4,0.12001200120012
193,7,3,0,1,0,:::::1O:1O,::,,,,4,0.12001200120012
194,6,5,1,1,1,::1O:1O:1O:1O,::1O:1O:1O1S,,,1L,3,0.09000900090009
195,5,4,1,1,1,::1O:1O:1O,::1O:1O1S,,,1L,3,0.09000900090009
196,6,4,0,2,1,::::1O:1O,::1O:1O1S,,1S:1S:1S:1S:2S:2S:2S:3S,1L,3,0.09000900090009
197,5,5,1,1,1,::1O:1O:1O,::1O:1O:1O1S,1O,,1L,3,0.09000900090009
198,6,4,0,2,1,::::1O:1O,::1O:1O1S,,1S:1S:1S:1S:2S:2S:2S:2S,1L,3,0.09000900090009
199,5,3,0,1,1,:1O:1O:1O:1O,:1O:1O1S,,,1L,3,0.09000900090009
200,8,7,0,1,1,:::::1O:1O:2O,::::1O:1O:2O1S,,,1L,3,0.09000900090009
201,5,3,0,1,1,:::1O:1O,:1O:1O1S,,,1L,3,0.09000900090009
202,8,7,0,1,1,::::1O:1O:1O:1O,:::1O:1O:1O:1O,,,1L,3,0.09000900090009
203,5,3,0,1,1,::1O:1O:1O,1O:1O:1O,,,1L,3,0.09000900090009
204,5,4,1,1,1,::1O:1O:1O,:1O:1O1S:1O1S,1O,,1L,3,0.09000900090009
205,7,4,1,1,1,:::1O:1O:1O:1O,:1O:1O:1O1S,,,1L,3,0.09000900090009
206,9,5,0,1,1,::::::1O:1O:1O,::1O:1O:1O,,,1L,3,0.09000900090009
207,6,4,0,1,1,::::1O:1O,::1O:1O,,,1L,3,0.09000900090009
208,6,3,0,2,1,::::1O:1O,::1O,,1S:1S:1S:1S:2S:2S:2S:2S,1L,3,0.09000900090009
209,7,4,0,1,1,:::1O:1O:1O:1O,::1O:1O1S,,,1L,3,0.09000900090009
210,5,3,0,1,0,::::1O,::1O,,,,3,0.09000900090009
211,8,4,0,1,0,:::::::1O,:::,,,,3,0.09000900090009
212,8,4,0,1,1,:::1O:1O:1O:1O:1O,:1O:1O:1O,,,1L,3,0.09000900090009
213,5,3,0,1,0,::::1O,::1O1S,,,,3,0.09000900090009
214,4,4,1,1,0,:::,:::,,,,3,0.09000900090009
215,7,4,0,1,1,::::1O:1O:2O,::1O:2O1S,,,1L,3,0.09000900090009
216,8,8,0,1,1,:::::1O:1O:2O,:::::1O:1O:2O1S,,,1L,3,0.09000900090009
217,5,5,0,1,1,:1O:1O:1O:2O,:1O:1O:1O1S:2O1S,,,1L,3,0.09000900090009
218,6,6,0,1,2,1O:1O:1O:1O:1O:2O,1O:1O:1O:1O:1O1S:2O1S,,,1L:1L,3,0.09000900090009
219,4,4,0,1,1,:1O:1O:1O,:1O:1O:1O1S,,,1L,3,0.09000900090009
220,8,8,0,1,1,:::::1O:1O:1O,:::::1O:1O:1O,,,1L,3,0.09000900090009
221,8,3,0,1,1,:::1O:1O:1O:1O:1O,:1O:1O,,,1L,3,0.09000900090009
222,6,6,0,1,0,:::::1O,:::::1O,,,,3,0.09000900090009
223,5,5,0,1,0,::::1O,::::1O,,,,3,0.09000900090009
224,4,4,0,1,1,:1O:1O:1O,:1O1S:1O1S:1O1S,,,1L,3,0.09000900090009
225,9,4,0,1,1,::::::1O:1O:1O,:1O:1O:1O,,,1L,3,0.09000900090009
226,8,7,0,1,2,::1O:1O:1O:1O:1O:2O,:1O:1O:1O:1O:1O:2O1S,,,1L:1L,3,0.09000900090009
227,8,3,0,1,1,:::::1O:1O:1O,1O:1O:1O,,,1L,3,0.09000900090009
228,7,6,0,1,1,:::1O:1O:1O:2O,::1O:1O:1O1S:2O1S,,,1L,3,0.09000900090009
229,8,7,0,1,2,::1O:1O:1O:1O:1O:1O,:1O:1O:1O:1O:1O:1O1S,,,1L:1L,3,0.09000900090009
230,7,6,0,1,1,:::1O:1O:1O:2O,::1O:1O:1O:2O1S,,,1L,3,0.09000900090009
231,6,4,0,1,1,::1O:1O:1O:2O,:1O:1O1S:2O1S,,,1L,3,0.09000900090009
232,7,6,0,1,1,:::1O:1O:1O:2O,:::1O:1O1S:2O1S,,,1L,3,0.09000900090009
233,6,4,0,1,1,::1O:1O:1O:2O,:1O:1O:1O1S,,,1L,3,0.09000900090009
234,6,5,0,2,1,::::1O:1O,:::1O:1O1S,,1S:1S:1S:1S:2S:2S:2S:2S,1L,3,0.09000900090009
235,7,6,0,1,0,::::::,:::::,,,,3,0.09000900090009
236,6,5,0,1,1,::1O:1O:1O:1O,::1O:1O1S:1O1S,,,1L,3,0.09000900090009
237,4,3,1,1,1,:1O:1O:1O,1O:1O1S:1O1S,,,1L,3,0.09000900090009
238,6,5,0,2,1,::::1O:1O,:::1O:1O1S,,2S:2S:2S:2S:2S:2S:3S:3S,1L,3,0.09000900090009
239,6,5,0,2,1,::::1O:1O,:::1O:1O,,2S:2S:2S:2S:2S:2S:2S:2S,1L,3,0.09000900090009
240,7,6,0,1,2,::1O:1O:1O:1O:2O,:1O:1O:1O:1O1S:2O1S,,,1L:1L,3,0.09000900090009
241,7,3,0,1,1,::1O:1O:1O:1O:1O,1O:1O:1O,,,1L,3,0.09000900090009
242,6,4,1,1,1,::::1O:2O,::1O:2O1S,1O,,1L,3,0.09000900090009
243,7,5,0,1,1,::::1O:1O:1O,:::1O:1O1S,,,1L,3,0.09000900090009
244,6,5,0,2,1,::::1O:1O,:::1O:1O,,1S:1S:1S:1S:2S:2S:2S:3S,1L,3,0.09000900090009
245,5,4,0,1,1,::1O:2O:2O,:1O:2O1S:2O1S,,,1L,3,0.09000900090009
246,7,4,0,1,1,::1O:1O:1O:1O:1O,1O:1O:1O:1O1S,,,1L,3,0.09000900090009
247,5,3,0,2,1,:::1O:1O,:1O:1O1S,,1S:1S:1S:1S:2S:2S:2S:3S,1L,3,0.09000900090009
248,6,5,0,1,1,::::1O:1O,:::1O:1O1S,,,1L,3,0.09000900090009
249,5,4,0,1,1,::1O:1O:1O,::1O:1O,,,1L,3,0.09000900090009
250,5,4,0,1,1,::1O:1O:1O,::1O1S:1O1S,,,1L,3,0.09000900090009
251,7,5,0,1,0,::::::1O,::::1O,,,,3,0.09000900090009
252,6,5,0,1,1,:::1O:2O:2O,::1O:2O1S:2O1S,,,1L,3,0.09000900090009
253,7,5,0,1,1,::1O:1O:1O:1O:1O,:1O:1O:1O:1O,,,1L,3,0.09000900090009
254,7,6,1,1,1,:::1O:1O:1O:1O,:::1O:1O:1O,,,1L,3,0.09000900090009
255,5,3,1,1,1,::1O:1O:1O,1O:1O:1O1S,,,1L,3,0.09000900090009
256,6,3,0,1,0,::::1O:1O,::,,,,3,0.09000900090009
257,6,3,0,1,0,::::1O:1O,::1O,,,,3,0.09000900090009
258,7,5,0,1,1,:::1O:1O:1O:2O,::1O:1O1S:2O1S,,,1L,3,0.09000900090009
259,6,3,0,1,1,::1O:1O:1O:1O,:1O:1O1S,,,1L,3,0.09000900090009
260,7,6,0,1,2,::1O:1O:1O:1O:2O,:1O:1O:1O:1O:2O1S,,,1L:1L,3,0.09000900090009
261,6,5,0,1,1,::1O:1O:1O:2O,::1O:1O:2O1S,,,1L,3,0.09000900090009
262,8,5,0,1,1,:::::1O:1O:2O,::1O:1O:2O1S,,,1L,3,0.09000900090009
263,7,6,0,1,2,::1O:1O:1O:2O:2O,::1O:1O:2O1S:2O1S,,,1L:1L,3,0.09000900090009
264,5,3,1,1,1,:::1O:1O,:1O:1O,1O,,1L,3,0.09000900090009
265,6,5,0,1,1,::1O:1O:1O:2O,:1O:1O:1O1S:2O1S,,,1L,3,0.09000900090009
266,6,3,0,1,1,::1O:1O:1O:1O,1O:1O:1O,,,1L,3,0.09000900090009
267,6,5,0,1,2,::1O:1O:1O:2O,:1O:1O:1O1S:2O1S,,,1L:1L,3,0.09000900090009
268,7,5,0,1,1,::::1O:1O:1O,:::1O:1O,,,1L,3,0.09000900090009
269,6,3,0,1,1,:::1O:1O:2O,1O:1O:2O1S,,,1L,3,0.09000900090009
270,8,5,0,1,1,:::1O:1O:1O:1O:1O,::1O:1O:1O,,,1L,3,0.09000900090009
271,5,4,0,2,1,:::1O:1O,::1O:1O,,2S:2S:2S:2S:2S:2S:2S:2S,1L,3,0.09000900090009
272,4,3,1,1,1,:1O:1O:1O,1O1S:1O1S:1O1S,,,1L,3,0.09000900090009
273,5,4,0,2,1,:::1O:1O,::1O:1O,,1S:1S:1S:1S:2S:2S:2S:2S,1L,3,0.09000900090009
274,6,5,0,2,1,::::1O:1O,:::1O:1O,,1S:1S:1S:1S:2S:2S:2S:2S,1L,3,0.09000900090009
275,7,4,0,1,1,:::1O:1O:1O:1O,1O:1O:1O:1O1S,,,1L,3,0.09000900090009
276,8,5,0,1,0,:::::::,::::,,,,3,0.09000900090009
277,7,4,0,1,1,:::1O:1O:1O:1O,1O:1O:1O:1O,,,1L,3,0.09000900090009
278,7,4,1,1,1,::::1O:1O:2O,:1O:1O:2O1S,,,1L,3,0.09000900090009
279,6,4,1,1,1,:::1O:1O:1O,:1O:1O:1O,1O,,1L,3,0.09000900090009
280,9,6,0,1,1,:::::1O:1O:1O:1O,:::1O:1O:1O,,,1L,3,0.09000900090009
281,5,5,0,1,1,::1O:2O:2O,::1O:2O1S:2O1S,,,1L,3,0.09000900090009
282,7,6,1,1,1,::::1O:1O:1O,:::1O:1O:1O,,,1L,3,0.09000900090009
283,7,5,0,1,2,:1O:1O:1O:1O:1O:2O,1O:1O:1O:1O1S:2O1S,,,1L:1L,3,0.09000900090009
284,6,5,0,1,2,::1O:1O:1O:2O,:1O:1O:1O:2O1S,,,1L:1L,3,0.09000900090009
285,7,6,0,1,2,:1O:1O:1O:1O:1O:2O,1O:1O:1O:1O:1O:2O1S,,,1L:1L,3,0.09000900090009
286,6,3,0,1,1,:::1O:1O:1O,1O1S:1O1S:1O1S,,,1L,2,0.06000600060006
287,6,4,0,1,1,:1O:1O:1O:1O:1O,1O:1O:1O1S:1O1S,,,1L,2,0.06000600060006
288,7,3,0,1,1,::::1O:1O:2O,1O:1O1S:2O1S,,,1L,2,0.06000600060006
289,7,3,0,1,1,::::1O:1O:2O,:1O:2O1S,,,1L,2,0.06000600060006
290,6,3,0,2,1,::::1O:1O,:1O:1O1S,,1S:1S:1S:1S:2S:2S:2S:2S,1L,2,0.06000600060006
291,7,4,0,1,0,:::::1O:1O,:::1O,,,,2,0.06000600060006
292,7,3,0,1,1,::1O:1O:1O:1O:1O,1O:1O:1O1S,,,1L,2,0.06000600060006
293,7,6,0,1,1,::::1O:1O:2O,:::1O:1O1S:2O1S,,,1L,2,0.06000600060006
294,6,6,0,1,2,1O:1O:1O:1O:1O:1O,1O:1O:1O:1O:1O:1O1S,,,1L:1L,2,0.06000600060006
295,6,3,0,2,1,:::1O:1O:1O,:1O:1O,,1S:1S:1S:1S:2S:2S:2S:2S,1L,2,0.06000600060006
296,7,6,0,1,1,:::1O:1O:1O:1O,:::1O:1O1S:1O1S,,,1L,2,0.06000600060006
297,6,6,0,1,2,1O:1O:1O:1O:1O:1O,1O:1O:1O:1O:1O1S:1O1S,,,1L:1L,2,0.06000600060006
298,7,4,0,1,1,::1O:1O:1O:1O:2O,:1O:1O:1O1S,,,1L,2,0.06000600060006
299,7,3,0,1,1,:::1O:1O:1O:1O,1O:1O1S:1O1S,,,1L,2,0.06000600060006
300,6,4,0,1,0,:::::1O,:::1O1S,,,,2,0.06000600060006
301,7,2,0,1,0,:::::1O:1O,:,,,,2,0.06000600060006
302,6,3,1,1,1,::::1O:1O,:1O:1O1S,,,1L,2,0.06000600060006
303,6,3,0,1,1,::1O:1O:1O:2O,:1O:2O1S,,,1L,2,0.06000600060006
304,6,6,1,1,1,:::1O:1O:1O,:::1O:1O:1O,,,1L,2,0.06000600060006
305,6,3,1,1,1,:::1O:1O:1O,:1O:1O,,,1L,2,0.06000600060006
306,7,2,0,1,0,:::::1O:1O,:1O,,,,2,0.06000600060006
307,6,3,0,1,1,::::1O:1O,:1O:1O,,,1L,2,0.06000600060006
308,6,3,1,1,1,:::1O:1O:1O,1O:1O:1O,,,1L,2,0.06000600060006
309,7,2,0,1,1,:::1O:1O:1O:1O,1O:1O1S,,,1L,2,0.06000600060006
310,6,3,0,1,1,::1O:1O:1O:2O,1O:1O:1O,,,1L,2,0.06000600060006
311,6,4,0,1,0,::::1O:1O,:::,,,,2,0.06000600060006
312,6,4,0,1,0,::::1O:1O,:::1O,,,,2,0.06000600060006
313,6,3,1,1,1,::::1O:1O,:1O:1O,1O,,1L,2,0.06000600060006
314,6,4,0,1,0,::::1O:1O,:::1O1S,,,,2,0.06000600060006
315,6,3,0,1,1,::1O:1O:1O:2O,1O:1O1S:1O1S,,,1L,2,0.06000600060006
316,7,6,0,1,1,::::1O:1O:1O,::::1O:1O,,,1L,2,0.06000600060006
317,7,2,0,1,0,::::1O:1O:1O,:,,,,2,0.06000600060006
318,6,3,1,1,1,::1O:1O:1O:1O,1O:1O:1O1S,,,1L,2,0.06000600060006
319,6,5,0,1,1,::1O:1O:1O:1O,:1O:1O:1O:1O,,,1L,2,0.06000600060006
320,6,4,0,1,1,:1O:1O:1O:1O:2O,1O:1O:1O1S:2O1S,,,1L,2,0.06000600060006
321,7,4,1,1,1,:::::1O:1O,::1O:1O1S,1O,,1L,2,0.06000600060006
322,6,5,0,1,2,:1O:1O:1O:1O:2O,1O:1O:1O:1O1S:2O1S,,,1L:1L,2,0.06000600060006
323,6,5,0,1,2,:1O:1O:1O:2O:2O,1O:1O:1O1S:2O1S:2O1S,,,1L:1L,2,0.06000600060006
324,6,4,1,1,1,::::1O:1O,::1O:1O,2O1S,,1L,2,0.06000600060006
325,6,4,1,1,1,::::1O:1O,::1O:1O,1O,,1L,2,0.06000600060006
326,7,5,0,1,2,:1O:1O:1O:1O:1O:1O,1O:1O:1O:1O:1O1S,,,1L:1L,2,0.06000600060006
327,6,5,0,1,2,:::1O:2O:2O,::1O:2O1S:2O1S,,,1L:1L,2,0.06000600060006
328,6,4,1,1,1,:::1O:1O:1O,::1O:1O,1O,,1L,2,0.06000600060006
329,6,4,0,2,1,:::1O:1O:1O,::1O:1O,,1S:1S:1S:1S:2S:2S:2S:2S,1L,2,0.06000600060006
330,6,5,0,2,1,:::1O:1O:1O,::1O:1O:1O,,1S:1S:1S:1S:2S:2S:2S:3S,1L,2,0.06000600060006
331,6,4,1,1,1,:::1O:1O:1O,:1O:1O1S:1O1S,,,1L,2,0.06000600060006
332,7,4,1,1,1,::::1O:1O:1O,::1O:1O1S,,,1L,2,0.06000600060006
333,6,4,0,2,2,:1O:1O:1O:1O:1O,1O:1O:1O:1O,,1S:1S:1S:1S:2S:2S:2S:2S,1L:1L,2,0.06000600060006
334,7,5,0,2,1,:::::1O:1O,:::1O:1O,,1S:1S:1S:1S:2S:2S:2S:3S,1L,2,0.06000600060006
335,6,5,0,2,1,::::1O:1O,:::1O:1O1S,,1S:1S:1S:1S:2S:2S:2S:3S,1L,2,0.06000600060006
336,6,5,0,1,2,:1O:1O:1O:1O:2O,1O:1O:1O1S:1O1S:2O1S,,,1L:1L,2,0.06000600060006
337,7,5,0,1,0,:::::1O:1O,::::1O,,,,2,0.06000600060006
338,6,5,0,1,2,1O:1O:1O:1O:2O:2O,1O:1O:1O:2O1S:2O1S,,,1L:1L,2,0.06000600060006
339,6,5,0,1,2,1O:1O:1O:1O:1O:2O,1O:1O:1O1S:1O1S:2O1S,,,1L:1L,2,0.06000600060006
340,6,5,0,1,1,:::1O:2O:2O,::1O1S:2O1S:2O1S,,,1L,2,0.06000600060006
341,6,4,1,2,1,::::1O:1O,::1O:1O,,1S:1S:1S:1S:2S:2S:2S:3S,1L,2,0.06000600060006
342,6,5,0,1,1,:::1O:1O:2O,::1O:1O:2O,,,1L,2,0.06000600060006
343,6,5,0,1,0,:::::1O,::::1O,,,,2,0.06000600060006
344,6,5,0,1,0,:::::1O,::::1O1S,,,,2,0.06000600060006
345,7,5,0,1,1,:::1O:1O:1O:2O,:1O:1O:1O:2O1S,,,1L,2,0.06000600060006
346,6,5,0,1,1,:1O:1O:1O:1O:1O,:1O:1O:1O:1O,,,1L,2,0.06000600060006
347,7,5,0,1,1,::1O:1O:1O:1O:1O,::1O:1O:1O,,,1L,2,0.06000600060006
348,7,5,0,1,1,::1O:1O:1O:1O:1O,::1O:1O:1O1S,,,1L,2,0.06000600060006
349,7,5,0,1,1,:::1O:1O:1O:1O,:::1O:1O1S,,,1L,2,0.06000600060006
350,6,5,0,1,1,::1O:1O:1O:2O,::1O:1O:1O1S,,,1L,2,0.06000600060006
351,6,5,0,1,1,::1O:1O:1O:2O,::1O:1O1S:2O1S,,,1L,2,0.06000600060006
352,6,5,0,1,1,::1O:1O:1O:2O,:1O:1O1S:1O1S:2O1S,,,1L,2,0.06000600060006
353,7,4,1,1,1,::::1O:1O:1O,::1O:1O,,,1L,2,0.06000600060006
354,7,4,1,1,1,::::1O:1O:1O,:1O:1O:1O1S,,,1L,2,0.06000600060006
355,6,6,0,1,1,::1O:1O:1O:2O,::1O:1O:1O:2O1S,,,1L,2,0.06000600060006
356,6,5,1,2,1,::::1O:1O,:::1O:1O,,2S:2S:2S:2S:2S:2S:3S:3S,1L,2,0.06000600060006
357,6,4,0,1,1,::1O:1O:1O:2O,1O:1O:1O1S:2O1S,,,1L,2,0.06000600060006
358,6,4,0,1,1,::1O:1O:1O:1O,::1O:1O,,,1L,2,0.06000600060006
359,6,5,1,1,1,:::1O:1O:1O,:::1O:1O1S,,,1L,2,0.06000600060006
360,6,5,1,1,1,:::1O:1O:2O,::1O:1O:2O1S,,,1L,2,0.06000600060006
361,6,4,0,1,1,::1O:1O:1O:1O,::1O1S:1O1S,,,1L,2,0.06000600060006
362,6,5,1,1,2,:1O:1O:1O:1O:1O,:1O:1O:1O1S:1O1S,1O,,1L:1L,2,0.06000600060006
363,6,5,2,1,1,:::1O:1O:1O,::1O:1O:1O1S,:,,1L,2,0.06000600060006
364,7,5,0,2,2,::1O:1O:1O:1O:1O,1O:1O:1O:1O:1O1S,,1S:1S:1S:1S:2S:2S:2S:3S,1L:1L,2,0.06000600060006
365,7,4,0,1,2,:1O:1O:1O:1O:1O:2O,1O:1O:1O1S:2O1S,,,1L:1L,2,0.06000600060006
366,6,4,0,1,1,::1O:1O:1O:1O,1O:1O:1O:1O1S,,,1L,2,0.06000600060006
367,6,4,0,1,1,::1O:1O:1O:1O,1O:1O:1O:1O,,,1L,2,0.06000600060006
368,6,6,0,1,1,::1O:1O:1O:1O,::1O:1O:1O:1O,,,1L,2,0.06000600060006
369,6,4,0,1,1,:1O:1O:1O:1O:2O,:1O:1O:2O1S,,,1L,2,0.06000600060006
370,6,6,0,1,1,::1O:1O:1O:2O,::1O:1O:1O1S:2O1S,,,1L,2,0.06000600060006
371,7,6,0,1,1,::1O:1O:1O:1O:1O,::1O:1O:1O:1O1S,,,1L,2,0.06000600060006
372,6,4,0,1,1,::1O:1O:1O:2O,:1O:1O:2O1S,,,1L,2,0.06000600060006
373,6,5,1,1,1,:::1O:1O:1O,::1O:1O:1O1S,1O,,1L,2,0.06000600060006
374,7,5,1,1,1,:::::1O:1O,:::1O:1O,2O,,1L,2,0.06000600060006
375,7,4,0,2,1,:::::1O:1O,::1O:1O1S,,1S:1S:1S:1S:2S:2S:2S:2S,1L,2,0.06000600060006
376,6,4,0,1,1,:::1O:1O:2O,::1O:2O,,,1L,2,0.06000600060006
377,6,5,1,1,1,::1O:1O:1O:1O,:1O:1O:1O1S:1O1S,,,1L,2,0.06000600060006
378,6,4,0,1,1,:::1O:2O:2O,:1O:2O1S:2O1S,,,1L,2,0.06000600060006
379,7,5,1,1,1,::::1O:1O:1O,:::1O:1O,,,1L,2,0.06000600060006
380,6,5,0,2,2,:1O:1O:1O:1O:1O,1O:1O:1O:1O:1O1S,,2S:2S:2S:2S:2S:2S:2S:3S,1L:1L,2,0.06000600060006
381,6,4,0,1,1,::::1O:1O,:::1O,,,1L,2,0.06000600060006
382,7,5,1,1,1,::::1O:1O:1O,::1O:1O:1O1S,,,1L,2,0.06000600060006
383,7,5,1,1,1,::::1O:1O:1O,::1O:1O1S:1O1S,1O,,1L,2,0.06000600060006
384,7,5,1,1,1,:::1O:1O:1O:2O,:1O:1O:1O1S:2O1S,,,1L,2,0.06000600060006
385,7,5,1,1,1,:::1O:1O:1O:1O,::1O:1O:1O1S,,,1L,2,0.06000600060006
386,7,5,1,1,1,:::1O:1O:1O:1O,::1O:1O:1O,,,1L,2,0.06000600060006
387,7,5,1,1,1,::1O:1O:1O:1O:1O,:1O:1O:1O:1O1S,,,1L,2,0.06000600060006
388,6,3,0,1,1,:::1O:1O:1O,:1O1S:1O1S,,,1L,2,0.06000600060006
389,7,3,0,2,1,:::::1O:1O,:1O:1O,,1S:1S:1S:1S:2S:2S:2S:2S,1L,2,0.06000600060006
390,8,5,0,1,1,:::::1O:1O:1O,:::1O:1O,,,1L,2,0.06000600060006
391,4,4,0,1,1,:1O:1O:1O,:1O:1O:1O,,,1L,2,0.06000600060006
392,5,4,1,1,1,:::1O:1O,::1O:1O,1O,,1L,2,0.06000600060006
393,5,4,1,1,1,::1O:1O:1O,::1O:1O1S,1O,,1L,2,0.06000600060006
394,8,4,0,1,1,:::1O:1O:1O:1O:2O,:1O:1O:1O,,,1L,2,0.06000600060006
395,5,2,0,1,0,::::,:,,,,2,0.06000600060006
396,5,4,1,1,1,:1O:1O:1O:1O,:1O:1O:1O,1O,,1L,2,0.06000600060006
397,5,2,0,1,1,:1O:1O:1O:1O,1O:1O1S,,,1L,2,0.06000600060006
398,5,4,1,1,1,:1O:1O:1O:1O,1O:1O:1O1S:1O1S,,,1L,2,0.06000600060006
399,5,2,0,1,1,::1O:1O:1O,1O:1O1S,,,1L,2,0.06000600060006
400,8,7,0,1,2,::1O:1O:1O:1O:1O:2O,:1O:1O:1O:1O:1O1S:2O1S,,,1L:1L,2,0.06000600060006
401,5,4,1,1,0,::::1O,:::,,,,2,0.06000600060006
402,5,3,0,1,0,:::1O:1O,::1O1S,,,,2,0.06000600060006
403,8,4,0,1,1,:::::1O:1O:2O,:1O:1O:2O1S,,,1L,2,0.06000600060006
404,5,4,0,2,1,:::1O:2O,::1O:2O1S,,1S:1S:1S:1S:2S:2S:2S:3S,1L,2,0.06000600060006
405,5,3,0,1,1,:1O:1O:1O:1O,1O:1O1S:1O1S,,,1L,2,0.06000600060006
406,5,4,0,2,1,:::1O:1O,::1O:1O,,1S:1S:1S:1S:2S:2S:2S:3S,1L,2,0.06000600060006
407,5,1,0,1,0,::::,,,,,2,0.06000600060006
408,8,8,0,1,1,:::::1O:1O:2O,:::::1O:1O:2O,,,1L,2,0.06000600060006
409,4,4,2,1,0,:::,:::,:,,,2,0.06000600060006
410,8,3,0,1,1,::::1O:1O:1O:1O,1O:1O1S:1O1S,,,1L,2,0.06000600060006
411,5,5,0,1,1,::1O:1O:2O,::1O:1O1S:2O1S,,,1L,2,0.06000600060006
412,5,5,0,1,1,::1O:1O:1O,::1O:1O:1O,,,1L,2,0.06000600060006
413,9,4,0,1,1,:::::1O:1O:1O:1O,:1O:1O:1O,,,1L,2,0.06000600060006
414,8,3,0,1,1,:::1O:1O:1O:1O:1O,1O:1O:1O,,,1L,2,0.06000600060006
415,5,5,0,1,1,:1O:1O:1O:2O,:1O:1O:1O1S:2O,,,1L,2,0.06000600060006
416,9,4,0,1,1,::::1O:1O:1O:1O:1O,:1O:1O:1O,,,1L,2,0.06000600060006
417,8,3,0,1,1,::::1O:1O:1O:1O,1O:1O:1O1S,,,1L,2,0.06000600060006
418,9,3,0,1,0,::::::::,::,,,,2,0.06000600060006
419,5,4,1,2,1,:::1O:1O,::1O:1O,,1S:1S:1S:1S:2S:2S:2S:2S,1L,2,0.06000600060006
420,4,4,0,2,1,::1O:1O,::1O:1O1S,,2S:2S:2S:2S:2S:2S:2S:2S,1L,2,0.06000600060006
421,8,4,0,1,0,::::::1O:1O,::1O:1O1S,,,,2,0.06000600060006
422,8,4,0,1,0,::::::1O:1O,:::,,,,2,0.06000600060006
423,4,4,1,1,1,:1O:1O:1O,:1O:1O:1O1S,,,1L,2,0.06000600060006
424,4,4,1,1,1,:1O:1O:1O,:1O:1O:1O1S,1O,,1L,2,0.06000600060006
425,5,3,0,1,1,::1O:1O:2O,1O:1O1S:2O1S,,,1L,2,0.06000600060006
426,8,7,0,1,1,::::1O:1O:1O:1O,:::1O:1O:1O:1O1S,,,1L,2,0.06000600060006
427,8,5,0,1,0,::::::1O:1O,::::1O,,,,2,0.06000600060006
428,5,4,0,1,0,::::1O,:::1O1S,,,,2,0.06000600060006
429,5,4,0,1,1,:1O:1O:1O:2O,:1O:1O:1O1S,,,1L,2,0.06000600060006
430,5,4,0,1,1,:1O:1O:1O:2O,:1O:1O1S:2O1S,,,1L,2,0.06000600060006
431,5,3,1,1,0,::::,::,1O,,,2,0.06000600060006
432,8,6,0,1,1,:::::1O:1O:2O,:::1O:1O1S:2O1S,,,1L,2,0.06000600060006
433,5,3,1,1,1,:1O:1O:1O:1O,1O:1O:1O,,,1L,2,0.06000600060006
434,5,4,0,1,1,:1O:1O:1O:1O,1O:1O:1O:1O1S,,,1L,2,0.06000600060006
435,5,4,0,1,0,::::1O,:::,,,,2,0.06000600060006
436,5,3,0,2,1,:::1O:1O,:1O:1O1S,,1S:1S:1S:1S:2S:2S:2S:2S,1L,2,0.06000600060006
437,5,3,1,1,1,::1O:1O:1O,1O:1O:1O,,,1L,2,0.06000600060006
438,8,6,0,1,1,::::1O:1O:1O:1O,::1O:1O:1O:1O,,,1L,2,0.06000600060006
439,5,3,1,1,1,:::1O:1O,:1O:1O1S,2O,,1L,2,0.06000600060006
440,5,3,1,1,1,:::1O:1O,:1O:1O1S,1O,,1L,2,0.06000600060006
441,8,5,1,1,1,:::::1O:1O:1O,:::1O:1O,1O,,1L,2,0.06000600060006
442,5,3,1,1,1,::1O:1O:1O,:1O:1O1S,,,1L,2,0.06000600060006
443,5,3,0,2,1,:::1O:1O,:1O:1O1S,,2S:2S:2S:2S:2S:2S:3S:3S,1L,2,0.06000600060006
444,5,3,0,2,1,:::1O:1O,:1O1S:1O1S,,1S:1S:1S:1S:2S:2S:2S:2S,1L,2,0.06000600060006
445,5,3,0,1,2,:1O:1O:1O:2O,1O:1O:2O1S,,,1L:1L,2,0.06000600060006
446,5,3,0,2,1,::1O:1O:1O,:1O:1O1S,,1S:1S:1S:1S:2S:2S:2S:2S,1L,2,0.06000600060006
447,5,4,0,2,1,::1O:1O:1O,::1O:1O,,1S:1S:1S:1S:2S:2S:2S:2S,1L,2,0.06000600060006
448,5,3,0,2,1,::1O:1O:1O,:1O:1O,,1S:1S:1S:1S:2S:2S:2S:2S,1L,2,0.06000600060006
449,5,4,0,2,1,::1O:1O:1O,:1O:1O:1O1S,,1S:1S:1S:1S:2S:2S:2S:3S,1L,2,0.06000600060006
450,8,5,0,1,1,:::1O:1O:1O:1O:1O,:1O:1O:1O:1O,,,1L,2,0.06000600060006
451,8,5,0,1,1,:::1O:1O:1O:1O:1O,::1O:1O:1O1S,,,1L,2,0.06000600060006
452,5,4,0,1,2,:1O:1O:2O:2O,1O:1O1S:2O1S:2O1S,,,1L:1L,2,0.06000600060006
453,8,5,0,1,1,::::1O:1O:1O:1O,:1O:1O:1O1S:1O1S,,,1L,2,0.06000600060006
454,8,5,0,1,1,::::1O:1O:1O:2O,::1O:1O1S:2O1S,,,1L,2,0.06000600060006
455,5,4,0,1,2,:1O:1O:1O:2O,1O:1O1S:1O1S:2O1S,,,1L:1L,2,0.06000600060006
456,8,5,0,1,1,::::1O:1O:1O:1O,:1O:1O:1O:1O1S,,,1L,2,0.06000600060006
457,5,4,0,1,1,:::1O:1O,::1O:1O1S,,,1L,2,0.06000600060006
458,8,6,0,1,2,::1O:1O:1O:1O:1O:1O,1O:1O:1O:1O:1O:1O1S,,,1L:1L,2,0.06000600060006
459,5,4,0,1,1,::1O:1O:2O,:1O1S:1O1S:2O1S,,,1L,2,0.06000600060006
460,5,4,0,1,1,::1O:1O:1O,:1O1S:1O1S:1O1S,,,1L,2,0.06000600060006
461,8,3,0,1,0,::::::1O:1O,::1O,,,,2,0.06000600060006
462,8,4,0,1,1,::::1O:1O:1O:2O,:1O:1O:1O,,,1L,2,0.06000600060006
463,5,3,1,1,1,::1O:1O:1O,:1O:1O1S,1O,,1L,2,0.06000600060006
464,7,7,0,1,0,::::::,::::::,,,,2,0.06000600060006
465,7,7,0,1,1,::::1O:1O:2O,::::1O:1O1S:2O1S,,,1L,2,0.06000600060006
466,9,7,0,1,1,::::::1O:1O:2O,::::1O:1O:2O1S,,,1L,2,0.06000600060006
467,9,5,0,1,1,:::::1O:1O:1O:1O,::1O:1O:1O,,,1L,2,0.06000600060006
468,4,3,1,2,1,:1O:1O:1O,:1O:1O,,2S:2S:2S:2S:2S:2S:3S:3S,1L,2,0.06000600060006
469,9,7,0,1,1,::::::1O:1O:1O,::::1O:1O:1O1S,,,1L,2,0.06000600060006
470,9,7,0,1,1,::::::1O:1O:1O,::::1O:1O:1O,,,1L,2,0.06000600060006
471,7,7,0,1,2,:1O:1O:1O:1O:1O:2O,:1O:1O:1O:1O1S:1O1S:2O1S,,,1L:1L,2,0.06000600060006
472,9,7,0,1,2,:::1O:1O:1O:1O:1O:1O,:1O:1O:1O:1O:1O:1O,,,1L:1L,2,0.06000600060006
473,6,2,0,2,1,::::1O:1O,:1O1S,,1S:1S:1S:1S:2S:2S:2S:2S,1L,2,0.06000600060006
474,5,5,1,1,1,::1O:1O:1O,::1O:1O1S:1O1S,1O,,1L,2,0.06000600060006
475,6,2,1,1,1,::::1O:1O,1O:1O,1O,,1L,2,0.06000600060006
476,4,3,0,1,1,:1O:1O:1O,1O:1O1S:1O1S,,,1L,2,0.06000600060006
477,5,5,1,1,0,::::,::::,,,,2,0.06000600060006
478,6,3,0,1,0,:::::2O,::,,,,2,0.06000600060006
479,6,3,0,1,1,:1O:1O:1O:1O:1O,1O:1O:1O,,,1L,2,0.06000600060006
480,6,3,0,1,1,:1O:1O:1O:1O:1O,1O:1O1S:1O1S,,,1L,2,0.06000600060006
481,7,6,1,1,1,::::1O:1O:1O,:::1O:1O:1O,1O,,1L,2,0.06000600060006
482,9,6,0,1,2,::::1O:1O:1O:1O:2O,:::1O:1O1S:2O1S,,,1L:1L,1,0.03000300030003
483,9,7,0,1,0,::::::::1O,::::::,,,,1,0.03000300030003
484,7,4,1,1,1,:::::1O:2O,::1O:2O1S,1O,,1L,1,0.03000300030003
485,8,6,0,1,2,:::1O:1O:1O:1O:1O,::1O:1O:1O:1O,,,1L:1L,1,0.03000300030003
486,8,6,2,1,1,:::::1O:1O:1O,::::1O:1O,:1O,,1L,1,0.03000300030003
487,7,4,0,1,1,::1O:1O:1O:1O:1O,1O:1O:1O1S:1O1S,,,1L,1,0.03000300030003
488,7,4,1,1,1,:::::1O:1O,::1O:1O,1O1S,,1L,1,0.03000300030003
489,8,6,1,1,1,:::::1O:1O:1O,:::1O:1O:1O,1O,,1L,1,0.03000300030003
490,8,6,0,1,2,::::1O:1O:2O:2O,::1O:1O:2O1S:2O1S,,,1L:1L,1,0.03000300030003
491,9,7,0,1,1,::::::1O:1O:1O,:::::1O:1O,,,1L,1,0.03000300030003
492,7,4,1,1,1,::::1O:1O:2O,::1O:2O1S,1O,,1L,1,0.03000300030003
493,8,7,0,1,1,::::1O:1O:1O:1O,::::1O:1O:1O,,,1L,1,0.03000300030003
494,9,6,0,1,1,::::::1O:1O:1O,:::1O:1O:1O1S,,,1L,1,0.03000300030003
495,7,4,1,1,1,:::1O:1O:1O:1O,:1O:1O:1O1S,1O,,1L,1,0.03000300030003
496,8,6,0,2,1,::::::1O:1O,::::1O:1O,,1S:1S:1S:1S:2S:2S:2S:2S,1L,1,0.03000300030003
497,7,4,1,1,1,::::1O:1O:1O,::1O:1O1S,2O,,1L,1,0.03000300030003
498,8,6,1,1,1,::::1O:1O:1O:1O,::::1O:1O,,,1L,1,0.03000300030003
499,7,4,0,1,1,::1O:1O:1O:1O:1O,::1O:1O,,,1L,1,0.03000300030003
500,8,7,0,1,0,:::::::,::::::,,,,1,0.03000300030003
501,8,6,0,2,1,::::::1O:1O,::::1O:1O,,1S:1S:1S:1S:2S:2S:2S:3S,1L,1,0.03000300030003
502,7,4,1,1,1,::::1O:1O:1O,:1O:1O1S:1O1S,1O,,1L,1,0.03000300030003
503,7,4,1,1,1,::::1O:1O:1O,::1O:1O,2O1S,,1L,1,0.03000300030003
504,8,6,1,1,0,:::::::,:::::,,,,1,0.03000300030003
505,8,7,0,1,1,:::1O:1O:1O:1O:2O,::1O:1O:1O:1O:2O1S,,,1L,1,0.03000300030003
506,9,7,0,1,1,:::::1O:1O:1O:1O,::::1O:1O:1O1S,,,1L,1,0.03000300030003
507,8,6,0,1,2,::1O:1O:1O:1O:1O:2O,:1O:1O:1O:1O:2O1S,,,1L:1L,1,0.03000300030003
508,9,6,0,1,2,::1O:1O:1O:1O:1O:1O:2O,1O:1O:1O:1O:1O:2O1S,,,1L:1L,1,0.03000300030003
509,8,7,0,1,1,:::1O:1O:1O:1O:1O,::1O:1O:1O:1O:1O1S,,,1L,1,0.03000300030003
510,7,4,1,1,1,::::1O:1O:1O,:1O:1O:1O1S,1O,,1L,1,0.03000300030003
511,7,4,0,1,1,::1O:1O:1O:1O:1O,::1O:1O1S,,,1L,1,0.03000300030003
512,9,7,0,1,1,::::::1O:1O:2O,::::1O:1O1S:2O1S,,,1L,1,0.03000300030003
513,7,4,1,1,1,:::::2O:2O,::2O1S:2O1S,2O,,1L,1,0.03000300030003
514,8,6,0,1,2,::1O:1O:1O:1O:1O:2O,1O:1O:1O:1O:1O:2O1S,,,1L:1L,1,0.03000300030003
515,10,7,0,1,1,:::::::1O:1O:1O,::::1O:1O:1O1S,,,1L,1,0.03000300030003
516,7,5,0,1,0,::::::1O,::::1O1S,,,,1,0.03000300030003
517,7,4,0,1,0,:::::1O:1O,:::,,,,1,0.03000300030003
518,7,4,0,1,0,::::1O:1O:1O,:::1O1S,,,,1,0.03000300030003
519,7,5,0,1,1,:1O:1O:1O:1O:1O:1O,:1O:1O:1O:1O1S,,,1L,1,0.03000300030003
520,8,6,0,1,1,::::1O:1O:1O:2O,::1O:1O:1O:2O1S,,,1L,1,0.03000300030003
521,8,6,0,1,1,::::1O:1O:1O:2O,::1O:1O:1O1S:2O1S,,,1L,1,0.03000300030003
522,7,3,1,1,1,:::::1O:1O,:1O:1O,1O,,1L,1,0.03000300030003
523,8,6,0,1,1,::::1O:1O:1O:1O,:::1O:1O1S:1O1S,,,1L,1,0.03000300030003
524,7,3,1,1,1,::::1O:1O:1O,1O:1O:1O1S,,,1L,1,0.03000300030003
525,8,6,0,1,1,:::1O:1O:1O:1O:2O,::1O:1O1S:1O1S:2O1S,,,1L,1,0.03000300030003
526,7,3,1,1,0,::::::1O,::1O1S,,,,1,0.03000300030003
527,8,6,0,1,1,:::1O:1O:1O:1O:1O,:::1O:1O:1O1S,,,1L,1,0.03000300030003
528,8,6,0,1,0,:::::::1O,:::::1O,,,,1,0.03000300030003
529,8,6,0,1,0,:::::::,:::::,,,,1,0.03000300030003
530,10,5,0,1,1,:::::::1O:1O:1O,::1O:1O:1O1S,,,1L,1,0.03000300030003
531,8,6,0,1,2,:1O:1O:1O:1O:1O:1O:1O,1O:1O:1O:1O:1O:1O,,,1L:1L,1,0.03000300030003
532,10,5,0,1,1,::::1O:1O:1O:1O:1O:1O,:1O:1O:1O:1O,,,1L,1,0.03000300030003
533,7,4,0,1,0,::::::1O,:::1O1S,,,,1,0.03000300030003
534,7,4,0,1,1,:1O:1O:1O:1O:1O:2O,1O:1O:1O1S:2O1S,,,1L,1,0.03000300030003
535,7,4,0,1,0,::::::2O,:::,,,,1,0.03000300030003
536,7,4,1,1,2,:1O:1O:1O:1O:1O:2O,1O:1O:1O1S:2O1S,,,1L:1L,1,0.03000300030003
537,7,4,1,1,1,:::1O:1O:1O:1O,1O:1O:1O:1O1S,,,1L,1,0.03000300030003
538,9,7,0,1,2,:1O:1O:1O:1O:1O:1O:1O:1O,:1O:1O:1O:1O:1O:1O1S,,,1L:1L,1,0.03000300030003
539,7,4,1,2,1,:::::1O:1O,::1O:1O,,1S:1S:1S:1S:2S:2S:2S:3S,1L,1,0.03000300030003
540,7,4,2,1,1,::::1O:1O:1O,:1O:1O:1O,:,,1L,1,0.03000300030003
541,9,8,0,1,1,::::::1O:1O:1O,:::::1O:1O:1O,,,1L,1,0.03000300030003
542,8,6,0,1,2,::1O:1O:1O:1O:1O:1O,1O:1O:1O:1O:1O:1O,,,1L:1L,1,0.03000300030003
543,8,6,0,1,2,::1O:1O:1O:1O:1O:1O,1O:1O:1O:1O:1O1S:1O1S,,,1L:1L,1,0.03000300030003
544,8,6,0,1,2,:1O:1O:1O:1O:1O:1O:2O,1O:1O:1O:1O:1O:1O,,,1L:1L,1,0.03000300030003
545,9,7,0,1,2,::1O:1O:1O:1O:1O:1O:1O,1O:1O:1O:1O:1O:1O1S:1O1S,,,1L:1L,1,0.03000300030003
546,8,6,0,1,2,:1O:1O:1O:1O:1O:1O:2O,1O:1O:1O:1O:1O1S:2O,,,1L:1L,1,0.03000300030003
547,8,6,0,1,2,:1O:1O:1O:1O:1O:1O:1O,1O:1O:1O:1O:1O:1O1S,,,1L:1L,1,0.03000300030003
548,7,4,1,1,1,:::1O:1O:1O:1O,:1O:1O:1O,,,1L,1,0.03000300030003
549,7,4,0,1,1,::::1O:1O:1O,:1O:1O1S:1S,,,1L,1,0.03000300030003
550,7,4,1,1,0,::::::,:::,,,,1,0.03000300030003
551,7,4,0,1,1,:::1O:1O:1O:2O,1O:1O1S:1O1S:2O,,,1L,1,0.03000300030003
552,7,4,0,1,1,:::1O:1O:1O:2O,1O:1O1S:1O1S:2O1S,,,1L,1,0.03000300030003
553,9,5,0,1,0,::::::::,::::,,,,1,0.03000300030003
554,9,3,0,1,0,:::::::1O:1O,::,,,,1,0.03000300030003
555,9,2,0,1,1,:::::1O:1O:1O:1O,1O:1O,,,1L,1,0.03000300030003
556,8,8,0,1,2,::1O:1O:1O:1O:1O:1O,::1O:1O:1O:1O:1O:1O1S,,,1L:1L,1,0.03000300030003
557,9,5,0,1,0,::::::::1O,::::,,,,1,0.03000300030003
558,9,5,0,1,1,::::1O:1O:1O:1O:1O,:1O:1O:1O1S:1O1S,,,1L,1,0.03000300030003
559,9,5,0,1,1,::::1O:1O:1O:1O:2O,::1O:1O1S:2O1S,,,1L,1,0.03000300030003
560,9,3,0,1,1,:::::1O:1O:1O:1O,1O:1O:1O1S,,,1L,1,0.03000300030003
561,8,8,0,1,1,:::::1O:1O:1O,:::::1O:1O:1O1S,,,1L,1,0.03000300030003
562,7,4,0,1,1,::::1O:2O:2O,:1O:2O1S:2O1S,,,1L,1,0.03000300030003
563,7,4,0,1,1,:::::1O:1O,::1O:1O,,,1L,1,0.03000300030003
564,7,4,0,1,1,:::::1O:1O,::1O:1O1S,,,1L,1,0.03000300030003
565,7,4,0,1,1,:::::1O:1O,:::1O1S,,,1L,1,0.03000300030003
566,7,4,0,1,2,:1O:1O:1O:1O:1O:1O,1O:1O:1O:1O,,,1L:1L,1,0.03000300030003
567,8,8,0,1,1,:::1O:1O:1O:1O:2O,:::1O:1O:1O:1O1S:2O1S,,,1L,1,0.03000300030003
568,7,4,0,1,1,::::1O:1O:2O,::1O:1O1S,,,1L,1,0.03000300030003
569,9,3,0,1,1,::::::1O:1O:1O,1O:1O:1O1S,,,1L,1,0.03000300030003
570,7,4,0,2,1,::::::1O,:::1O,,1S:1S:1S:1S:2S:2S:2S:3S,1L,1,0.03000300030003
571,7,4,0,1,1,:::1O:1O:1O:2O,:1O:1O1S:1O1S,,,1L,1,0.03000300030003
572,7,4,0,1,1,:::1O:1O:1O:2O,::1O:1O,,,1L,1,0.03000300030003
573,9,4,0,1,1,:::::1O:1O:1O:1O,:1O:1O:1O1S,,,1L,1,0.03000300030003
574,9,4,0,1,1,::::::1O:1O:1O,:1O:1O:1O1S,,,1L,1,0.03000300030003
575,9,4,0,1,1,::::::1O:1O:1O,::1O:1O,,,1L,1,0.03000300030003
576,7,4,0,1,1,:::1O:1O:1O:2O,:1O:1O:2O,,,1L,1,0.03000300030003
577,7,4,0,1,1,:::1O:1O:1O:2O,:1O:1O:1O1S,,,1L,1,0.03000300030003
578,9,4,0,1,2,:::1O:1O:1O:1O:1O:1O,1O:1O:1O1S:1O1S,,,1L:1L,1,0.03000300030003
579,9,4,0,1,0,::::::::1O,:::1O,,,,1,0.03000300030003
580,9,4,1,1,1,::::::1O:1O:1O,:1O:1O:1O,,,1L,1,0.03000300030003
581,9,4,0,1,0,::::::::1O,:::,,,,1,0.03000300030003
582,7,4,0,1,1,::::1O:1O:1O,:::1O1S,,,1L,1,0.03000300030003
583,7,4,0,1,1,:::1O:1O:1O:2O,1O:1O:1O1S:2O1S,,,1L,1,0.03000300030003
584,7,4,0,1,1,::::1O:1O:2O,:1O:1O1S:2O,,,1L,1,0.03000300030003
585,9,4,0,1,0,::::::::,:::,,,,1,0.03000300030003
586,9,4,0,1,2,:::1O:1O:1O:1O:1O:2O,1O:1O:1O1S:2O1S,,,1L:1L,1,0.03000300030003
587,9,4,0,2,1,:::::::1O:1O,::1O:1O,,1S:1S:1S:1S:2S:2S:2S:2S,1L,1,0.03000300030003
588,7,4,0,1,2,:1O:1O:1O:1O:2O:2O,1O:1O1S:2O1S:2O1S,,,1L:1L,1,0.03000300030003
589,9,5,0,1,1,:::::1O:1O:1O:1O,::1O:1O:1O1S,,,1L,1,0.03000300030003
590,7,5,0,1,1,::1O:1O:1O:1O:2O,:1O:1O:1O:2O1S,,,1L,1,0.03000300030003
591,8,7,0,1,2,:1O:1O:1O:1O:1O:1O:1O,:1O:1O:1O:1O:1O:1O,,,1L:1L,1,0.03000300030003
592,8,7,0,1,2,::1O:1O:1O:1O:1O:1O,:1O:1O:1O:1O1S:1O1S:1O1S,,,1L:1L,1,0.03000300030003
593,8,7,0,1,2,:1O:1O:1O:1O:1O:2O:2O,:1O:1O:1O:1O:2O1S:2O1S,,,1L:1L,1,0.03000300030003
594,7,4,0,2,1,:::::1O:1O,::1O:1O,,2S:2S:2S:2S:2S:2S:2S:2S,1L,1,0.03000300030003
595,8,7,0,1,2,:1O:1O:1O:1O:1O:1O:2O,:1O:1O:1O:1O:1O1S:2O1S,,,1L:1L,1,0.03000300030003
596,7,4,0,2,1,:::::1O:1O,::1O:1O,,:::1S:1S:2S:2S:2S,1L,1,0.03000300030003
597,9,6,0,1,1,::::1O:1O:1O:1O:1O,:::1O:1O:1O,,,1L,1,0.03000300030003
598,7,4,0,1,1,:::1O:1O:1O:1O,1O:1O:1O1S:1S,,,1L,1,0.03000300030003
599,7,4,0,2,1,:::::1O:1O,::1O:1O1S,,1S:1S:1S:1S:2S:2S:2S:3S,1L,1,0.03000300030003
600,7,4,0,1,2,:1O:1O:1O:1O:2O:2O,1O:1O:1O:2O1S,,,1L:1L,1,0.03000300030003
601,8,7,0,1,1,::::1O:1O:1O:2O,::::1O:1O:2O1S,,,1L,1,0.03000300030003
602,7,4,0,2,1,:::::1O:1O,::1O:1O1S,,:::1S:1S:2S:2S:2S,1L,1,0.03000300030003
603,8,7,0,1,1,::::1O:1O:1O:2O,::::1O:1O1S:2O,,,1L,1,0.03000300030003
604,7,4,0,2,1,:::::1O:1O,:::1O,,1S:1S:1S:1S:2S:2S:2S:3S,1L,1,0.03000300030003
605,7,4,0,2,1,:::::1O:2O,::1O:2O1S,,1S:1S:1S:1S:2S:2S:2S:3S,1L,1,0.03000300030003
606,7,4,0,1,1,:::1O:1O:2O:2O,:1O:1O1S:2O1S,,,1L,1,0.03000300030003
607,7,4,0,1,1,::1O:1O:1O:1O:2O,:1O:1O1S:2O1S,,,1L,1,0.03000300030003
608,9,6,0,1,1,:::1O:1O:1O:1O:1O:2O,:1O:1O:1O:1O1S:2O,,,1L,1,0.03000300030003
609,9,5,0,2,1,:::::::1O:1O,:::1O:1O,,1S:1S:1S:1S:2S:2S:2S:3S,1L,1,0.03000300030003
610,8,7,0,1,2,::1O:1O:1O:1O:1O:1O,:1O:1O:1O:1O:1O1S:1O1S,,,1L:1L,1,0.03000300030003
611,9,5,0,1,1,::::::1O:1O:2O,::1O:1O1S:2O1S,,,1L,1,0.03000300030003
612,7,4,0,1,2,::1O:1O:1O:1O:1O,1O:1O:1O:1O1S,,,1L:1L,1,0.03000300030003
613,8,7,0,1,2,:::1O:1O:1O:1O:1O,::1O:1O:1O:1O:1O,,,1L:1L,1,0.03000300030003
614,7,4,0,1,2,::1O:1O:1O:1O:2O,1O:1O:1O1S:2O1S,,,1L:1L,1,0.03000300030003
615,7,4,0,1,3,::1O:1O:1O:2O:2O,1O:1O1S:2O1S:2O1S,,,1L:1L:1L,1,0.03000300030003
616,9,5,0,1,1,::::::1O:1O:1O,::1O:1O:1O1S,,,1L,1,0.03000300030003
617,7,4,0,2,1,::1O:1O:1O:1O:1O,1O:1O:1O:1O1S,,1S:1S:1S:1S:2S:2S:2S:2S,1L,1,0.03000300030003
618,9,5,0,1,1,::::::1O:1O:1O,:::1O:1O,,,1L,1,0.03000300030003
619,7,4,0,2,1,:::1O:1O:1O:1O,:1O:1O:1O,,1S:1S:1S:1S:2S:2S:2S:3S,1L,1,0.03000300030003
620,7,4,0,2,1,:::1O:1O:1O:1O,:1O:1O:1O,,1S:1S:1S:1S:2S:2S:3S:3S,1L,1,0.03000300030003
621,7,4,0,2,1,:::1O:1O:1O:1O,::1O:1O1S,,1S:1S:1S:2S:2S:2S:3S:3S,1L,1,0.03000300030003
622,8,7,0,1,2,::1O:1O:1O:1O:1O:2O,::1O:1O:1O:1O:2O1S,,,1L:1L,1,0.03000300030003
623,7,4,0,2,1,::::1O:1O:1O,::1O:1O,,2S:2S:2S:2S:2S:2S:2S:3S,1L,1,0.03000300030003
624,7,4,0,2,1,::::1O:1O:1O,::1O:1O,,2S:2S:2S:2S:2S:2S:3S:3S,1L,1,0.03000300030003
625,8,7,0,1,2,::1O:1O:1O:1O:1O:2O,:1O:1O:1O:1O:1O:2O,,,1L:1L,1,0.03000300030003
626,7,4,0,2,1,::::1O:1O:1O,:::1O,,1S:1S:1S:1S:2S:2S:2S:3S,1L,1,0.03000300030003
627,9,6,0,1,1,::::::1O:1O:1O,:::1O:1O:1O,,,1L,1,0.03000300030003
628,7,6,0,1,2,::1O:1O:1O:2O:2O,:1O:1O:1O1S:2O1S:2O1S,,,1L:1L,1,0.03000300030003
629,7,5,0,1,1,::1O:1O:1O:1O:2O,::1O:1O1S:2O1S,,,1L,1,0.03000300030003
630,8,2,0,1,0,:::::::1O,:1O1S,,,,1,0.03000300030003
631,8,3,0,1,1,::::1O:1O:1O:2O,:1O:2O1S,,,1L,1,0.03000300030003
632,8,3,0,1,1,::::1O:1O:1O:1O,:1O:1O1S,,,1L,1,0.03000300030003
633,8,3,0,1,1,::::1O:1O:1O:1O,:1O:1O,,,1L,1,0.03000300030003
634,8,3,0,1,1,:::1O:1O:1O:1O:1O,1O:1O:1O1S,,,1L,1,0.03000300030003
635,8,3,0,1,0,:::::::1O,::1S,,,,1,0.03000300030003
636,8,3,0,1,0,:::::::1O,::1O,,,,1,0.03000300030003
637,8,3,0,1,0,::::::1O:1O,::,,,,1,0.03000300030003
638,8,2,0,1,1,:::::1O:1O:1O,1O:1O1S,,,1L,1,0.03000300030003
639,8,2,0,1,1,:::1O:1O:1O:1O:1O,1O:1O1S,,,1L,1,0.03000300030003
640,8,2,0,1,0,::::::1O:1O,:,,,,1,0.03000300030003
641,7,6,0,1,1,:::1O:1O:1O:2O,:::1O:1O:2O1S,,,1L,1,0.03000300030003
642,8,1,0,1,0,:::::::,,,,,1,0.03000300030003
643,7,7,1,1,2,:1O:1O:1O:1O:1O:1O,:1O:1O:1O:1O:1O:1O1S,,,1L:1L,1,0.03000300030003
644,7,7,1,1,2,1O:1O:1O:1O:1O:1O:1O,1O:1O:1O:1O:1O:1O:1O1S,1O,,1L:1L,1,0.03000300030003
645,7,7,1,1,1,::::1O:1O:1O,::::1O:1O:1O1S,,,1L,1,0.03000300030003
646,7,7,0,1,3,:1O:1O:1O:1O:2O:2O,:1O:1O:1O:1O:2O1S:2O1S,,,1L:1L:1L,1,0.03000300030003
647,7,7,0,1,2,:1O:1O:1O:1O:1O:2O,:1O:1O:1O:1O:1O:2O,,,1L:1L,1,0.03000300030003
648,7,6,0,1,1,:::1O:1O:1O:2O,::1O:1O1S:1O1S:2O,,,1L,1,0.03000300030003
649,7,7,0,1,2,:1O:1O:1O:1O:1O:2O,:1O:1O:1O:1O:1O1S:2O1S,,,1L:1L,1,0.03000300030003
650,7,7,0,1,2,:1O:1O:1O:1O:1O:2O,:1O:1O:1O:1O:1O1S:2O,,,1L:1L,1,0.03000300030003
651,8,3,0,1,1,:::::1O:1O:1O,::1O,,,1L,1,0.03000300030003
652,7,6,0,1,1,::1O:1O:1O:1O:2O,::1O:1O:1O:2O1S,,,1L,1,0.03000300030003
653,8,3,0,1,1,::::::1O:1O,:1O:1O,,,1L,1,0.03000300030003
654,8,4,0,1,0,::::::1O:1O,:::1O,,,,1,0.03000300030003
655,8,4,0,1,1,::::1O:1O:1O:1O,::1O:1O,,,1L,1,0.03000300030003
656,7,5,1,1,1,:::::1O:1O,:::1O:1O,1O,,1L,1,0.03000300030003
657,8,4,0,1,1,::::1O:1O:1O:1O,:1O:1O1S:1O1S,,,1L,1,0.03000300030003
658,8,4,0,1,1,::::1O:1O:1O:1O,1O:1O:1O:1O1S,,,1L,1,0.03000300030003
659,8,4,0,1,1,:::1O:1O:1O:2O:2O,1O:1O:2O1S:2O1S,,,1L,1,0.03000300030003
660,7,5,1,1,1,:::::1O:1O,:::1O:1O,1O1S,,1L,1,0.03000300030003
661,8,4,0,1,1,:::1O:1O:1O:1O:2O,:1O1S:1O1S:2O1S,,,1L,1,0.03000300030003
662,7,5,1,1,1,:::::1O:2O,:::1O:2O1S,1O,,1L,1,0.03000300030003
663,7,5,1,1,2,:1O:1O:1O:1O:1O:2O,1O:1O:1O:1O1S:2O1S,1O,,1L:1L,1,0.03000300030003
664,8,4,0,1,1,:::1O:1O:1O:1O:1O,:1O:1O1S:1O1S,,,1L,1,0.03000300030003
665,8,4,0,1,1,::1O:1O:1O:1O:1O:1O,:1O:1O:1O1S,,,1L,1,0.03000300030003
666,8,4,0,1,0,:::::::1O,:::1O1S,,,,1,0.03000300030003
667,7,5,1,1,2,:1O:1O:1O:1O:1O:2O,1O:1O:1O:1O:2O1S,1O,,1L:1L,1,0.03000300030003
668,7,5,1,2,1,::::1O:1O:1O,:::1O:1O,,2S:2S:2S:2S:2S:2S:2S:2S,1L,1,0.03000300030003
669,7,5,1,2,1,:::::1O:1O,:::1O:1O1S,1O,1S:1S:1S:1S:2S:2S:2S:2S,1L,1,0.03000300030003
670,8,4,0,1,0,:::::::1O,:::1O,,,,1,0.03000300030003
671,7,6,0,1,0,::::::1O,:::::1O1S,,,,1,0.03000300030003
672,7,6,0,1,1,::1O:1O:1O:1O:1O,:1O:1O:1O:1O:1O,,,1L,1,0.03000300030003
673,8,4,0,1,0,::::::1O:2O,:::,,,,1,0.03000300030003
674,7,6,0,1,1,:::1O:1O:1O:2O,:::1O:1O:1O,,,1L,1,0.03000300030003
675,7,6,0,1,1,:::1O:1O:2O:2O,::1O:1O:2O1S:2O1S,,,1L,1,0.03000300030003
676,8,6,0,1,0,::::::1O:1O,:::::,,,,1,0.03000300030003
677,7,3,1,1,0,::::::1O,::,,,,1,0.03000300030003
678,7,6,0,1,2,:1O:1O:1O:1O:1O:2O,1O:1O:1O1S:1O1S:1O1S:2O1S,,,1L:1L,1,0.03000300030003
679,7,6,1,1,1,::::1O:1O:1O,:::1O:1O:1O1S,1O,,1L,1,0.03000300030003
680,7,6,1,1,1,::::1O:1O:1O,:::1O:1O:1O1S,,,1L,1,0.03000300030003
681,7,6,1,1,1,:::1O:1O:1O:2O,::1O:1O1S:1O1S:2O1S,,,1L,1,0.03000300030003
682,7,6,0,1,2,:1O:1O:1O:1O:1O:2O,:1O:1O:1O:1O:2O1S,,,1L:1L,1,0.03000300030003
683,7,6,1,1,1,:::1O:1O:1O:1O,:::1O:1O:1O1S,,,1L,1,0.03000300030003
684,7,6,0,1,2,:1O:1O:1O:1O:2O:2O,1O:1O:1O:1O1S:2O1S:2O1S,,,1L:1L,1,0.03000300030003
685,7,6,1,1,1,:::1O:1O:1O:1O,::1O:1O:1O1S:1O1S,,,1L,1,0.03000300030003
686,7,6,0,2,1,:::::1O:1O,::::1O:1O1S,,2S:2S:3S:3S:3S:3S:3S:3S,1L,1,0.03000300030003
687,7,6,0,2,1,:::::1O:1O,::::1O:1O,,1S:1S:1S:1S:2S:2S:2S:3S,1L,1,0.03000300030003
688,7,6,0,1,1,::::1O:1O:1O,::1O:1O:1O1S:1S,,,1L,1,0.03000300030003
689,7,6,0,2,1,:::::1O:1O,::::1O:1O,,1S:1S:1S:1S:2S:2S:2S:2S,1L,1,0.03000300030003
690,7,6,0,2,1,::::1O:1O:1O,:::1O:1O:1O,,2S:2S:2S:2S:2S:2S:3S:3S,1L,1,0.03000300030003
691,7,6,0,1,2,::1O:1O:1O:1O:1O,:1O:1O:1O:1O:1O1S,,,1L:1L,1,0.03000300030003
692,7,6,0,1,3,:1O:1O:1O:1O:2O:2O,1O:1O:1O:1O:2O1S:2O1S,,,1L:1L:1L,1,0.03000300030003
693,7,6,0,1,3,1O:1O:1O:1O:1O:2O:2O,1O:1O:1O:1O1S:2O1S:2O1S,,,1L:1L:1L,1,0.03000300030003
694,7,6,0,1,2,::::1O:1O:2O,:::1O:1O:2O1S,,,1L:1L,1,0.03000300030003
695,7,6,0,1,2,:::1O:1O:1O:2O,::1O:1O:1O:2O1S,,,1L:1L,1,0.03000300030003
696,7,6,0,1,2,:::1O:1O:1O:2O,::1O:1O1S:1O1S:2O1S,,,1L:1L,1,0.03000300030003
697,7,6,0,1,2,:::1O:1O:1O:1O,::1O:1O:1O1S:1O1S,,,1L:1L,1,0.03000300030003
698,7,6,1,1,2,1O:1O:1O:1O:1O:1O:1O,1O:1O:1O:1O:1O:1O1S,,,1L:1L,1,0.03000300030003
699,7,6,1,1,2,:1O:1O:1O:1O:1O:1O,1O:1O:1O:1O:1O:1O1S,,,1L:1L,1,0.03000300030003
700,7,6,1,1,2,:1O:1O:1O:1O:1O:1O,:1O:1O:1O:1O:1O1S,2O,,1L:1L,1,0.03000300030003
701,7,6,0,1,2,:1O:1O:1O:1O:1O:1O,1O:1O:1O:1O:1O1S:1O1S,,,1L:1L,1,0.03000300030003
702,7,7,0,1,2,:1O:1O:1O:1O:1O:1O,:1O:1O:1O:1O1S:1O1S:1O1S,,,1L:1L,1,0.03000300030003
703,7,6,0,1,1,::::1O:1O:1O,::1O:1O:1O:1S,,,1L,1,0.03000300030003
704,7,6,0,1,1,::::1O:1O:1O,:::1O:1O1S:1O1S,,,1L,1,0.03000300030003
705,7,7,0,1,2,1O:1O:1O:1O:1O:1O:1O,1O:1O:1O:1O:1O:1O:1O1S,,,1L:1L,1,0.03000300030003
706,7,7,0,1,1,::::1O:1O:2O,::::1O:1O:2O1S,,,1L,1,0.03000300030003
707,7,7,0,1,1,:::1O:1O:1O:2O,:::1O:1O:1O:2O1S,,,1L,1,0.03000300030003
708,7,7,0,1,1,:::1O:1O:1O:1O,:::1O:1O:1O1S:1O1S,,,1L,1,0.03000300030003
709,7,7,0,1,1,::1O:1O:1O:1O:1O,::1O:1O:1O:1O:1O1S,,,1L,1,0.03000300030003
710,7,7,0,1,1,::1O:1O:1O:1O:1O,::1O:1O:1O:1O:1O,,,1L,1,0.03000300030003
711,7,6,0,1,1,::::1O:1O:2O,:::1O:1O1S:2O,,,1L,1,0.03000300030003
712,7,6,0,1,1,::::1O:1O:2O,:::1O:1O:2O,,,1L,1,0.03000300030003
713,7,6,2,1,1,::::1O:1O:1O,:::1O:1O:1O1S,:1O,,1L,1,0.03000300030003
714,7,6,1,2,1,:::::1O:1O,::::1O:1O1S,,1S:1S:1S:1S:2S:2S:2S:3S,1L,1,0.03000300030003
715,7,6,0,1,1,::::1O:1O:2O,::::1O:2O1S,,,1L,1,0.03000300030003
716,7,6,1,1,2,:1O:1O:1O:1O:2O:2O,:1O:1O:1O:2O1S:2O1S,,,1L:1L,1,0.03000300030003
717,7,6,0,1,1,::::1O:2O:2O,:::1O:2O1S:2O1S,,,1L,1,0.03000300030003
718,7,6,0,1,1,::::2O:2O:2O,:::2O1S:2O1S:2O1S,,,1L,1,0.03000300030003
719,7,6,0,1,2,1O:1O:1O:1O:1O:1O:1O,1O:1O:1O:1O:1O:1O1S,,,1L:1L,1,0.03000300030003
720,7,6,0,1,2,:1O:1O:1O:1O:1O:1O,1O:1O:1O:1O1S:1O1S:1O1S,,,1L:1L,1,0.03000300030003
721,8,4,0,1,1,::::1O:1O:1O:1O,::1O:1O1S,,,1L,1,0.03000300030003
722,8,4,0,1,1,::::1O:1O:1O:2O,1O:1O:1S:2O1S,,,1L,1,0.03000300030003
723,8,4,0,1,1,::::1O:1O:1O:2O,:1O:1O:2O1S,,,1L,1,0.03000300030003
724,8,5,0,1,1,::::1O:1O:1O:1O,:1O:1O:1O1S:1S,,,1L,1,0.03000300030003
725,7,5,0,1,1,:::1O:1O:2O:2O,::1O:2O1S:2O1S,,,1L,1,0.03000300030003
726,7,5,0,1,1,::::1O:1O:1O,:1O:1O:1O:1S,,,1L,1,0.03000300030003
727,7,5,0,1,1,::::1O:1O:1O,::1O1S:1O1S:1O1S,,,1L,1,0.03000300030003
728,8,5,0,1,1,::::1O:1O:1O:2O,:1O:1O:1O1S:2O1S,,,1L,1,0.03000300030003
729,8,5,0,1,1,::::1O:1O:1O:1O,:::1O:1O,,,1L,1,0.03000300030003
730,7,5,0,1,1,::::1O:1O:2O,::1O:1O1S:2O,,,1L,1,0.03000300030003
731,8,5,0,1,1,::::1O:1O:1O:1O,::1O:1O1S:1O1S,,,1L,1,0.03000300030003
732,8,5,0,1,1,::::1O:1O:1O:1O,:1O:1O:1O:1S,,,1L,1,0.03000300030003
733,8,5,0,1,1,::::1O:1O:1O:1O,:1O:1O:1O:1O,,,1L,1,0.03000300030003
734,7,5,0,1,1,:::::1O:1O,:::1O:1O1S,,,1L,1,0.03000300030003
735,8,4,0,1,1,::::1O:1O:2O:2O,::1O:2O1S,,,1L,1,0.03000300030003
736,7,5,0,1,2,:1O:1O:1O:1O:1O:1O,1O:1O:1O:1O:1O,,,1L:1L,1,0.03000300030003
737,7,5,0,1,2,:1O:1O:1O:1O:1O:1O,:1O:1O:1O:1O,,,1L:1L,1,0.03000300030003
738,7,5,0,1,2,:1O:1O:1O:1O:1O:1O,:1O:1O:1O:1O1S,,,1L:1L,1,0.03000300030003
739,7,5,0,1,2,:1O:1O:1O:1O:1O:2O,1O:1O:1O1S:1O1S:2O,,,1L:1L,1,0.03000300030003
740,8,5,0,1,1,:::1O:1O:1O:1O:1O,:::1O:1O1S,,,1L,1,0.03000300030003
741,7,5,0,1,2,:1O:1O:1O:1O:1O:2O,1O:1O:1O:1O:2O1S,,,1L:1L,1,0.03000300030003
742,8,5,0,1,1,:::1O:1O:1O:1O:1O,:1O:1O:1O:1O1S,,,1L,1,0.03000300030003
743,7,5,0,1,2,:1O:1O:1O:1O:1O:2O,:1O:1O:1O:1O1S,,,1L:1L,1,0.03000300030003
744,8,5,0,1,0,:::::::1O,::::1O1S,,,,1,0.03000300030003
745,7,5,0,1,1,:::1O:1O:2O:2O,:1O:1O:2O1S:2O1S,,,1L,1,0.03000300030003
746,7,5,0,1,1,:::1O:1O:1O:2O,:::1O:2O1S,,,1L,1,0.03000300030003
747,8,5,0,1,1,::::1O:1O:1O:2O,::1O:1O:1O,,,1L,1,0.03000300030003
748,8,5,0,1,1,::::1O:1O:1O:2O,:::1O:2O1S,,,1L,1,0.03000300030003
749,8,5,1,1,1,:::::1O:1O:2O,::1O:1O1S:2O1S,,,1L,1,0.03000300030003
750,8,5,1,1,1,:::::1O:1O:1O,::1O:1O:1O1S,1O,,1L,1,0.03000300030003
751,8,5,1,1,1,:::::1O:1O:1O,::1O:1O:1O1S,,,1L,1,0.03000300030003
752,8,5,1,1,1,:::::1O:1O:1O,::1O:1O:1O,,,1L,1,0.03000300030003
753,8,5,1,1,1,:::::1O:1O:1O,::1O:1O1S:1O1S,1O,,1L,1,0.03000300030003
754,8,5,0,2,2,:::1O:1O:1O:1O:1O,1O:1O:1O:1O:1O,,2S:2S:2S:2S:2S:2S:3S:3S,1L:1L,1,0.03000300030003
755,8,5,0,2,1,::::::1O:1O,:::1O:1O,,1S:1S:1S:1S:2S:2S:2S:3S,1L,1,0.03000300030003
756,8,5,0,1,2,:::1O:1O:1O:2O:2O,:1O:1O:2O:2O1S,,,1L:1L,1,0.03000300030003
757,8,5,0,1,2,:::1O:1O:1O:1O:2O,:1O:1O:1O:2O1S,,,1L:1L,1,0.03000300030003
758,8,5,0,1,2,:::1O:1O:1O:1O:2O,1O:1O:1O:1O:2O1S,,,1L:1L,1,0.03000300030003
759,8,5,0,1,2,::1O:1O:1O:1O:1O:1O,:1O:1O:1O:1O1S,,,1L:1L,1,0.03000300030003
760,8,5,0,1,1,:::::1O:2O:2O,::1O:2O1S:2O1S,,,1L,1,0.03000300030003
761,7,5,0,1,1,:::1O:1O:1O:1O,:::1O:1O,,,1L,1,0.03000300030003
762,8,5,0,1,1,:::::1O:1O:2O,::1O:1O1S:2O1S,,,1L,1,0.03000300030003
763,8,5,0,1,1,:::::1O:1O:1O,:::1O:1O1S,,,1L,1,0.03000300030003
764,7,5,0,1,1,:::1O:1O:1O:2O,:1O:1O:1O1S:2O1S,,,1L,1,0.03000300030003
765,7,6,0,1,2,::1O:1O:1O:1O:2O,::1O:1O:1O1S:2O1S,,,1L:1L,1,0.03000300030003
766,8,5,0,1,1,::::1O:1O:2O:2O,::1O1S:2O:2O,,,1L,1,0.03000300030003
767,7,5,0,1,1,:::1O:1O:1O:2O,::1O:1O:1O1S,,,1L,1,0.03000300030003
768,7,5,0,1,2,:1O:1O:1O:1O:1O:2O,:1O:1O:1O:2O1S,,,1L:1L,1,0.03000300030003
769,8,5,0,1,0,:::::::1O,::::1O,,,,1,0.03000300030003
770,7,5,0,1,2,::1O:1O:1O:1O:1O,1O:1O:1O:1O:1O,,,1L:1L,1,0.03000300030003
771,8,4,0,1,2,:1O:1O:1O:1O:1O:1O:1O,1O:1O:1O:1O1S,,,1L:1L,1,0.03000300030003
772,7,5,0,2,2,:1O:1O:1O:1O:1O:1O,1O:1O:1O:1O:1O,,2S:2S:2S:2S:2S:2S:3S:3S,1L:1L,1,0.03000300030003
773,8,4,0,1,1,:::::1O:1O:2O,:1O:1O1S:2O1S,,,1L,1,0.03000300030003
774,7,5,0,2,2,:1O:1O:1O:1O:2O:2O,1O:1O:1O:1O1S:2O,,1S:1S:1S:1S:2S:2S:2S:2S,1L:1L,1,0.03000300030003
775,7,5,0,2,2,::1O:1O:1O:1O:1O,1O:1O:1O:1O:1O,,1S:1S:1S:1S:2S:2S:2S:3S,1L:1L,1,0.03000300030003
776,7,5,0,2,2,::1O:1O:1O:1O:2O,1O:1O:1O:1O1S:2O1S,,1S:1S:1S:1S:2S:2S:2S:3S,1L:1L,1,0.03000300030003
777,7,5,0,2,2,::1O:1O:1O:1O:2O,1O:1O:1O:1O:2O1S,,2S:2S:2S:2S:2S:2S:3S:3S,1L:1L,1,0.03000300030003
778,7,5,0,2,2,:::1O:1O:1O:1O,:::1O:1O,,1S:1S:1S:1S:2S:2S:2S:3S,1L:1L,1,0.03000300030003
779,7,5,0,2,2,::::1O:1O:1O,:::1O:1O,,2S:2S:2S:2S:2S:2S:2S:3S,1L:1L,1,0.03000300030003
780,7,5,1,1,0,::::::,::::,,,,1,0.03000300030003
781,7,5,1,1,0,::::::1O,::::,,,,1,0.03000300030003
782,8,4,0,1,1,:::::1O:1O:1O,::1O:1O,,,1L,1,0.03000300030003
783,7,5,1,1,1,:::1O:1O:1O:1O,:1O:1O:1O1S:1O1S,,,1L,1,0.03000300030003
784,7,5,1,1,1,:::1O:1O:1O:1O,:1O:1O:1O:1O,,,1L,1,0.03000300030003
785,8,4,0,1,1,:::::1O:1O:1O,::1O1S:1O1S,,,1L,1,0.03000300030003
786,7,5,1,1,1,:::1O:1O:1O:1O,::1O:1O:1O,1O,,1L,1,0.03000300030003
787,8,4,0,1,1,:::::1O:1O:1O,:1O:1O1S:1O1S,,,1L,1,0.03000300030003
788,7,5,1,1,1,:::1O:1O:1O:2O,::1O:1O:1O,,,1L,1,0.03000300030003
789,7,5,1,1,1,:::1O:1O:1O:2O,::1O:1O:2O1S,2O,,1L,1,0.03000300030003
790,7,5,1,1,1,::::1O:1O:1O,:1O:1O:1O:1S,1O1S,,1L,1,0.03000300030003
791,7,5,0,2,1,:::::1O:1O,::::1O,,1S:1S:1S:1S:2S:2S:2S:3S,1L,1,0.03000300030003
792,7,5,0,2,1,:::::1O:1O,:::1O:1O1S,,2S:2S:3S:3S:3S:3S:3S:3S,1L,1,0.03000300030003
793,7,5,0,1,2,::1O:1O:1O:1O:2O,1O:1O:1O:1O1S:2O1S,,,1L:1L,1,0.03000300030003
794,7,5,0,2,1,:::::1O:1O,:::1O:1O1S,,1S:1S:1S:1S:2S:2S:2S:2S,1L,1,0.03000300030003
795,7,5,0,1,2,::1O:1O:1O:1O:2O,1O:1O:1O:1O:2O1S,,,1L:1L,1,0.03000300030003
796,7,5,0,1,2,::1O:1O:1O:2O:2O,1O:1O:1O:2O1S:2O1S,,,1L:1L,1,0.03000300030003
797,7,5,0,1,2,:::1O:1O:1O:2O,:1O:1O:1O1S:2O1S,,,1L:1L,1,0.03000300030003
798,7,5,0,1,2,:::1O:1O:2O:2O,:1O:1O:2O1S:2O1S,,,1L:1L,1,0.03000300030003
799,8,4,1,1,1,::::::1O:1O,::1O:1O,2O1S,,1L,1,0.03000300030003
800,7,5,0,2,1,:::1O:1O:1O:1O,::1O:1O:1O,,1S:1S:1S:1S:2S:2S:2S:2S,1L,1,0.03000300030003
801,7,5,0,2,1,:::1O:1O:1O:1O,::1O:1O:1O1S,,1S:1S:1S:1S:2S:2S:2S:2S,1L,1,0.03000300030003
802,7,5,0,2,1,::::1O:1O:1O,::1O:1O:1O,,1S:1S:1S:1S:1S:2S:2S:2S,1L,1,0.03000300030003
803,7,5,0,2,1,::::1O:1O:1O,:::1O:1O,,1S:1S:1S:1S:2S:2S:2S:2S,1L,1,0.03000300030003
804,7,5,0,2,1,::::1O:1O:1O,:::1O:1O,,1S:1S:1S:1S:2S:2S:2S:3S,1L,1,0.03000300030003
805,7,5,0,2,1,::::1O:1O:1O,:::1O:1O,,2S:2S:2S:2S:2S:2S:3S:3S,1L,1,0.03000300030003
806,7,5,0,2,1,::::1O:1O:1O,:::1O:1O1S,,1S:1S:1S:1S:2S:2S:2S:2S,1L,1,0.03000300030003
807,7,5,0,2,1,::::1O:1O:1O,:::1O:1O1S,,1S:1S:1S:1S:2S:2S:2S:3S,1L,1,0.03000300030003
808,7,5,0,2,1,:::::1O:1O,:::1O:1O,,1S:1S:1S:1S:1S:2S:2S:2S,1L,1,0.03000300030003
809,8,4,0,2,1,::::::1O:2O,::1O:2O1S,,1S:1S:1S:1S:2S:2S:2S:3S,1L,1,0.03000300030003
810,8,4,0,1,2,::1O:1O:1O:1O:1O:1O,1O:1O:1O:1O1S,,,1L:1L,1,0.03000300030003
811,7,5,0,2,1,:::::1O:1O,:::1O:1O,,2S:2S:2S:2S:2S:2S:3S:3S,1L,1,0.03000300030003
812,8,4,0,1,2,::1O:1O:1O:1O:1O:1O,1O:1O:1O:1O,,,1L:1L,1,0.03000300030003
813,8,4,0,1,2,:1O:1O:1O:1O:1O:1O:2O,1O:1O:1O:2O1S,,,1L:1L,1,0.03000300030003
814,3,2,1,1,1,:1O:1O,1O:1O1S,1O,,1L,1,0.03000300030003
815,6,5,0,2,1,::1O:1O:1O:1O,::1O:1O:1O1S,,1S:1S:1S:1S:2S:2S:2S:3S,1L,1,0.03000300030003
816,7,3,1,1,0,::::::,::,,,,1,0.03000300030003
817,6,2,0,2,1,::::1O:1O,:1O,,2S:2S:2S:2S:2S:2S:2S:2S,1L,1,0.03000300030003
818,5,4,0,2,2,:1O:1O:1O:2O,:1O:1O:2O1S,,1S:1S:1S:1S:2S:2S:2S:3S,1L:1L,1,0.03000300030003
819,5,4,0,2,2,::1O:1O:2O,::1O:1O,,1S:1S:1S:1S:2S:2S:2S:3S,1L:1L,1,0.03000300030003
820,5,4,1,1,0,::::1O,:::,1O,,,1,0.03000300030003
821,5,4,1,1,0,::::1O,:::1O,1O,,,1,0.03000300030003
822,5,4,1,1,0,::::1O,:::1O1S,,,,1,0.03000300030003
823,5,4,1,1,0,::::1O,:::1O1S,1O,,,1,0.03000300030003
824,5,4,1,1,1,1O:1O:1O:1O:1O,1O:1O:1O1S:1O1S,,,1L,1,0.03000300030003
825,5,4,1,1,1,:1O:1O:1O:1O,1O:1O:1O:1O1S,,,1L,1,0.03000300030003
826,5,4,1,1,1,:1O:1O:1O:1O,:1O:1O1S:1O1S,,,1L,1,0.03000300030003
827,5,4,1,1,1,:1O:1O:1O:1O,:1O:1O1S:1O1S,1O,,1L,1,0.03000300030003
828,5,4,1,1,1,:1O:1O:1O:1O,:1O:1O:1O,,,1L,1,0.03000300030003
829,5,4,1,1,1,:1O:1O:1O:2O,:1O:1O:2O1S,1O,,1L,1,0.03000300030003
830,5,4,1,1,1,::1O:1O:1O,:1O1S:1O1S:1O1S,,,1L,1,0.03000300030003
831,5,4,1,1,1,::1O:1O:1O,:1O:1O1S:1S,1O,,1L,1,0.03000300030003
832,5,4,1,1,1,::1O:1O:1O,:1O:1O:1O,2O,,1L,1,0.03000300030003
833,5,4,1,1,1,::1O:1O:1O,:1O:1O:1O1S,1O,,1L,1,0.03000300030003
834,5,4,1,1,1,::1O:1O:1O,:1O:1O:1O1S,2O,,1L,1,0.03000300030003
835,5,4,1,1,1,::1O:1O:1O,::1O1S:1O1S,,,1L,1,0.03000300030003
836,5,4,1,1,1,::1O:1O:1O,::1O:1O,,,1L,1,0.03000300030003
837,5,4,1,1,1,::1O:1O:1O,::1O:1O,1O,,1L,1,0.03000300030003
838,5,4,1,1,1,::1O:1O:1O,::1O:1O,2O,,1L,1,0.03000300030003
839,5,4,1,1,1,::1O:2O:2O,::2O1S:2O1S,,,1L,1,0.03000300030003
840,5,4,1,1,1,:::1O:1O,::1O:1O,3O1S,,1L,1,0.03000300030003
841,5,4,1,1,1,:::1O:1O,::1O:1O1S,1O,,1L,1,0.03000300030003
842,5,4,1,1,1,:::1O:1O,::1O:1O1S,2O,,1L,1,0.03000300030003
843,5,4,1,1,1,:::2O:2O,::2O1S:2O1S,1O,,1L,1,0.03000300030003
844,5,4,1,1,2,:1O:1O:1O:2O,1O:1O:1O1S:2O1S,1O,,1L:1L,1,0.03000300030003
845,5,4,1,1,2,:1O:1O:1O:2O,1O:1O:1O1S:2O1S,2O,,1L:1L,1,0.03000300030003
846,5,4,1,1,2,:1O:1O:1O:2O,:1O:1O1S:2O1S,1O,,1L:1L,1,0.03000300030003
847,5,4,0,2,2,:1O:1O:1O:1O,:1O:1O1S:1O1S,,1S:1S:1S:1S:2S:2S:2S:3S,1L:1L,1,0.03000300030003
848,5,4,0,2,1,:::1O:2O,::1O:2O1S,,1S:1S:1S:1S:2S:2S:2S:2S,1L,1,0.03000300030003
849,5,4,0,2,1,:::1O:1O,:::1O,,1S:1S:1S:1S:2S:2S:2S:2S,1L,1,0.03000300030003
850,5,4,0,1,2,1O:1O:1O:1O:2O,1O:1O1S:1O1S:2O1S,,,1L:1L,1,0.03000300030003
851,5,4,0,1,1,:1O:1O:2O:2O,1O:1O1S:2O1S:2O1S,,,1L,1,0.03000300030003
852,5,4,0,1,1,:1O:1O:2O:2O,:1O:1O1S:2O1S,,,1L,1,0.03000300030003
853,5,4,0,1,1,:1O:1O:2O:2O,:1O:2O1S:2O1S,,,1L,1,0.03000300030003
854,5,4,0,1,1,:1O:2O:2O:2O,1O:2O1S:2O1S:2O1S,,,1L,1,0.03000300030003
855,5,4,0,1,1,:1O:2O:2O:2O,:1O:2O1S:2O1S,,,1L,1,0.03000300030003
856,5,4,0,1,1,:1O:2O:2O:2O,:1O:2O:2O1S,,,1L,1,0.03000300030003
857,5,4,0,1,1,::1O:1O:1O,1O:1O1S:1O1S:1S,,,1L,1,0.03000300030003
858,5,4,0,1,1,::1O:1O:2O,:1O:1O:2O,,,1L,1,0.03000300030003
859,5,4,0,1,1,::1O:2O:2O,::1O:2O1S,,,1L,1,0.03000300030003
860,5,4,0,1,1,:::1O:1O,::1O1S:1O1S,,,1L,1,0.03000300030003
861,5,4,0,1,1,:::1O:2O,::1O1S:2O,,,1L,1,0.03000300030003
862,5,4,0,1,1,:::1O:2O,::1O1S:2O1S,,,1L,1,0.03000300030003
863,5,4,0,1,1,:::1O:2O,::1O:2O1S,,,1L,1,0.03000300030003
864,5,4,0,1,2,1O:1O:1O:1O:2O,1O:1O:1O1S:2O1S,,,1L:1L,1,0.03000300030003
865,5,4,0,2,1,:::1O:1O,::1O:1O1S,,2S:2S:2S:2S:2S:2S:2S:3S,1L,1,0.03000300030003
866,5,4,0,1,2,1O:1O:1O:2O:2O,1O:1O:2O1S:2O1S,,,1L:1L,1,0.03000300030003
867,5,4,0,1,2,:1O:1O:1O:2O,1O:1O:1O1S:2O1S,,,1L:1L,1,0.03000300030003
868,5,4,0,1,2,:1O:1O:1O:2O,1O:1O:1O:2O1S,,,1L:1L,1,0.03000300030003
869,5,4,0,1,2,:1O:2O:2O:2O,:2O1S:2O1S:2O1S,,,1L:1L,1,0.03000300030003
870,5,4,0,2,1,:1O:1O:1O:1O,:1O:1O:1O1S,,1S:1S:1S:1S:2S:2S:2S:3S,1L,1,0.03000300030003
871,5,4,0,2,1,::1O:1O:1O,:1O:1O:1O,,1S:1S:1S:1S:1S:2S:2S:2S,1L,1,0.03000300030003
872,5,4,0,2,1,::1O:1O:1O,:1O:1O:1O,,1S:1S:1S:1S:2S:2S:3S:3S,1L,1,0.03000300030003
873,5,4,0,2,1,::1O:1O:1O,:1O:1O:1O1S,,2S:2S:2S:2S:2S:2S:2S:3S,1L,1,0.03000300030003
874,5,4,0,2,1,::1O:1O:1O,::1O:1O1S,,1S:1S:1S:1S:2S:2S:2S:3S,1L,1,0.03000300030003
875,5,4,0,2,1,::1O:1O:2O,:1O:1O:2O1S,,1S:1S:1S:1S:2S:3S:3S:3S,1L,1,0.03000300030003
876,5,4,0,2,1,:::1O:1O,::1O1S:1O1S,,1S:1S:1S:1S:2S:2S:2S:2S,1L,1,0.03000300030003
877,5,4,0,2,1,:::1O:1O,::1O1S:1O1S,,2S:2S:2S:2S:2S:2S:2S:2S,1L,1,0.03000300030003
878,5,4,0,2,1,:::1O:1O,::1O:1O,,2S:2S:2S:2S:2S:2S:3S:3S,1L,1,0.03000300030003
879,5,4,1,1,2,:1O:1O:2O:2O,1O:1O1S:2O1S:2O1S,,,1L:1L,1,0.03000300030003
880,5,4,1,1,2,::1O:1O:2O,:1O:1O:2O1S,1O,,1L:1L,1,0.03000300030003
881,5,4,1,2,1,:1O:1O:1O:1O,:1O:1O:1O1S,,1S:1S:1S:1S:2S:2S:2S:2S,1L,1,0.03000300030003
882,6,1,0,1,0,:::::,,,,,1,0.03000300030003
883,5,5,1,1,1,::1O:1O:1O,::1O:1O:1O,1O,,1L,1,0.03000300030003
884,5,5,1,1,1,::1O:1O:1O,::1O:1O:1O1S,,,1L,1,0.03000300030003
885,5,5,1,1,1,::1O:1O:2O,::1O:1O1S:2O,,,1L,1,0.03000300030003
886,5,5,1,1,1,::1O:1O:2O,::1O:1O1S:2O1S,1O,,1L,1,0.03000300030003
887,5,5,1,1,1,::1O:1O:2O,::1O:1O:2O1S,,,1L,1,0.03000300030003
888,5,5,1,1,2,1O:1O:1O:1O:1O,1O:1O:1O:1O:1O,1O,,1L:1L,1,0.03000300030003
889,5,5,1,2,1,:::1O:1O,:::1O:1O,,2S:2S:3S:3S:3S:3S:3S:3S,1L,1,0.03000300030003
890,5,5,1,2,1,:::1O:1O,:::1O:1O1S,,1S:1S:1S:1S:2S:2S:2S:3S,1L,1,0.03000300030003
891,5,5,2,1,1,::1O:1O:1O,::1O:1O:1O,:1O,,1L,1,0.03000300030003
892,5,5,2,1,1,::1O:1O:1O,::1O:1O:1O1S,:1O,,1L,1,0.03000300030003
893,5,5,2,1,2,1O:1O:1O:1O:1O,1O:1O:1O:1O:1O1S,1O:1O,,1L:1L,1,0.03000300030003
894,5,5,2,1,2,1O:1O:1O:1O:1O,1O:1O:1O:1O:1O1S,:1O,,1L:1L,1,0.03000300030003
895,6,0,0,1,0,::::1O:1O,,,,,1,0.03000300030003
896,6,1,0,2,1,:::1O:1O:2O,1O,,1S:1S:1S:1S:2S:2S:2S:2S,1L,1,0.03000300030003
897,5,5,1,1,0,::::1O,::::1O1S,1O,,,1,0.03000300030003
898,6,2,0,1,0,::::1O:1O,:1O,,,,1,0.03000300030003
899,6,2,0,1,0,::::1O:1O,:1O1S,,,,1,0.03000300030003
900,6,2,0,1,0,::::1O:2O,:,,,,1,0.03000300030003
901,6,2,0,1,0,:::::1O,1O1S:1S,,,,1,0.03000300030003
902,6,2,0,1,0,:::::1O,:1O,,,,1,0.03000300030003
903,6,2,0,1,0,:::::1O,:1O1S,,,,1,0.03000300030003
904,6,2,0,1,0,:::::1O,:1S,,,,1,0.03000300030003
905,6,2,0,1,1,::1O:1O:1O:1O,1O:1O,,,1L,1,0.03000300030003
906,6,2,0,1,1,::1O:1O:1O:2O,1O1S:2O1S,,,1L,1,0.03000300030003
907,6,2,0,1,1,:::1O:1O:1O,1O:1O1S,,,1L,1,0.03000300030003
908,6,2,0,1,1,::::1O:1O,1O1S:1O1S,,,1L,1,0.03000300030003
909,6,2,0,2,1,:::1O:1O:1O,1O:1O1S,,1S:1S:1S:1S:2S:2S:2S:2S,1L,1,0.03000300030003
910,6,2,0,2,1,::::1O:1O,1O:1O1S,,1S:1S:1S:1S:2S:2S:2S:2S,1L,1,0.03000300030003
911,5,5,1,1,1,::1O:1O:1O,:1O:1O:1O:1S,,,1L,1,0.03000300030003
912,5,5,1,1,0,::::1O,::::1O,,,,1,0.03000300030003
913,5,4,1,2,1,::1O:1O:1O,:1O:1O:1O,,1S:1S:1S:1S:2S:2S:2S:2S,1L,1,0.03000300030003
914,5,5,0,1,1,:1O:1O:2O:2O,:1O:1O1S:2O1S:2O1S,,,1L,1,0.03000300030003
915,5,4,1,2,1,::1O:1O:1O,::1O:1O,,1S:1S:1S:1S:2S:2S:2S:3S,1L,1,0.03000300030003
916,5,4,1,2,1,:::1O:1O,::1O:1O,,1S:1S:1S:1S:2S:2S:2S:3S,1L,1,0.03000300030003
917,5,4,1,2,1,:::1O:1O,::1O:1O,1O,1S:1S:1S:1S:2S:2S:2S:2S,1L,1,0.03000300030003
918,5,4,1,2,1,:::1O:1O,::1O:1O1S,,1S:1S:1S:1S:2S:2S:2S:3S,1L,1,0.03000300030003
919,5,4,1,2,1,:::1O:1O,::1O:1O1S,,2S:2S:2S:2S:2S:2S:2S:2S,1L,1,0.03000300030003
920,5,4,2,1,1,::1O:1O:1O,:1O:1O:1O,1O:1O,,1L,1,0.03000300030003
921,5,4,2,1,1,::1O:1O:1O,:1O:1O:1O,:,,1L,1,0.03000300030003
922,5,4,2,1,1,::1O:1O:1O,::1O:1O,:,,1L,1,0.03000300030003
923,5,4,2,1,2,1O:1O:1O:1O:1O,1O:1O:1O:1O,:1O,,1L:1L,1,0.03000300030003
924,5,5,0,1,0,::::1O,::::1O1S,,,,1,0.03000300030003
925,5,5,0,1,1,:1O:1O:1O:1O,1O:1O1S:1O1S:1O1S:1S,,,1L,1,0.03000300030003
926,5,5,0,1,1,:1O:1O:1O:1O,:1O:1O:1O:1O1S,,,1L,1,0.03000300030003
927,5,5,0,1,1,:1O:1O:1O:2O,:1O:1O:1O:2O1S,,,1L,1,0.03000300030003
928,5,5,0,1,1,::1O:1O:2O,::1O1S:1O1S:2O1S,,,1L,1,0.03000300030003
929,5,5,1,1,0,::::,::::,1O,,,1,0.03000300030003
930,5,5,0,1,1,::1O:2O:2O,::1O1S:2O1S:2O1S,,,1L,1,0.03000300030003
931,5,5,0,1,1,:::1O:1O,:::1O:1O,,,1L,1,0.03000300030003
932,5,5,0,1,2,1O:1O:1O:2O:2O,1O:1O1S:1O1S:2O:2O1S,,,1L:1L,1,0.03000300030003
933,5,5,0,1,2,:1O:1O:1O:2O,:1O:1O1S:1O1S:2O1S,,,1L:1L,1,0.03000300030003
934,5,5,0,1,2,:1O:1O:2O:2O,:1O:1O1S:2O1S:2O1S,,,1L:1L,1,0.03000300030003
935,5,5,0,1,2,::1O:1O:2O,::1O:1O1S:2O1S,,,1L:1L,1,0.03000300030003
936,5,5,0,1,2,::1O:2O:2O,::1O:2O1S:2O1S,,,1L:1L,1,0.03000300030003
937,5,5,0,2,1,::1O:1O:1O,::1O:1O1S:1O1S,,1S:1S:1S:2S:3S:3S:3S:3S,1L,1,0.03000300030003
938,5,5,0,2,1,::1O:1O:1O,::1O:1O:1O1S,,1S:1S:1S:1S:2S:2S:2S:3S,1L,1,0.03000300030003
939,5,5,0,2,1,:::1O:1O,:::1O:1O,,2S:2S:2S:2S:2S:2S:3S:3S,1L,1,0.03000300030003
940,5,5,0,2,1,:::1O:1O,:::1O:1O1S,,1S:1S:1S:2S:2S:2S:2S:2S,1L,1,0.03000300030003
941,5,5,1,1,0,:::1O:1O,:::1O:1O1S,1O,,,1,0.03000300030003
942,5,5,1,1,0,::::,::::,1N1O1S,,,1,0.03000300030003
943,5,4,0,1,1,:1O:1O:1O:2O,:1O:1O:2O1S,,,1L,1,0.03000300030003
944,5,4,0,1,1,:1O:1O:1O:2O,:1O:1O1S:1O1S,,,1L,1,0.03000300030003
945,5,4,0,1,1,:1O:1O:1O:1O,:1O:1O:1O,,,1L,1,0.03000300030003
946,4,4,0,2,1,::1O:1O,::1O:1O1S,,2S:2S:2S:2S:2S:2S:2S:3S,1L,1,0.03000300030003
947,4,3,2,1,0,:::1O,::1O,:1O,,,1,0.03000300030003
948,4,3,2,1,1,::1O:1O,:1O:1O1S,:1O1S,,1L,1,0.03000300030003
949,4,4,0,1,0,::1O:1O,::1O:1O1S,,,,1,0.03000300030003
950,4,4,0,1,0,:::,:::,,,,1,0.03000300030003
951,4,4,0,1,0,:::,:::1S,,,,1,0.03000300030003
952,4,4,0,1,1,1O:1O:1O:1O,1O:1O:1O1S:1O1S,,,1L,1,0.03000300030003
953,4,4,0,1,1,:1O:1O:1O,1O:1O:1O1S:1S,,,1L,1,0.03000300030003
954,4,4,0,1,2,1O:1O:2O:2O,1O1S:1O1S:2O:2O1S,,,1L:1L,1,0.03000300030003
955,4,4,0,1,2,1O:1O:2O:2O,1O:1O1S:2O1S:2O1S,,,1L:1L,1,0.03000300030003
956,4,4,0,2,1,::1O:1O,::1O1S:1O1S,,1S:1S:1S:1S:2S:2S:2S:2S,1L,1,0.03000300030003
957,4,4,0,2,1,::1O:1O,::1O1S:1O1S,,2S:2S:2S:2S:2S:2S:2S:2S,1L,1,0.03000300030003
958,4,4,0,2,1,::1O:1O,::1O:1O1S,,1S:1S:1S:1S:2S:2S:2S:2S,1L,1,0.03000300030003
959,4,4,0,2,1,::1O:1O,::1O:1O1S,,1S:1S:1S:1S:2S:2S:2S:3S,1L,1,0.03000300030003
960,4,4,1,1,1,:1O:1O:1O,:1O:1O:1O,,,1L,1,0.03000300030003
961,4,3,1,2,1,::1O:1O,:1O:1O,,2S:2S:2S:2S:2S:2S:3S:3S,1L,1,0.03000300030003
962,4,4,1,1,1,::1O:1O,::1O:1O,2O,,1L,1,0.03000300030003
963,4,4,1,1,1,::1O:1O,::1O:1O,2O1S,,1L,1,0.03000300030003
964,4,4,1,2,1,::1O:1O,::1O1S:1O1S,,1S:1S:1S:1S:2S:2S:2S:2S,1L,1,0.03000300030003
965,4,4,1,2,1,::1O:1O,::1O:1O,,1S:1S:1S:1S:2S:2S:2S:2S,1L,1,0.03000300030003
966,4,4,2,1,1,:1O:1O:1O,:1O:1O:1O1S,:,,1L,1,0.03000300030003
967,4,4,2,1,1,::1O:1O,::1O:1O1S,:2O,,1L,1,0.03000300030003
968,5,1,0,1,0,::::1O,,,,,1,0.03000300030003
969,5,2,0,1,0,:::1O:1O,:1O,,,,1,0.03000300030003
970,5,2,0,1,1,:1O:1O:1O:1O,1O:1O,,,1L,1,0.03000300030003
971,5,2,0,1,1,::1O:1O:1O,1O:1O,,,1L,1,0.03000300030003
972,5,2,0,1,1,::1O:1O:1O,:1O,,,1L,1,0.03000300030003
973,5,2,0,2,1,:1O:1O:1O:1O,1O:1O1S,,1S:1S:1S:1S:2S:2S:2S:2S,1L,1,0.03000300030003
974,5,2,0,2,1,:1O:1O:1O:1O,:1O1S,,1S:1S:1S:1S:2S:2S:2S:2S,1L,1,0.03000300030003
975,4,3,2,1,0,:::1O,::1O,:,,,1,0.03000300030003
976,4,3,1,2,1,:1O:1O:1O,:1O:1O1S,,1S:1S:1S:2S:2S:2S:2S:2S,1L,1,0.03000300030003
977,5,2,1,1,1,::1O:1O:1O,1O:1O1S,1O,,1L,1,0.03000300030003
978,4,3,0,1,1,:1O:1O:1O,1O:1O:1O1S,,,1L,1,0.03000300030003
979,4,1,0,1,0,::1O:1O,,,,,1,0.03000300030003
980,4,2,0,1,0,:::,:,,,,1,0.03000300030003
981,4,2,0,1,0,:::1O,:,,,,1,0.03000300030003
982,4,2,0,1,1,:1O:1O:1O,1O:1O1S,,,1L,1,0.03000300030003
983,4,2,0,1,1,::1O:1O,1O:1O1S,,,1L,1,0.03000300030003
984,4,2,0,2,1,:1O:1O:1O,1O1S:1O1S,,1S:1S:1S:1S:2S:2S:2S:2S,1L,1,0.03000300030003
985,4,2,0,2,1,:1O:1O:1O,1O1S:1O1S,,1S:1S:1S:1S:2S:2S:2S:3S,1L,1,0.03000300030003
986,4,2,0,2,1,::1O:1O,1O:1O,,1S:1S:1S:1S:2S:2S:2S:2S,1L,1,0.03000300030003
987,4,2,1,1,1,::1O:1O,1O:1O,1O,,1L,1,0.03000300030003
988,4,2,1,1,1,::1O:1O,1O:1O,1O1S,,1L,1,0.03000300030003
989,4,2,1,2,1,:1O:1O:1O,1O:1O,,1S:1S:1S:1S:2S:2S:2S:2S,1L,1,0.03000300030003
990,4,3,0,1,0,:::,::,,,,1,0.03000300030003
991,4,3,0,1,0,:::1O,::1O,,,,1,0.03000300030003
992,4,3,0,1,1,:1O:1O:2O,:1O1S:2O1S,,,1L,1,0.03000300030003
993,4,3,1,2,1,:1O:1O:1O,:1O:1O1S,,1S:1S:1S:1S:2S:2S:2S:2S,1L,1,0.03000300030003
994,4,3,0,2,1,:1O:1O:1O,:1O:1O,,1S:1S:1S:1S:2S:2S:2S:2S,1L,1,0.03000300030003
995,4,3,0,2,1,:1O:1O:1O,:1O:1O1S,,1S:1S:1S:1S:2S:2S:2S:2S,1L,1,0.03000300030003
996,4,3,0,2,1,::1O:1O,:1O:1O1S,,1S:1S:1S:1S:2S:2S:2S:2S,1L,1,0.03000300030003
997,4,3,0,2,1,::1O:1O,:1O:1O1S,,1S:1S:1S:2S:2S:2S:2S:3S,1L,1,0.03000300030003
998,4,3,0,2,1,::1O:1O,:1O:1O1S,,2S:2S:2S:3S:3S:3S:3S:3S,1L,1,0.03000300030003
999,4,3,0,2,2,1O:1O:1O:1O,1O1S:1O1S:1O1S,,1S:1S:1S:1S:2S:2S:2S:3S,1L:1L,1,0.03000300030003
1000,4,3,1,1,1,1O:1O:1O:1O,1O:1O:1O,,,1L,1,0.03000300030003
1001,4,3,1,1,1,1O:1O:1O:2O,1O:1O1S:2O1S,,,1L,1,0.03000300030003
1002,4,3,1,1,1,:1O:1O:1O,1O:1O1S:1O1S,1O,,1L,1,0.03000300030003
1003,4,3,1,1,1,:1O:1O:1O,:1O1S:1O1S,2O,,1L,1,0.03000300030003
1004,4,3,1,1,1,:1O:1O:1O,:1O:1O1S,,,1L,1,0.03000300030003
1005,4,3,1,1,1,::1O:1O,:1O:1O,2O1S,,1L,1,0.03000300030003
1006,4,3,1,1,1,::1O:1O,:1O:1O1S,,,1L,1,0.03000300030003
1007,5,2,0,2,1,::1O:1O:1O,:1O1S,,1S:1S:1S:1S:2S:2S:2S:2S,1L,1,0.03000300030003
1008,5,2,1,1,1,:::1O:1O,1O:1O,2O,,1L,1,0.03000300030003
1009,5,4,0,1,1,:1O:1O:1O:1O,1O:1O1S:1O1S:1O1S,,,1L,1,0.03000300030003
1010,5,3,1,1,1,::1O:1O:1O,:1O:1O,1O1S,,1L,1,0.03000300030003
1011,5,3,1,1,0,::::2O,::2O1S,1O,,,1,0.03000300030003
1012,5,3,1,1,1,:1O:1O:1O:1O,1O:1O1S:1O1S,1O,,1L,1,0.03000300030003
1013,5,3,1,1,1,:1O:1O:1O:1O,1O:1O:1O1S,1O,,1L,1,0.03000300030003
1014,5,3,1,1,1,:1O:1O:1O:1O,:1O:1O1S,,,1L,1,0.03000300030003
1015,5,3,1,1,1,:1O:1O:1O:2O,1O:1O1S:2O1S,,,1L,1,0.03000300030003
1016,5,3,1,1,1,:1O:1O:2O:2O,1O1S:1O1S:2O1S,,,1L,1,0.03000300030003
1017,5,3,1,1,1,::1O:1O:1O,1O:1O1S:1O1S,,,1L,1,0.03000300030003
1018,5,3,1,1,1,::1O:1O:1O,1O:1O1S:1O1S,1O,,1L,1,0.03000300030003
1019,5,3,1,1,1,::1O:1O:1O,1O:1O:1O,1O,,1L,1,0.03000300030003
1020,5,3,1,1,1,::1O:1O:1O,:1O1S:1O1S,,,1L,1,0.03000300030003
1021,5,3,1,1,1,::1O:1O:1O,:1O1S:1O1S,1O,,1L,1,0.03000300030003
1022,5,3,1,1,1,::1O:1O:1O,:1O:1O,,,1L,1,0.03000300030003
1023,5,3,1,1,1,::1O:1O:1O,:1O:1O,1O,,1L,1,0.03000300030003
1024,5,3,1,1,1,::1O:1O:2O,1O1S:1O1S:2O1S,,,1L,1,0.03000300030003
1025,5,3,0,2,1,:::1O:1O,::1O1S,,2S:2S:2S:2S:2S:2S:3S:3S,1L,1,0.03000300030003
1026,5,3,1,1,1,::1O:1O:2O,:1O1S:1O1S,,,1L,1,0.03000300030003
1027,5,3,1,1,1,::1O:1O:2O,:1O:1O,,,1L,1,0.03000300030003
1028,5,3,1,1,1,::1O:1O:2O,:1O:1O,1O,,1L,1,0.03000300030003
1029,5,3,1,1,1,:::1O:1O,:1O1S:1O1S,1O,,1L,1,0.03000300030003
1030,5,3,1,1,1,:::1O:1O,:1O:1O,2O,,1L,1,0.03000300030003
1031,5,3,1,1,1,:::1O:2O,:1O:2O1S,1O1S,,1L,1,0.03000300030003
1032,5,3,1,2,1,::1O:1O:1O,:1O:1O,,1S:1S:1S:1S:2S:2S:2S:2S,1L,1,0.03000300030003
1033,5,3,1,2,1,::1O:1O:1O,:1O:1O1S,1O,1S:1S:1S:1S:2S:2S:2S:2S,1L,1,0.03000300030003
1034,5,3,1,2,1,:::1O:1O,:1O:1O,,1S:1S:1S:1S:2S:2S:2S:2S,1L,1,0.03000300030003
1035,5,3,1,2,1,:::1O:1O,:1O:1O1S,,1S:1S:1S:1S:2S:2S:2S:2S,1L,1,0.03000300030003
1036,5,3,1,2,1,:::1O:1O,:1O:1O1S,,2S:2S:2S:2S:2S:2S:3S:3S,1L,1,0.03000300030003
1037,5,3,2,1,1,:1O:1O:1O:2O,1O:1O:2O,:,,1L,1,0.03000300030003
1038,5,4,0,1,1,1O:1O:1O:1O:2O,1O:1O1S:1O1S:2O1S,,,1L,1,0.03000300030003
1039,5,3,1,1,0,::::1O,::,,,,1,0.03000300030003
1040,5,3,0,2,1,:::1O:1O,:1O:1O1S,,2S:2S:2S:2S:2S:2S:2S:2S,1L,1,0.03000300030003
1041,5,2,1,2,1,:::1O:1O,1O:1O1S,,1S:1S:1S:1S:2S:2S:2S:2S,1L,1,0.03000300030003
1042,5,3,0,1,2,1O:1O:1O:2O:2O,1O1S:2O1S:2O1S,,,1L:1L,1,0.03000300030003
1043,5,3,0,1,1,1O:1O:1O:1O:1O,1O:1O:1O,,,1L,1,0.03000300030003
1044,5,3,0,1,1,1O:1O:1O:1O:2O,1O:1O1S:2O,,,1L,1,0.03000300030003
1045,5,3,0,1,1,1O:1O:1O:1O:2O,1O:1O:1O,,,1L,1,0.03000300030003
1046,5,3,0,1,1,:1O:1O:1O:1O,:1O:1O,,,1L,1,0.03000300030003
1047,5,3,0,1,1,:1O:1O:1O:2O,1O1S:1O1S:2O1S,,,1L,1,0.03000300030003
1048,5,3,0,1,1,:1O:1O:1O:2O,1O:1O:2O1S,,,1L,1,0.03000300030003
1049,5,3,0,1,1,:1O:1O:1O:2O,:1O1S:1O1S,,,1L,1,0.03000300030003
1050,5,3,0,1,1,:1O:1O:2O:2O,:2O1S:2O1S,,,1L,1,0.03000300030003
1051,5,3,0,1,1,::1O:1O:1O,1O:1O1S:1S,,,1L,1,0.03000300030003
1052,5,3,0,1,1,::1O:1O:2O,:1O1S:2O1S,,,1L,1,0.03000300030003
1053,5,3,0,1,1,::1O:2O:2O,:2O1S:2O1S,,,1L,1,0.03000300030003
1054,5,3,0,1,1,:::1O:1O,:1O:1O,,,1L,1,0.03000300030003
1055,5,3,0,1,1,:::1O:1O,::1O1S,,,1L,1,0.03000300030003
1056,5,3,0,1,2,:1O:1O:2O:2O,1O:2O1S:2O1S,,,1L:1L,1,0.03000300030003
1057,5,3,0,2,1,:::1O:1O,:1O:1O,,2S:2S:2S:2S:2S:2S:2S:2S,1L,1,0.03000300030003
1058,5,3,0,2,1,:1O:1O:1O:1O,:1O:1O1S,,1S:1S:1S:1S:2S:2S:2S:2S,1L,1,0.03000300030003
1059,5,3,0,2,1,:1O:1O:1O:1O,:1O:1O1S,,1S:1S:1S:1S:2S:2S:2S:3S,1L,1,0.03000300030003
1060,5,3,0,2,1,::1O:1O:1O,:1O1S:1O1S,,2S:2S:2S:2S:2S:2S:2S:2S,1L,1,0.03000300030003
1061,5,3,0,2,1,::1O:1O:1O,:1O:1O,,2S:2S:2S:2S:2S:2S:2S:2S,1L,1,0.03000300030003
1062,5,3,0,2,1,::1O:1O:1O,:1O:1O,,2S:2S:2S:2S:2S:2S:2S:3S,1L,1,0.03000300030003
1063,5,3,0,2,1,::1O:1O:1O,:1O:1O,,2S:2S:2S:2S:2S:2S:3S:3S,1L,1,0.03000300030003
1064,5,3,0,2,1,::1O:1O:1O,:1O:1O1S,,1S:1S:1S:1S:2S:2S:2S:3S,1L,1,0.03000300030003
1065,5,3,0,2,1,::1O:1O:1O,:1O:1O1S,,2S:2S:3S:3S:3S:3S:3S:3S,1L,1,0.03000300030003
1066,5,3,0,2,1,::1O:1O:1O,::1O,,1S:1S:1S:1S:2S:2S:2S:3S,1L,1,0.03000300030003
1067,5,3,0,2,1,::1O:1O:2O,::1O1S,,1S:1S:1S:1S:2S:2S:2S:3S,1L,1,0.03000300030003
1068,5,3,0,2,1,:::1O:1O,1O:1O1S:1S,,1S:1S:1S:1S:2S:2S:2S:2S,1L,1,0.03000300030003
1069,5,3,0,2,1,:::1O:1O,:1O1S:1O1S,,2S:2S:2S:2S:2S:2S:2S:2S,1L,1,0.03000300030003
1070,5,3,0,2,1,:::1O:1O,:1O:1O,,1S:1S:1S:1S:2S:2S:2S:3S,1L,1,0.03000300030003
1071,6,2,0,2,1,::::1O:1O,:1O,,1S:1S:1S:1S:2S:2S:2S:2S,1L,1,0.03000300030003
1072,6,2,1,1,1,::1O:1O:1O:1O,1O:1O,1O,,1L,1,0.03000300030003
1073,7,3,0,2,1,::::1O:1O:1O,:1O:1O,,1S:1S:1S:1S:2S:2S:2S:3S,1L,1,0.03000300030003
1074,6,2,1,1,1,::::1O:1O,1O:1O1S,1O,,1L,1,0.03000300030003
1075,6,5,0,2,1,:::1O:1O:1O,::1O:1O:1O,,1S:1S:1S:1S:2S:2S:2S:2S,1L,1,0.03000300030003
1076,6,5,0,2,1,:::1O:1O:1O,::1O:1O:1O1S,,2S:2S:2S:2S:2S:2S:3S:3S,1L,1,0.03000300030003
1077,6,5,0,2,1,:::1O:1O:1O,:::1O:1O1S,,1S:1S:1S:1S:2S:2S:2S:3S,1L,1,0.03000300030003
1078,6,5,0,2,1,:::1O:1O:2O,:::1O:2O1S,,1S:1S:1S:1S:1S:2S:2S:2S,1L,1,0.03000300030003
1079,6,5,0,2,1,:::1O:1O:2O,:::1O:2O1S,,1S:1S:1S:1S:2S:2S:2S:3S,1L,1,0.03000300030003
1080,6,5,0,2,1,::::1O:1O,:::1O:1O1S,,2S:2S:2S:2S:2S:2S:2S:3S,1L,1,0.03000300030003
1081,6,5,0,2,2,:1O:1O:1O:1O:1O,1O:1O:1O:1O1S:1O1S,,2S:2S:2S:2S:2S:2S:2S:2S,1L:1L,1,0.03000300030003
1082,6,5,0,2,2,:1O:1O:1O:1O:1O,1O:1O:1O:1O:1O,,1S:1S:1S:1S:2S:2S:2S:3S,1L:1L,1,0.03000300030003
1083,6,5,0,2,2,:1O:1O:1O:1O:1O,1O:1O:1O:1O:1O,,2S:2S:2S:2S:2S:2S:2S:3S,1L:1L,1,0.03000300030003
1084,6,5,0,2,2,:1O:1O:1O:1O:1O,1O:1O:1O:1O:1O,,2S:3S:3S:3S:3S:3S:3S:4S,1L:1L,1,0.03000300030003
1085,6,5,0,2,2,:1O:1O:1O:1O:1O,1O:1O:1O:1O:1O1S,,1S:1S:1S:1S:2S:2S:2S:2S,1L:1L,1,0.03000300030003
1086,6,5,0,2,2,:1O:1O:1O:1O:2O,1O:1O:1O:1O1S:2O,,2S:2S:2S:2S:2S:2S:2S:2S,1L:1L,1,0.03000300030003
1087,6,5,0,2,2,:1O:1O:1O:1O:2O,1O:1O:1O:1O1S:2O1S,,1S:1S:1S:1S:2S:2S:2S:2S,1L:1L,1,0.03000300030003
1088,6,5,0,2,2,::1O:1O:1O:1O,:1O:1O:1O:1O,,2S:2S:2S:3S:3S:4S:4S:4S,1L:1L,1,0.03000300030003
1089,6,5,1,1,0,:::::,::::,,,,1,0.03000300030003
1090,6,5,1,1,0,:::::1O,::::1O,,,,1,0.03000300030003
1091,6,5,1,1,1,::1O:1O:1O:1O,:1O:1O:1O:1O1S,,,1L,1,0.03000300030003
1092,6,5,1,1,1,::1O:1O:1O:1O,:1O:1O:1O:1O1S,1O,,1L,1,0.03000300030003
1093,6,5,1,1,1,::1O:1O:1O:1O,::1O:1O:1O,,,1L,1,0.03000300030003
1094,6,5,1,1,1,::1O:1O:1O:1O,::1O:1O:1O1S,1O,,1L,1,0.03000300030003
1095,6,5,1,1,1,::1O:1O:1O:2O,:1O:1O:1O1S:2O1S,,,1L,1,0.03000300030003
1096,6,5,1,1,1,:::1O:1O:1O,::1O:1O1S:1O1S,1O,,1L,1,0.03000300030003
1097,6,5,1,1,1,:::1O:1O:1O,::1O:1O:1O,1O,,1L,1,0.03000300030003
1098,6,5,1,1,1,:::1O:1O:1O,::1O:1O:1O1S,1O1S,,1L,1,0.03000300030003
1099,6,5,1,1,1,:::1O:1O:1O,:::1O:1O,,,1L,1,0.03000300030003
1100,6,5,1,1,1,:::1O:1O:2O,::1O:1O1S:2O1S,2O1S,,1L,1,0.03000300030003
1101,6,5,1,1,1,::::1O:1O,:::1O:1O1S,,,1L,1,0.03000300030003
1102,6,5,1,1,1,::::1O:1O,:::1O:1O1S,1O,,1L,1,0.03000300030003
1103,6,5,1,1,2,:1O:1O:1O:1O:1O,1O:1O:1O1S:1O1S:1O1S,,,1L:1L,1,0.03000300030003
1104,6,5,0,2,1,:::1O:1O:1O,::1O:1O1S:1O1S,,1S:1S:1S:1S:2S:2S:2S:3S,1L,1,0.03000300030003
1105,3,3,1,1,0,::1O,::1O,,,,1,0.03000300030003
1106,6,5,0,2,1,::1O:1O:1O:1O,::1O:1O:1O,,1S:1S:1S:1S:2S:2S:2S:3S,1L,1,0.03000300030003
1107,6,5,0,1,1,::1O:1O:2O:2O,::1O:2O:2O1S,,,1L,1,0.03000300030003
1108,6,5,0,1,0,:::1O:1O:1O,::1O:1O:1O1S,,,,1,0.03000300030003
1109,6,5,0,1,0,:::::1O,::::,,,,1,0.03000300030003
1110,6,5,0,1,1,:1O:1O:1O:1O:1O,1O:1O:1O:1O1S:1O1S,,,1L,1,0.03000300030003
1111,6,5,0,1,1,:1O:1O:1O:1O:1O,1O:1O:1O:1O:1O1S,,,1L,1,0.03000300030003
1112,6,5,0,1,1,:1O:1O:1O:1O:1O,:1O:1O:1O1S:1O1S,,,1L,1,0.03000300030003
1113,6,5,0,1,1,:1O:1O:1O:1O:1O,:1O:1O:1O:1O1S,,,1L,1,0.03000300030003
1114,6,5,0,1,1,:1O:1O:1O:1O:2O,:1O:1O1S:1O1S:2O,,,1L,1,0.03000300030003
1115,6,5,0,1,1,:1O:1O:1O:1O:2O,:1O:1O:1O1S:2O1S,,,1L,1,0.03000300030003
1116,6,5,0,1,1,:1O:1O:1O:1O:2O,:1O:1O:1O:1O1S,,,1L,1,0.03000300030003
1117,6,5,0,1,1,:1O:1O:1O:1O:2O,:1O:1O:1O:2O1S,,,1L,1,0.03000300030003
1118,6,5,0,1,1,:1O:1O:1O:2O:2O,1O:1O:1O:2O1S:2O1S,,,1L,1,0.03000300030003
1119,6,5,0,1,1,::1O:1O:1O:2O,::1O:1O1S:1O1S,,,1L,1,0.03000300030003
1120,6,5,0,1,1,::1O:1O:2O:2O,:1O:1O1S:2O:2O1S,,,1L,1,0.03000300030003
1121,6,5,0,1,1,:::1O:1O:1O,:1O:1O:1O1S:1S,,,1L,1,0.03000300030003
1122,6,5,0,2,0,:::::,::::,,:1S:1S:2S:2S:2S:2S:2S,,1,0.03000300030003
1123,6,5,0,1,1,:::1O:1O:1O,::1O1S:1O1S:1O1S,,,1L,1,0.03000300030003
1124,6,5,0,1,1,:::1O:1O:1O,:::1O1S:1O1S,,,1L,1,0.03000300030003
1125,6,5,0,1,1,:::1O:1O:2O,::1O1S:1O1S:2O1S,,,1L,1,0.03000300030003
1126,6,5,0,1,1,:::1O:1O:2O,:::1O:2O1S,,,1L,1,0.03000300030003
1127,6,5,0,1,1,:::1O:2O:2O,:1O:1S:2O1S:2O1S,,,1L,1,0.03000300030003
1128,6,5,0,1,1,:::2O:2O:2O,:::2O1S:2O1S,,,1L,1,0.03000300030003
1129,6,5,0,1,1,::::1O:1O,:::1O:1O,,,1L,1,0.03000300030003
1130,6,5,0,1,2,1O:1O:1O:1O:1O:1O,1O:1O:1O:1O:1O,,,1L:1L,1,0.03000300030003
1131,6,5,0,1,2,:1O:1O:1O:1O:1O,1O:1O:1O1S:1O1S:1O1S,,,1L:1L,1,0.03000300030003
1132,6,5,0,1,2,:1O:1O:1O:1O:2O,:1O:1O:1O1S:2O1S,,,1L:1L,1,0.03000300030003
1133,6,5,0,1,2,:1O:1O:2O:2O:2O,:1O:1O1S:2O1S:2O1S,,,1L:1L,1,0.03000300030003
1134,6,5,0,1,2,::1O:1O:1O:1O,:1O:1O:1O1S:1O1S,,,1L:1L,1,0.03000300030003
1135,6,5,0,1,2,::1O:1O:2O:2O,:1O:1O:2O1S:2O1S,,,1L:1L,1,0.03000300030003
1136,6,5,1,1,2,:1O:1O:1O:1O:1O,1O:1O:1O:1O:1O,2O,,1L:1L,1,0.03000300030003
1137,6,5,1,1,2,:1O:1O:1O:1O:1O,1O:1O:1O:1O:1O1S,2O,,1L:1L,1,0.03000300030003
1138,6,5,1,1,2,:1O:1O:1O:1O:1O,1O:1O:1O:1O:1O1S,3O1S,,1L:1L,1,0.03000300030003
1139,7,3,0,1,1,:::1O:1O:1O:1O,::1O1S,,,1L,1,0.03000300030003
1140,7,2,0,1,1,::::1O:1O:1O,1O:1O,,,1L,1,0.03000300030003
1141,7,2,0,1,1,:::::1O:2O,:,,,1L,1,0.03000300030003
1142,7,2,1,1,1,::::1O:1O:1O,1O:1O,1O,,1L,1,0.03000300030003
1143,7,3,0,1,0,::::1O:1O:1O,::,,,,1,0.03000300030003
1144,7,3,0,1,0,::::1O:1O:2O,::2O1S,,,,1,0.03000300030003
1145,7,3,0,1,0,:::::1O:1O,:1O:1O,,,,1,0.03000300030003
1146,7,3,0,1,0,:::::1O:1O,::1O1S,,,,1,0.03000300030003
1147,7,3,0,1,0,::::::1O,:1O1S:1S,,,,1,0.03000300030003
1148,7,3,0,1,0,::::::1O,::1O,,,,1,0.03000300030003
1149,7,3,0,1,1,:1O:1O:1O:1O:1O:1O,1O:1O:1O,,,1L,1,0.03000300030003
1150,7,3,0,1,1,::1O:1O:1O:1O:1O,1O:1O1S:1O1S,,,1L,1,0.03000300030003
1151,7,3,0,1,1,::1O:1O:1O:1O:1O,:1O:1O,,,1L,1,0.03000300030003
1152,7,3,0,1,1,:::1O:1O:1O:1O,:1O:1O1S,,,1L,1,0.03000300030003
1153,7,3,0,1,1,:::1O:1O:1O:2O,1O:1O:1O1S,,,1L,1,0.03000300030003
1154,7,1,0,1,0,::::::1O,1S,,,,1,0.03000300030003
1155,7,3,0,1,1,:::1O:1O:1O:2O,1O:1O:2O1S,,,1L,1,0.03000300030003
1156,7,3,0,1,1,:::1O:1O:1O:2O,:1O:1O,,,1L,1,0.03000300030003
1157,7,3,0,1,1,:::1O:1O:1O:2O,:1O:2O1S,,,1L,1,0.03000300030003
1158,7,3,0,1,1,::::1O:1O:1O,1O:1O1S:1O1S,,,1L,1,0.03000300030003
1159,7,3,0,1,1,::::1O:1O:1O,:1O:1O1S,,,1L,1,0.03000300030003
1160,7,3,0,1,1,::::1O:1O:2O,1O:1O:2O1S,,,1L,1,0.03000300030003
1161,7,3,0,1,1,::::1O:1O:2O,:1O1S:2O1S,,,1L,1,0.03000300030003
1162,7,3,0,1,1,:::::1O:1O,:1O1S:1O1S,,,1L,1,0.03000300030003
1163,7,3,0,1,1,:::::1O:1O,:1O:1O,,,1L,1,0.03000300030003
1164,7,3,0,1,1,:::::1O:1O,::1O1S,,,1L,1,0.03000300030003
1165,7,3,0,1,2,::1O:1O:1O:1O:2O,1O:1O:2O1S,,,1L:1L,1,0.03000300030003
1166,7,3,0,2,1,::::1O:1O:1O,1O:1O:1O,,1S:1S:1S:1S:2S:2S:2S:3S,1L,1,0.03000300030003
1167,7,3,0,2,1,::::1O:1O:1O,:1O:1O,,1S:1S:1S:1S:2S:2S:2S:2S,1L,1,0.03000300030003
1168,7,2,0,1,0,:::::1O:1O,:1O1S,,,,1,0.03000300030003
1169,7,1,0,1,0,::::::1O,,,,,1,0.03000300030003
1170,6,5,1,1,2,:1O:1O:1O:1O:1O,:1O:1O:1O:1O1S,1O,,1L:1L,1,0.03000300030003
1171,6,6,0,1,1,::::1O:1O,::::1O:1O,,,1L,1,0.03000300030003
1172,6,5,1,1,2,::1O:1O:1O:2O,:1O:1O:1O:2O1S,1O,,1L:1L,1,0.03000300030003
1173,6,5,1,2,1,:::1O:1O:1O,::1O:1O:1O,,1S:1S:1S:1S:2S:2S:2S:3S,1L,1,0.03000300030003
1174,6,5,2,1,1,:::1O:1O:1O,::1O:1O1S:1O1S,:1O,,1L,1,0.03000300030003
1175,6,5,2,1,1,:::1O:1O:1O,::1O:1O:1O,:,,1L,1,0.03000300030003
1176,6,5,2,1,1,:::1O:1O:1O,:::1O:1O1S,:1O,,1L,1,0.03000300030003
1177,6,5,2,1,2,:1O:1O:1O:1O:1O,:1O:1O:1O:1O,:1O,,1L:1L,1,0.03000300030003
1178,6,6,0,1,0,:::1O:1O:1O,:::1O:1O1S:1O1S,,,,1,0.03000300030003
1179,6,6,0,1,0,::::1O:1O,::::1O1S:1O1S,,,,1,0.03000300030003
1180,6,6,0,1,0,:::::,:::::,,,,1,0.03000300030003
1181,6,6,0,1,1,:1O:1O:1O:1O:1O,:1O:1O:1O:1O:1O,,,1L,1,0.03000300030003
1182,6,6,0,1,1,:1O:1O:1O:2O:2O,:1O:1O:1O1S:2O1S:2O1S,,,1L,1,0.03000300030003
1183,6,6,0,1,1,:::1O:1O:1O,:::1O1S:1O1S:1O1S,,,1L,1,0.03000300030003
1184,6,6,0,1,1,:::1O:2O:2O,:::1O:2O1S:2O1S,,,1L,1,0.03000300030003
1185,6,6,0,1,2,1O:1O:1O:1O:1O:1O,1O:1O:1O:1O1S:1O1S:1O1S,,,1L:1L,1,0.03000300030003
1186,7,0,0,1,0,::::::,,,,,1,0.03000300030003
1187,6,6,0,1,2,1O:1O:1O:1O:1O:2O,1O:1O:1O:1O1S:1O1S:2O,,,1L:1L,1,0.03000300030003
1188,6,6,0,1,2,1O:1O:1O:1O:1O:2O,1O:1O:1O:1O1S:1O1S:2O1S,,,1L:1L,1,0.03000300030003
1189,6,6,0,1,2,1O:1O:1O:1O:1O:2O,1O:1O:1O:1O:1O1S:2O,,,1L:1L,1,0.03000300030003
1190,6,6,0,1,2,:1O:1O:1O:1O:2O,:1O:1O:1O:1O:2O1S,,,1L:1L,1,0.03000300030003
1191,6,6,0,1,2,:1O:1O:1O:2O:2O,:1O:1O:1O1S:2O:2O1S,,,1L:1L,1,0.03000300030003
1192,6,6,0,1,2,::1O:1O:1O:2O,::1O:1O:1O1S:2O1S,,,1L:1L,1,0.03000300030003
1193,6,6,0,1,2,::1O:1O:2O:2O,::1O:1O1S:2O:2O1S,,,1L:1L,1,0.03000300030003
1194,6,6,0,1,2,::1O:1O:2O:2O,::1O:1O:2O1S:2O1S,,,1L:1L,1,0.03000300030003
1195,6,6,0,1,2,::1O:1O:2O:2O,::1O:1O:2O:2O1S,,,1L:1L,1,0.03000300030003
1196,6,6,1,1,0,:::::,:::::,1O,,,1,0.03000300030003
1197,6,6,1,1,1,::1O:1O:1O:1O,::1O:1O:1O:1O,,,1L,1,0.03000300030003
1198,6,6,1,1,1,:::1O:1O:2O,:::1O1S:1O1S:2O1S,1O,,1L,1,0.03000300030003
1199,6,6,1,1,1,:::1O:1O:2O,:::1O:1O1S:2O1S,,,1L,1,0.03000300030003
1200,6,4,2,1,2,:1O:1O:1O:1O:2O,1O:1O:1O1S:2O1S,:1O,,1L:1L,1,0.03000300030003
1201,6,4,2,1,1,::1O:1O:1O:1O,1O:1O:1O:1O,:,,1L,1,0.03000300030003
1202,6,4,2,1,1,:1O:1O:1O:1O:1O,:1O:1O:1O1S,:,,1L,1,0.03000300030003
1203,6,4,0,1,1,::1O:1O:1O:1O,:1O1S:1O1S:1O1S,,,1L,1,0.03000300030003
1204,6,3,1,1,1,:::1O:1O:1O,:1O:1O1S,1O,,1L,1,0.03000300030003
1205,6,3,1,1,1,::::1O:2O,:1O:2O1S,1O,,1L,1,0.03000300030003
1206,6,3,1,1,2,::1O:1O:1O:1O,1O:1O:1O,1O,,1L:1L,1,0.03000300030003
1207,6,3,1,2,1,:::1O:1O:1O,:1O:1O,,1S:1S:1S:1S:1S:2S:2S:2S,1L,1,0.03000300030003
1208,6,3,1,2,1,::::1O:1O,:1O:1O,,2S:2S:2S:2S:2S:2S:2S:3S,1L,1,0.03000300030003
1209,6,3,1,2,1,::::1O:1O,:1O:1O,,2S:2S:2S:2S:2S:2S:3S:3S,1L,1,0.03000300030003
1210,6,3,1,2,1,::::1O:1O,:1O:1O1S,,1S:1S:1S:1S:2S:2S:2S:2S,1L,1,0.03000300030003
1211,6,4,0,1,0,:::1O:1O:1O,::1O:1O1S,,,,1,0.03000300030003
1212,6,4,0,1,0,:::1O:1O:1O,:::1O,,,,1,0.03000300030003
1213,6,4,0,1,0,:::::2O,:::,,,,1,0.03000300030003
1214,6,4,0,1,1,:1O:1O:1O:1O:1O,1O:1O:1O:1O,,,1L,1,0.03000300030003
1215,6,4,0,1,1,:1O:1O:1O:1O:1O,:1O:1O1S:1O1S,,,1L,1,0.03000300030003
1216,6,4,0,1,1,:1O:1O:1O:1O:2O,:1O:1O1S:2O1S,,,1L,1,0.03000300030003
1217,6,4,0,1,1,::1O:1O:1O:1O,::1O:1O1S,,,1L,1,0.03000300030003
1218,6,3,1,1,1,:::1O:1O:1O,:1O1S:1O1S,,,1L,1,0.03000300030003
1219,6,4,0,1,1,::1O:1O:1O:2O,1O:1O1S:1O1S:2O1S,,,1L,1,0.03000300030003
1220,6,4,0,1,1,::1O:1O:1O:2O,:1O:1O:1O,,,1L,1,0.03000300030003
1221,6,4,0,1,1,::1O:1O:1O:2O,::1O1S:2O1S,,,1L,1,0.03000300030003
1222,6,4,0,1,1,::1O:1O:1O:2O,::1O:1O,,,1L,1,0.03000300030003
1223,6,4,0,1,1,::1O:1O:2O:2O,:1O1S:2O1S:2O1S,,,1L,1,0.03000300030003
1224,6,4,0,1,1,::1O:1O:2O:2O,:1O:1O1S:2O1S,,,1L,1,0.03000300030003
1225,6,4,0,1,1,::1O:1O:2O:2O,:1O:2O1S:2O1S,,,1L,1,0.03000300030003
1226,6,4,0,1,1,:::1O:1O:1O,:1O1S:1O1S:1O1S,,,1L,1,0.03000300030003
1227,6,4,0,1,1,:::1O:1O:1O,::1O1S:1O1S,,,1L,1,0.03000300030003
1228,6,4,0,1,1,:::1O:1O:2O,1O:1O1S:1S:2O1S,,,1L,1,0.03000300030003
1229,6,4,0,1,1,:::1O:1O:2O,:1O1S:1O1S:2O,,,1L,1,0.03000300030003
1230,6,4,0,1,1,:::1O:1O:2O,:1O1S:1S:2O1S,,,1L,1,0.03000300030003
1231,6,4,0,1,1,:::1O:2O:2O,:1O1S:2O1S:2O1S,,,1L,1,0.03000300030003
1232,6,3,1,1,1,:::1O:1O:1O,:1O:1O1S,,,1L,1,0.03000300030003
1233,6,3,1,1,1,::1O:1O:1O:2O,:1O:2O1S,1O,,1L,1,0.03000300030003
1234,6,4,0,1,1,::::1O:1O,::1O:1O1S,,,1L,1,0.03000300030003
1235,6,3,0,1,1,:::1O:1O:2O,:1O:1O,,,1L,1,0.03000300030003
1236,6,3,0,1,0,:::1O:1O:1O,:1O:1O,,,,1,0.03000300030003
1237,6,3,0,1,0,::::1O:1O,:1O1S:1S,,,,1,0.03000300030003
1238,6,3,0,1,0,::::1O:1O,::1O1S,,,,1,0.03000300030003
1239,6,3,0,1,0,:::::1O,::1O,,,,1,0.03000300030003
1240,6,3,0,1,0,:::::1O,::1O1S,,,,1,0.03000300030003
1241,6,3,0,1,1,1O:1O:1O:1O:1O:1O,1O:1O:1O1S,,,1L,1,0.03000300030003
1242,6,3,0,1,1,:1O:1O:1O:1O:1O,:1O:1O1S,,,1L,1,0.03000300030003
1243,6,3,0,1,1,:1O:1O:1O:1O:2O,1O:1O1S:2O1S,,,1L,1,0.03000300030003
1244,6,3,0,1,1,::1O:1O:1O:1O,:1O1S:1O1S,,,1L,1,0.03000300030003
1245,6,3,0,1,1,::1O:1O:1O:2O,1O:1O1S:2O1S,,,1L,1,0.03000300030003
1246,6,3,0,1,1,::1O:1O:1O:2O,:1O:1O1S,,,1L,1,0.03000300030003
1247,6,3,0,1,1,:::1O:1O:2O,1O:1O1S:2O1S,,,1L,1,0.03000300030003
1248,6,3,0,1,1,:::1O:1O:2O,:1O1S:2O1S,,,1L,1,0.03000300030003
1249,6,3,0,1,1,::::1O:1O,::1O1S,,,1L,1,0.03000300030003
1250,6,3,1,1,0,:::::,::,,,,1,0.03000300030003
1251,6,3,0,1,2,:::1O:2O:2O,1O:2O1S:2O1S,,,1L:1L,1,0.03000300030003
1252,6,3,0,2,1,::1O:1O:1O:1O,:1O:1O,,1S:1S:1S:1S:2S:2S:2S:2S,1L,1,0.03000300030003
1253,6,3,0,2,1,::1O:1O:1O:1O,:1O:1O1S,,1S:1S:1S:1S:2S:2S:2S:2S,1L,1,0.03000300030003
1254,6,3,0,2,1,:::1O:1O:1O,:1O:1O,,1S:1S:1S:1S:2S:2S:2S:3S,1L,1,0.03000300030003
1255,6,3,0,2,1,:::1O:1O:1O,:1O:1O1S,,1S:1S:1S:2S:2S:2S:2S:2S,1L,1,0.03000300030003
1256,6,3,0,2,1,:::1O:1O:1O,::1O1S,,1S:1S:1S:1S:2S:2S:2S:3S,1L,1,0.03000300030003
1257,6,3,0,2,1,::::1O:1O,:1O:1O,,1S:1S:1S:1S:2S:2S:2S:2S,1L,1,0.03000300030003
1258,6,3,0,2,1,::::1O:1O,:1O:1O,,2S:2S:2S:2S:2S:2S:3S:3S,1L,1,0.03000300030003
1259,6,3,0,2,1,::::1O:1O,:1O:1O1S,,:::1S:1S:2S:2S:2S,1L,1,0.03000300030003
1260,6,3,0,2,1,::::1O:1O,::1O,,1S:1S:1S:1S:2S:2S:2S:3S,1L,1,0.03000300030003
1261,6,3,0,2,1,::::1O:2O,::2O1S,,2S:2S:2S:2S:2S:2S:3S:3S,1L,1,0.03000300030003
1262,6,3,0,2,1,:::::1O,::1O,,1S:1S:1S:1S:2S:2S:2S:3S,1L,1,0.03000300030003
1263,6,3,1,1,0,::::1O:1O,::1O1S,,,,1,0.03000300030003
1264,6,4,0,1,1,::::1O:1O,::1O1S:1O1S,,,1L,1,0.03000300030003
1265,6,4,0,1,1,::::1O:1O,:::1O1S,,,1L,1,0.03000300030003
1266,6,4,1,2,1,::::1O:1O,::1O:1O1S,1O,1S:1S:1S:1S:2S:2S:2S:3S,1L,1,0.03000300030003
1267,6,4,1,1,1,:::1O:1O:2O,:1O:1O:2O1S,,,1L,1,0.03000300030003
1268,6,4,1,1,0,:::::1O,:::1O,,,,1,0.03000300030003
1269,6,4,1,1,0,:::::1O,:::1O,1O,,,1,0.03000300030003
1270,6,4,1,1,1,:1O:1O:1O:1O:1O,:1O:1O:1O1S,,,1L,1,0.03000300030003
1271,6,4,1,1,1,::1O:1O:1O:1O,:1O:1O:1O,2O,,1L,1,0.03000300030003
1272,6,4,1,1,1,::1O:1O:1O:1O,::1O:1O,1O,,1L,1,0.03000300030003
1273,6,4,1,1,1,::1O:1O:1O:2O,:1O1S:1O1S:2O,,,1L,1,0.03000300030003
1274,6,4,1,1,1,::1O:1O:1O:2O,:1O:1O1S:2O,,,1L,1,0.03000300030003
1275,6,4,1,1,1,::1O:1O:1O:2O,:1O:1O1S:2O1S,,,1L,1,0.03000300030003
1276,6,4,1,1,1,::1O:1O:2O:2O,:1O:1O1S:2O1S,,,1L,1,0.03000300030003
1277,6,4,1,1,1,:::1O:1O:1O,:1O:1O1S:1O1S,1O,,1L,1,0.03000300030003
1278,6,4,1,1,1,:::1O:1O:1O,::1O:1O,,,1L,1,0.03000300030003
1279,6,4,1,1,1,:::1O:1O:1O,::1O:1O,2O1S,,1L,1,0.03000300030003
1280,6,4,1,1,1,:::1O:1O:2O,:1O:1O1S:2O1S,,,1L,1,0.03000300030003
1281,6,4,1,1,1,:::1O:1O:2O,:1O:1O:2O1S,1O,,1L,1,0.03000300030003
1282,6,4,1,1,0,:::::1O,:::,,,,1,0.03000300030003
1283,6,4,1,1,1,:::1O:1O:2O,::1O:1O,1O,,1L,1,0.03000300030003
1284,6,4,1,1,1,:::1O:1O:2O,::1O:2O1S,,,1L,1,0.03000300030003
1285,6,4,1,1,1,:::1O:1O:2O,::1O:2O1S,1O,,1L,1,0.03000300030003
1286,6,4,1,1,1,::::1O:1O,::1O:1O,1N1O1S,,1L,1,0.03000300030003
1287,6,4,1,1,1,::::1O:1O,::1O:1O1S,1O1S,,1L,1,0.03000300030003
1288,6,4,1,1,1,::::1O:1O,::1O:1O1S,2O1S,,1L,1,0.03000300030003
1289,6,4,1,1,1,:::::1O,:::1O,1O,,1L,1,0.03000300030003
1290,6,4,1,1,2,1O:1O:1O:1O:1O:1O,1O:1O:1O:1O,,,1L:1L,1,0.03000300030003
1291,6,4,1,1,2,1O:1O:1O:1O:1O:2O,1O:1O:1O1S:2O1S,,,1L:1L,1,0.03000300030003
1292,6,4,1,1,2,:1O:1O:1O:1O:1O,1O:1O:1O:1O,2O1S,,1L:1L,1,0.03000300030003
1293,6,4,1,1,2,::1O:1O:1O:2O,1O:1O1S:1O1S:2O1S,,,1L:1L,1,0.03000300030003
1294,6,4,1,2,1,:::1O:1O:2O,::1O:1O,,1S:1S:1S:1S:2S:2S:2S:3S,1L,1,0.03000300030003
1295,6,4,1,2,1,::::1O:1O,::1O:1O1S,,1S:1S:1S:1S:2S:2S:2S:3S,1L,1,0.03000300030003
1296,6,4,1,1,0,:::::1O,:::,1O,,,1,0.03000300030003
1297,6,4,1,1,0,:::::,:::1S,,,,1,0.03000300030003
1298,6,4,0,1,1,::::1O:2O,::1O1S:2O,,,1L,1,0.03000300030003
1299,6,4,0,2,0,:::::,:::,,::1S:1S:2S:2S:2S:2S,,1,0.03000300030003
1300,6,4,0,1,1,::::1O:2O,::1O1S:2O1S,,,1L,1,0.03000300030003
1301,6,4,0,1,2,1O:1O:1O:1O:1O:1O,1O:1O:1O1S:1O1S,,,1L:1L,1,0.03000300030003
1302,6,4,0,1,2,1O:1O:1O:1O:1O:1O,1O:1O:1O:1O1S,,,1L:1L,1,0.03000300030003
1303,6,4,0,1,2,1O:1O:1O:1O:1O:2O,1O:1O:1O1S:2O1S,,,1L:1L,1,0.03000300030003
1304,6,4,0,1,2,1O:1O:1O:1O:1O:2O,1O:1O:1O:2O1S,,,1L:1L,1,0.03000300030003
1305,6,4,0,1,2,1O:1O:1O:1O:2O:2O,1O:1O1S:2O1S:2O1S,,,1L:1L,1,0.03000300030003
1306,6,4,0,1,2,:1O:1O:1O:1O:2O,1O:1O:1O1S:2O1S,,,1L:1L,1,0.03000300030003
1307,6,4,0,1,2,:1O:1O:1O:1O:2O,:1O:1O1S:2O1S,,,1L:1L,1,0.03000300030003
1308,6,4,0,1,2,::1O:1O:1O:2O,1O:1O:1O1S:2O1S,,,1L:1L,1,0.03000300030003
1309,6,4,0,1,2,::1O:1O:1O:2O,1O:1O:1O:2O1S,,,1L:1L,1,0.03000300030003
1310,6,4,0,1,2,::1O:1O:2O:2O,1O1S:1O1S:2O1S:2O1S,,,1L:1L,1,0.03000300030003
1311,6,4,0,1,2,::1O:1O:2O:2O,1O:1O:2O1S:2O1S,,,1L:1L,1,0.03000300030003
1312,6,4,0,1,2,:::1O:2O:2O,:1O:2O1S:2O1S,,,1L:1L,1,0.03000300030003
1313,6,4,0,2,1,::1O:1O:1O:1O,:1O:1O:1O,,1S:1S:1S:2S:2S:3S:3S:3S,1L,1,0.03000300030003
1314,6,4,1,1,0,:::::,:::,,,,1,0.03000300030003
1315,6,4,0,2,1,::1O:1O:1O:1O,:1O:1O:1O1S,,1S:1S:1S:1S:2S:2S:2S:2S,1L,1,0.03000300030003
1316,6,4,0,2,1,:::1O:1O:1O,:1O:1O:1O1S,,1S:1S:1S:1S:2S:2S:2S:2S,1L,1,0.03000300030003
1317,6,4,0,2,1,:::1O:1O:1O,:1O:1O:1O1S,,2S:2S:2S:2S:3S:3S:4S:4S,1L,1,0.03000300030003
1318,6,4,0,2,1,:::1O:1O:1O,::1O1S:1O1S,,2S:2S:2S:2S:2S:2S:2S:3S,1L,1,0.03000300030003
1319,6,4,0,2,1,:::1O:1O:1O,::1O:1O1S,,1S:1S:1S:1S:2S:2S:2S:3S,1L,1,0.03000300030003
1320,6,4,0,2,1,:::1O:1O:2O,::1O:1O1S,,1S:1S:1S:1S:2S:2S:2S:3S,1L,1,0.03000300030003
1321,6,4,0,2,1,::::1O:1O,::1O:1O,,2S:2S:2S:2S:2S:2S:2S:3S,1L,1,0.03000300030003
1322,6,4,0,2,1,::::1O:1O,::1O:1O,,2S:2S:2S:2S:2S:2S:3S:3S,1L,1,0.03000300030003
1323,6,4,0,2,1,::::1O:1O,::1O:1O1S,,2S:2S:3S:3S:3S:3S:3S:3S,1L,1,0.03000300030003
1324,6,4,0,2,1,:::::1O,:::1O1S,,1S:1S:1S:1S:2S:2S:2S:2S,1L,1,0.03000300030003
1325,6,4,0,2,2,1O:1O:1O:1O:1O:1O,1O:1O:1O:1O,,1S:1S:1S:1S:2S:2S:2S:2S,1L:1L,1,0.03000300030003
1326,6,4,0,2,2,1O:1O:1O:1O:1O:1O,1O:1O:1O:1O1S,,1S:1S:1S:1S:2S:2S:2S:2S,1L:1L,1,0.03000300030003
1327,6,4,0,2,2,::1O:1O:1O:2O,1O:1O:1O1S:2O1S,,2S:2S:2S:2S:2S:2S:3S:3S,1L:1L,1,0.03000300030003
1328,10,8,0,1,1,:::::::1O:1O:2O,:::::1O:1O:2O1S,,,1L,1,0.03000300030003
