,num_dol,num_ipms,num_tfsi,num_ps,num_li,atoms_dol,atoms_ipms,atoms_tfsi,atoms_ps,atoms_li,count,%
0,1,4,0,1,1,,:1O:1O:1O,,,1L,150,4.5004500450045
1,2,4,0,1,1,:,:1O:1O:1O,,,1L,132,3.96039603960396
2,1,5,0,1,1,,::1O:1O:1O,,,1L,94,2.8202820282028203
3,2,3,0,1,1,:,1O:1O:1O,,,1L,89,2.6702670267026702
4,2,3,0,1,1,:1O,:1O:1O,,,1L,88,2.64026402640264
5,2,3,0,1,1,:,:1O:1O,,,1L,84,2.52025202520252
6,1,4,0,1,1,,::1O:1O,,,1L,77,2.31023102310231
7,1,3,0,1,1,,:1O:1O,,,1L,71,2.13021302130213
8,3,3,0,1,1,::1O,:1O:1O,,,1L,68,2.04020402040204
9,0,5,0,1,1,,::1O:1O:1O,,,1L,59,1.7701770177017702
10,2,4,0,1,1,:1O,::1O:1O,,,1L,55,1.6501650165016502
11,0,4,0,1,1,,:1O:1O:1O,,,1L,50,1.5001500150015
12,3,3,0,1,1,::,1O:1O:1O,,,1L,46,1.38013801380138
13,2,4,0,1,1,:,::1O:1O,,,1L,43,1.29012901290129
14,3,2,0,1,1,::1O,:1O,,,1L,42,1.26012601260126
15,2,3,0,1,0,:,::,,,,41,1.23012301230123
16,3,4,0,1,1,::,:1O:1O:1O,,,1L,39,1.17011701170117
17,3,2,0,1,1,::1O,1O:1O,,,1L,39,1.17011701170117
18,1,4,0,1,1,1O,::1O:1O,,,1L,38,1.14011401140114
19,0,5,0,1,1,,:::1O:1O,,,1L,37,1.11011101110111
20,1,3,0,1,1,,1O:1O:1O,,,1L,37,1.11011101110111
21,2,2,0,1,1,:,1O:1O,,,1L,35,1.05010501050105
22,3,2,0,1,1,::,1O:1O,,,1L,35,1.05010501050105
23,0,4,0,1,1,,::1O:1O,,,1L,34,1.02010201020102
24,2,3,0,1,1,:1O,::1O,,,1L,32,0.96009600960096
25,2,2,0,1,1,:1O,:1O,,,1L,32,0.96009600960096
26,0,6,0,1,1,,:::1O:1O:1O,,,1L,30,0.9000900090009001
27,4,2,0,1,1,:::1O,1O:1O,,,1L,30,0.9000900090009001
28,2,4,0,1,0,:,:::,,,,29,0.8700870087008701
29,2,5,0,1,1,:,::1O:1O:1O,,,1L,29,0.8700870087008701
30,3,3,0,1,1,::,:1O:1O,,,1L,28,0.8400840084008401
31,1,4,0,1,1,,:::1O,,,1L,27,0.8100810081008101
32,1,4,0,1,0,,:::,,,,26,0.7800780078007801
33,1,3,0,1,1,1O,:1O:1O,,,1L,26,0.7800780078007801
34,2,2,0,1,0,:,:,,,,25,0.7500750075007501
35,2,2,0,1,1,:1O,1O:1O,,,1L,24,0.7200720072007201
36,4,3,0,1,1,:::1O,:1O:1O,,,1L,22,0.6600660066006601
37,3,4,0,1,1,::1O,::1O:1O,,,1L,21,0.6300630063006301
38,2,2,0,1,1,:,:1O,,,1L,21,0.6300630063006301
39,3,3,0,1,1,::1O,::1O,,,1L,20,0.6000600060006
40,0,3,0,1,1,,:1O:1O,,,1L,20,0.6000600060006
41,1,3,0,1,1,,::1O,,,1L,19,0.57005700570057
42,4,2,0,1,0,:::,:,,,,19,0.57005700570057
43,3,2,0,1,1,:1O:1O,:1O,,,1L,19,0.57005700570057
44,1,5,0,1,1,,:::1O:1O,,,1L,18,0.54005400540054
45,3,2,0,1,0,::,:,,,,18,0.54005400540054
46,1,6,0,1,1,,:::1O:1O:1O,,,1L,17,0.51005100510051
47,3,3,0,1,0,::,::,,,,17,0.51005100510051
48,2,3,0,1,1,:1O,1O:1O:1O,,,1L,17,0.51005100510051
49,1,2,0,1,1,,1O:1O,,,1L,16,0.48004800480048
50,1,3,0,1,0,,::,,,,15,0.45004500450045
51,2,5,0,1,1,:1O,:::1O:1O,,,1L,14,0.42004200420042
52,3,3,0,1,1,:1O:1O,::1O,,,1L,14,0.42004200420042
53,1,5,0,1,1,1O,:::1O:1O,,,1L,14,0.42004200420042
54,4,2,0,1,1,:::1O,:1O,,,1L,13,0.39003900390039
55,1,3,0,1,1,1O,::1O,,,1L,13,0.39003900390039
56,4,1,0,1,1,::1O:1O,1O,,,1L,12,0.36003600360036
57,3,1,0,1,1,::1O,1O,,,1L,11,0.33003300330033
58,2,4,0,1,1,:1O,:1O:1O:1O,,,1L,11,0.33003300330033
59,2,3,0,1,1,:,::1O,,,1L,11,0.33003300330033
60,3,2,1,1,1,::1O,:1O,1O,,1L,11,0.33003300330033
61,1,2,0,1,1,,:1O,,,1L,11,0.33003300330033
62,1,5,0,1,0,,::::,,,,11,0.33003300330033
63,4,3,0,1,1,:::,1O:1O:1O,,,1L,11,0.33003300330033
64,4,1,0,1,1,:::1O,1O,,,1L,10,0.3000300030003
65,1,3,1,1,1,,:1O:1O,,,1L,10,0.3000300030003
66,2,5,0,1,2,:1O,1O:1O:1O:1O:1O,,,1L:1L,10,0.3000300030003
67,1,4,0,1,1,1O,:1O:1O:1O,,,1L,10,0.3000300030003
68,3,4,0,1,0,::,:::,,,,10,0.3000300030003
69,3,3,0,1,1,::1O,1O:1O:1O,,,1L,10,0.3000300030003
70,2,3,0,1,1,1O:1O,::1O,,,1L,10,0.3000300030003
71,1,4,0,1,2,1O,1O:1O:1O:1O,,,1L:1L,9,0.27002700270027
72,2,3,1,1,1,:,:1O:1O,1O,,1L,8,0.24002400240024
73,2,2,0,1,1,1O:1O,:1O,,,1L,8,0.24002400240024
74,2,3,1,1,1,:1O,:1O:1O,,,1L,7,0.21002100210021
75,2,4,0,1,1,:,:::1O,,,1L,7,0.21002100210021
76,1,3,1,1,1,,:1O:1O,1O,,1L,7,0.21002100210021
77,4,2,0,1,1,:::,1O:1O,,,1L,7,0.21002100210021
78,4,3,0,1,0,:::,::,,,,7,0.21002100210021
79,0,3,0,1,1,,::1O,,,1L,7,0.21002100210021
80,2,4,0,1,1,:1O,:::1O,,,1L,7,0.21002100210021
81,2,3,1,1,1,:1O,::1O,1O,,1L,6,0.18001800180018
82,1,4,0,1,1,,1O:1O:1O:1O,,,1L,6,0.18001800180018
83,3,3,0,1,1,::,::1O,,,1L,6,0.18001800180018
84,2,4,1,1,1,:,:1O:1O:1O,,,1L,6,0.18001800180018
85,4,2,0,1,1,::1O:1O,1O:1O,,,1L,6,0.18001800180018
86,4,2,0,1,1,::1O:1O,:1O,,,1L,6,0.18001800180018
87,1,5,0,1,2,1O,1O:1O:1O:1O:1O,,,1L:1L,6,0.18001800180018
88,5,1,0,1,1,::::1O,1O,,,1L,6,0.18001800180018
89,3,3,0,1,1,:1O:1O,:1O:1O,,,1L,6,0.18001800180018
90,5,2,0,1,1,::::1O,1O:1O,,,1L,6,0.18001800180018
91,3,1,0,1,0,::,,,,,5,0.15001500150015
92,0,5,0,1,2,,1O:1O:1O:1O:1O,,,1L:1L,5,0.15001500150015
93,0,4,1,1,1,,::1O:1O,1O,,1L,5,0.15001500150015
94,2,3,1,1,1,:,:1O:1O,,,1L,5,0.15001500150015
95,3,2,0,1,0,::1O,:,,,,5,0.15001500150015
96,1,4,0,1,1,,:1O:1O:2O1S,,,1L,5,0.15001500150015
97,0,4,1,1,1,,:1O:1O:1O,,,1L,5,0.15001500150015
98,2,2,1,1,1,:,1O:1O,1O,,1L,5,0.15001500150015
99,2,5,0,1,1,:,:::1O:1O,,,1L,5,0.15001500150015
100,5,1,0,1,1,:::1O:1O,1O,,,1L,5,0.15001500150015
101,1,2,1,1,1,,1O:1O,,,1L,5,0.15001500150015
102,0,5,1,1,1,,::1O:1O:1O,,,1L,5,0.15001500150015
103,2,5,0,1,0,:,::::,,,,5,0.15001500150015
104,2,4,0,1,2,:1O,1O:1O:1O:1O,,,1L:1L,5,0.15001500150015
105,1,4,1,1,1,,::1O:1O,1O,,1L,4,0.12001200120012
106,3,1,0,1,1,::,1O,,,1L,4,0.12001200120012
107,1,4,1,1,1,,:1O:1O:1O,,,1L,4,0.12001200120012
108,1,2,0,1,1,1O,:1O,,,1L,4,0.12001200120012
109,2,4,0,2,1,:,::1O:1O,,:::1S:1S:2S:2S:2S,1L,4,0.12001200120012
110,2,3,1,1,1,:,::1O,1O,,1L,4,0.12001200120012
111,1,3,0,1,2,1O,:1O:2O,,,1L:1L,4,0.12001200120012
112,0,7,0,1,1,,::::1O:1O:1O,,,1L,4,0.12001200120012
113,2,3,0,1,1,1O:1O,:1O:1O,,,1L,4,0.12001200120012
114,3,2,0,1,1,::,:1O,,,1L,4,0.12001200120012
115,0,3,1,1,1,,:1O:1O,1O,,1L,4,0.12001200120012
116,4,1,0,1,0,:::,,,,,4,0.12001200120012
117,1,5,0,1,1,1O,::1O:1O:1O,,,1L,4,0.12001200120012
118,2,2,0,1,1,:,:,,,1L,4,0.12001200120012
119,3,2,1,1,1,::1O,1O:1O,,,1L,4,0.12001200120012
120,3,2,0,1,1,:1O:1O,:,,,1L,4,0.12001200120012
121,1,5,0,1,1,,::1O:1O:2O,,,1L,4,0.12001200120012
122,2,3,1,1,2,1O:1O,:1O:1O,1O,,1L:1L,4,0.12001200120012
123,0,4,0,1,0,,:::,,,,4,0.12001200120012
124,0,5,0,1,1,,::1O:1O:2O,,,1L,4,0.12001200120012
125,0,4,0,1,1,,:::1O,,,1L,4,0.12001200120012
126,1,4,0,1,1,1O,:::1O,,,1L,4,0.12001200120012
127,1,2,1,1,1,,:1O,1O,,1L,4,0.12001200120012
128,2,4,0,1,1,1O:1O,:::1O,,,1L,4,0.12001200120012
129,0,5,0,1,2,,:1O:1O:1O:2O,,,1L:1L,4,0.12001200120012
130,3,1,0,1,1,:1O:1O,1O,,,1L,4,0.12001200120012
131,2,2,1,1,1,:,:1O,1O,,1L,4,0.12001200120012
132,3,3,1,1,1,::1O,:1O:1O,,,1L,3,0.09000900090009
133,1,3,1,1,1,1O,:1O:1O,,,1L,3,0.09000900090009
134,2,2,0,1,1,:,1O:1O1S,,,1L,3,0.09000900090009
135,1,4,0,1,2,1O,:1O:1O:2O1S,,,1L:1L,3,0.09000900090009
136,1,4,0,1,2,1O,:1O:1O:1O,,,1L:1L,3,0.09000900090009
137,0,3,1,1,1,,:1O:1O,,,1L,3,0.09000900090009
138,2,2,1,1,1,:,1O:1O,,,1L,3,0.09000900090009
139,2,3,0,1,1,:,1O:1O:2O,,,1L,3,0.09000900090009
140,1,4,0,1,0,,:::1O,,,,3,0.09000900090009
141,2,2,1,1,1,:1O,1O:1O,,,1L,3,0.09000900090009
142,2,2,1,1,1,:1O,:1O,,,1L,3,0.09000900090009
143,5,2,0,1,1,:::1O:1O,:1O,,,1L,3,0.09000900090009
144,1,4,0,1,2,,1O:1O:1O:2O,,,1L:1L,3,0.09000900090009
145,0,4,1,1,1,,::1O:1O,,,1L,3,0.09000900090009
146,1,4,0,1,1,,:1O:1O:1O1S,,,1L,3,0.09000900090009
147,0,3,1,1,1,,::1O,1O,,1L,3,0.09000900090009
148,1,4,0,1,2,,1O:1O:1O:1O,,,1L:1L,3,0.09000900090009
149,0,6,0,1,2,,1O:1O:1O:1O:1O:1O,,,1L:1L,3,0.09000900090009
150,3,5,0,1,1,::,::1O:1O:1O,,,1L,3,0.09000900090009
151,2,2,1,1,1,:1O,:1O,1O,,1L,3,0.09000900090009
152,1,3,1,1,1,,::1O,1O,,1L,3,0.09000900090009
153,0,6,0,1,1,,:::1O:1O:2O,,,1L,3,0.09000900090009
154,3,3,1,1,1,::1O,::1O,1O,,1L,3,0.09000900090009
155,2,4,0,1,1,:,:1O:1O:2O1S,,,1L,3,0.09000900090009
156,2,5,0,1,1,1O:1O,::::1O,,,1L,3,0.09000900090009
157,0,5,0,1,1,,::::1O,,,1L,3,0.09000900090009
158,5,2,0,1,0,::::,:,,,,3,0.09000900090009
159,4,4,0,1,0,:::,:::,,,,3,0.09000900090009
160,0,3,0,1,1,,1O:1O:1O,,,1L,3,0.09000900090009
161,2,1,0,1,1,:,1O,,,1L,3,0.09000900090009
162,2,4,0,1,2,1O:1O,:1O:1O:1O,,,1L:1L,3,0.09000900090009
163,1,5,0,1,1,,::1O:1O:1O1S,,,1L,3,0.09000900090009
164,2,5,0,1,1,:1O,::1O:1O:1O,,,1L,3,0.09000900090009
165,1,3,0,1,2,1O,1O:1O:1O,,,1L:1L,3,0.09000900090009
166,1,3,0,1,2,1O,1O:1O:2O,,,1L:1L,3,0.09000900090009
167,1,5,0,1,2,,1O:1O:1O:1O:2O,,,1L:1L,3,0.09000900090009
168,0,5,0,1,0,,::::,,,,3,0.09000900090009
169,2,1,0,2,1,:,1O,,:::1S:1S:2S:2S:2S,1L,3,0.09000900090009
170,4,3,0,1,1,:::,:1O:1O,,,1L,3,0.09000900090009
171,2,3,0,2,1,:,::1O,,:::1S:1S:2S:2S:2S,1L,3,0.09000900090009
172,2,1,1,1,1,:1O,1O,,,1L,3,0.09000900090009
173,1,3,1,1,1,,1O:1O:1O,,,1L,3,0.09000900090009
174,0,4,0,1,1,,:1O:1O:1O1S,,,1L,3,0.09000900090009
175,2,2,0,2,1,:,:1O,,:::1S:1S:2S:2S:2S,1L,3,0.09000900090009
176,2,4,0,1,2,:,1O:1O:1O:2O1S,,,1L:1L,3,0.09000900090009
177,1,2,1,1,1,1O,:1O,,,1L,3,0.09000900090009
178,4,2,0,1,0,:::1O,:,,,,3,0.09000900090009
179,3,3,0,1,1,:1O:1O,::,,,1L,2,0.06000600060006
180,2,2,0,1,2,:1O,1O:1O,,,1L:1L,2,0.06000600060006
181,0,4,0,1,1,,::1O:2O1S,,,1L,2,0.06000600060006
182,3,2,1,1,1,::,1O:1O,2O,,1L,2,0.06000600060006
183,2,4,1,1,1,:1O,::1O:1O,,,1L,2,0.06000600060006
184,2,1,0,1,0,:,,,,,2,0.06000600060006
185,5,2,0,1,1,::::,1O:1O,,,1L,2,0.06000600060006
186,2,2,0,1,1,:1O,:,,,1L,2,0.06000600060006
187,2,1,0,1,1,:1O,1O,,,1L,2,0.06000600060006
188,3,3,0,1,0,::1O,::,,,,2,0.06000600060006
189,0,4,0,1,1,,:1O:1O:2O,,,1L,2,0.06000600060006
190,2,1,1,1,1,:,1O,1O,,1L,2,0.06000600060006
191,2,1,1,1,1,:1O,,1O,,1L,2,0.06000600060006
192,3,2,1,1,1,::1O,:1O,,,1L,2,0.06000600060006
193,3,2,1,1,1,::,:1O,1O,,1L,2,0.06000600060006
194,2,4,0,1,1,:,1O:1O:1O:2O,,,1L,2,0.06000600060006
195,3,2,1,1,1,::,1O:1O,,,1L,2,0.06000600060006
196,2,3,0,1,2,:1O,1O:1O:2O1S,,,1L:1L,2,0.06000600060006
197,3,1,1,1,1,::1O,1O,,,1L,2,0.06000600060006
198,2,3,0,2,2,1O:1O,1O:1O:1O,,:::1S:1S:2S:2S:2S,1L:1L,2,0.06000600060006
199,2,3,0,2,2,1O:1O,:1O:1O,,1S:1S:1S:1S:2S:2S:2S:2S,1L:1L,2,0.06000600060006
200,3,1,0,2,1,::,1O,,:::1S:1S:2S:2S:2S,1L,2,0.06000600060006
201,2,3,1,1,1,:,1O:1O:1O,,,1L,2,0.06000600060006
202,2,4,0,1,2,:,1O:1O:1O:1O,,,1L:1L,2,0.06000600060006
203,2,5,0,2,1,:,:::1O:1O,,:::1S:1S:2S:2S:2S,1L,2,0.06000600060006
204,3,1,0,1,1,::1O,,,,1L,2,0.06000600060006
205,2,3,1,1,1,:1O,::1O,,,1L,2,0.06000600060006
206,2,3,1,1,2,:1O,:1O:1O,1O,,1L:1L,2,0.06000600060006
207,3,1,0,1,1,:1O:1O,,,,1L,2,0.06000600060006
208,6,1,0,1,1,::::1O:1O,1O,,,1L,2,0.06000600060006
209,2,4,0,1,1,:1O,::1O:2O,,,1L,2,0.06000600060006
210,2,4,0,1,0,:,:::1O,,,,2,0.06000600060006
211,2,4,0,1,1,1O:1O,:::,,,1L,2,0.06000600060006
212,2,4,0,1,1,:,:1O:1O:2O,,,1L,2,0.06000600060006
213,2,4,0,1,1,:,1O:1O:1O:1O,,,1L,2,0.06000600060006
214,2,3,0,2,1,:,:1O:1O,,:::1S:1S:2S:2S:2S,1L,2,0.06000600060006
215,2,3,0,1,2,:1O,1O:1O:1O,,,1L:1L,2,0.06000600060006
216,2,2,0,2,1,:1O,:1O,,:::1S:1S:2S:2S:2S,1L,2,0.06000600060006
217,2,4,0,1,2,:,1O:1O:1O:2O,,,1L:1L,2,0.06000600060006
218,0,2,1,1,1,,1O:1O,,,1L,2,0.06000600060006
219,2,4,0,2,2,1O:1O,:1O:1O:1O,,:::1S:1S:2S:2S:2S,1L:1L,2,0.06000600060006
220,3,2,0,1,2,:1O:1O,1O:2O1S,,,1L:1L,2,0.06000600060006
221,2,2,1,1,2,1O:1O,1O:1O,1O,,1L:1L,2,0.06000600060006
222,2,4,0,2,1,:1O,:::1O,,:::1S:1S:2S:2S:2S,1L,2,0.06000600060006
223,3,2,0,1,1,::1O,1O:2O,,,1L,2,0.06000600060006
224,2,2,2,1,2,:1O,:1O,1O:1O,,1L:1L,2,0.06000600060006
225,2,5,0,1,2,:,1O:1O:1O:1O:1O,,,1L:1L,2,0.06000600060006
226,2,4,0,1,1,:,:1O:1O:1O1S,,,1L,2,0.06000600060006
227,2,3,0,1,1,:,:1O:2O,,,1L,2,0.06000600060006
228,0,3,0,2,1,,::1O,,:::1S:1S:2S:2S:2S,1L,2,0.06000600060006
229,5,3,0,1,1,::::,1O:1O:1O,,,1L,2,0.06000600060006
230,3,2,0,1,1,:1O:1O,1O:1O,,,1L,2,0.06000600060006
231,1,6,0,1,1,,::::1O:1O,,,1L,2,0.06000600060006
232,2,3,0,1,1,:2O,:1O:1O,,,1L,2,0.06000600060006
233,2,3,0,1,2,1O:1O,1O:1O:2O1S,,,1L:1L,2,0.06000600060006
234,2,3,0,1,2,1O:1O,:1O:1O,,,1L:1L,2,0.06000600060006
235,2,3,0,1,0,:1O,::,,,,2,0.06000600060006
236,3,3,1,1,1,:1O:1O,::1O,1O,,1L,2,0.06000600060006
237,3,4,0,1,1,:1O:1O,::1O:1O,,,1L,2,0.06000600060006
238,1,2,1,1,1,,:1O,,,1L,2,0.06000600060006
239,1,3,0,1,1,,:1O:2O,,,1L,2,0.06000600060006
240,0,5,0,1,2,,:1O:1O:1O:2O1S,,,1L:1L,2,0.06000600060006
241,1,3,1,1,2,1O,:1O:1O,1O,,1L:1L,2,0.06000600060006
242,4,1,0,1,1,:::,,,,1L,2,0.06000600060006
243,1,4,0,2,1,,:::1O,,:::1S:1S:2S:2S:2S,1L,2,0.06000600060006
244,1,3,0,1,2,1O,:1O:2O1S,,,1L:1L,2,0.06000600060006
245,3,4,0,1,1,::1O,:::1O,,,1L,2,0.06000600060006
246,4,1,0,1,1,:::1O,,,,1L,2,0.06000600060006
247,0,5,0,1,2,,1O:1O:1O:1O:2O,,,1L:1L,2,0.06000600060006
248,1,2,0,2,1,1O,:1O,,1S:1S:1S:1S:2S:2S:2S:3S,1L,2,0.06000600060006
249,1,2,0,2,1,1O,:1O,,:::1S:1S:2S:2S:2S,1L,2,0.06000600060006
250,1,4,0,1,2,1O,1O:1O:1O:2O1S,,,1L:1L,2,0.06000600060006
251,0,5,0,1,1,,:1O:1O:1O:1O,,,1L,2,0.06000600060006
252,1,2,1,1,2,1O,1O:1O,1O,,1L:1L,2,0.06000600060006
253,4,3,0,1,1,:::1O,::1O,,,1L,2,0.06000600060006
254,1,4,0,1,2,,:1O:1O:1O,,,1L:1L,2,0.06000600060006
255,1,4,0,1,2,,1O:1O:1O:2O1S,,,1L:1L,2,0.06000600060006
256,5,1,0,1,0,::::,,,,,2,0.06000600060006
257,1,3,0,1,1,1O,1O:1O:1O,,,1L,2,0.06000600060006
258,5,0,0,1,1,::::1O,,,,1L,2,0.06000600060006
259,4,4,0,1,1,:::1O,::1O:1O,,,1L,2,0.06000600060006
260,1,3,0,1,0,,::1O,,,,2,0.06000600060006
261,4,2,0,1,1,:1O:1O:1O,:1O,,,1L,2,0.06000600060006
262,3,4,0,1,1,::,::1O:1O,,,1L,2,0.06000600060006
263,1,3,0,1,1,,1O:1O:2O1S,,,1L,2,0.06000600060006
264,0,5,0,1,1,,:::1O:2O,,,1L,2,0.06000600060006
265,4,1,1,1,1,:::1O,1O,1O,,1L,2,0.06000600060006
266,0,4,1,1,1,,:1O:1O:1O,1O,,1L,2,0.06000600060006
267,1,3,1,1,1,1O,::1O,1O,,1L,2,0.06000600060006
268,1,4,1,1,1,,::1O:1O,,,1L,2,0.06000600060006
269,4,1,0,1,1,::1O:1O,,,,1L,2,0.06000600060006
270,4,1,0,1,1,:1O:1O:1O,1O,,,1L,2,0.06000600060006
271,0,6,0,1,1,,::1O:1O:1O:1O,,,1L,2,0.06000600060006
272,4,1,0,1,0,:::1O,,,,,2,0.06000600060006
273,0,6,0,1,1,,:::1O:1O:1O1S,,,1L,2,0.06000600060006
274,0,6,0,1,1,,::::1O:1O,,,1L,2,0.06000600060006
275,1,3,0,2,1,,::1O,,:::1S:1S:2S:2S:2S,1L,2,0.06000600060006
276,4,3,0,1,1,::1O:1O,:1O:1O,,,1L,2,0.06000600060006
277,3,5,0,1,1,::1O,:::1O:1O,,,1L,2,0.06000600060006
278,1,5,0,1,2,,1O:1O:1O:1O:2O1S,,,1L:1L,2,0.06000600060006
279,1,5,0,1,2,,1O:1O:1O:1O:1O,,,1L:1L,2,0.06000600060006
280,0,6,1,1,1,,:::1O:1O:1O,,,1L,2,0.06000600060006
281,3,3,0,2,1,::,:1O:1O,,:::1S:1S:2S:2S:2S,1L,2,0.06000600060006
282,1,3,0,2,1,,::1O,,:1S:1S:1S:1S:2S:2S:2S,1L,2,0.06000600060006
283,1,2,0,1,0,,:,,,,2,0.06000600060006
284,0,6,1,1,1,,::::1O:1O,,,1L,2,0.06000600060006
285,1,3,1,1,1,,::1O,,,1L,2,0.06000600060006
286,5,1,0,1,1,::1O:1O:1O,1O,,,1L,2,0.06000600060006
287,0,4,0,1,2,,::1O:2O1S,,,1L:1L,2,0.06000600060006
288,3,3,1,1,1,:1O:1O,:1O:1O,,,1L,2,0.06000600060006
289,1,5,0,1,1,,:1O:1O:1O:1O,,,1L,2,0.06000600060006
290,3,4,0,1,1,::1O,:1O:1O:1O,,,1L,2,0.06000600060006
291,1,5,0,1,1,,::1O:1O:2O1S,,,1L,2,0.06000600060006
292,3,3,0,2,1,::1O,::1O,,:::1S:1S:2S:2S:2S,1L,2,0.06000600060006
293,4,1,1,1,1,::1O:1O,1O,1O,,1L,1,0.03000300030003
294,3,1,1,1,1,:1O:1O,,1O,,1L,1,0.03000300030003
295,4,1,0,1,1,:::,1O,,,1L,1,0.03000300030003
296,3,1,1,1,1,:1O:1O,,,,1L,1,0.03000300030003
297,4,1,0,2,1,:::1O,,,1S:1S:1S:1S:2S:2S:2S:3S,1L,1,0.03000300030003
298,3,1,1,1,1,::,1O,1O,,1L,1,0.03000300030003
299,3,1,1,1,1,::1O,,1O,,1L,1,0.03000300030003
300,3,1,1,1,0,::,,,,,1,0.03000300030003
301,4,4,0,1,1,::1O:1O,::1O:1O,,,1L,1,0.03000300030003
302,3,1,1,1,1,::1O,1O,1O,,1L,1,0.03000300030003
303,3,1,1,1,1,:1O:1O,1O,1O,,1L,1,0.03000300030003
304,6,1,0,1,1,:::1O:1O:1O,1O,,,1L,1,0.03000300030003
305,5,1,1,1,1,::::1O,1O,1O,,1L,1,0.03000300030003
306,3,1,0,1,1,::,,,,1L,1,0.03000300030003
307,4,2,1,1,2,:1O:1O:1O,1O:1O,1O,,1L:1L,1,0.03000300030003
308,2,5,0,1,1,:,::::1O,,,1L,1,0.03000300030003
309,4,3,0,1,1,:::1O,1O:1O:1O,,,1L,1,0.03000300030003
310,4,3,0,1,1,:::1O,:1O:2O1S,,,1L,1,0.03000300030003
311,2,5,0,1,2,1O:1O,1O:1O:1O:1O:1O,,,1L:1L,1,0.03000300030003
312,2,5,0,1,2,1O:1O,:1O:1O:1O:1O,,,1L:1L,1,0.03000300030003
313,4,3,0,1,1,:1O:1O:1O,::,,,1L,1,0.03000300030003
314,2,5,0,1,2,1O:1O,::1O:1O:1O,,,1L:1L,1,0.03000300030003
315,4,3,0,1,0,:::1O,::,,,,1,0.03000300030003
316,2,5,0,1,2,:,1O:1O:1O:1O:2O,,,1L:1L,1,0.03000300030003
317,2,5,0,1,2,:,:1O:1O:1O:2O1S,,,1L:1L,1,0.03000300030003
318,4,3,0,1,0,:::,::1O,,,,1,0.03000300030003
319,6,2,0,1,1,:::::,1O:1O,,,1L,1,0.03000300030003
320,4,2,1,1,1,::1O:1O,:1O,1O,,1L,1,0.03000300030003
321,4,3,1,1,1,:::,::1O,1O,,1L,1,0.03000300030003
322,4,2,0,2,1,:::1O,:1O,,1S:1S:1S:1S:2S:2S:2S:3S,1L,1,0.03000300030003
323,2,6,0,1,1,:,:::1O:1O:1O,,,1L,1,0.03000300030003
324,4,2,0,2,1,:::,:1O,,:::1S:1S:2S:2S:2S,1L,1,0.03000300030003
325,4,2,0,2,1,:::,:1O,,:1S:1S:1S:1S:2S:2S:2S,1L,1,0.03000300030003
326,2,6,0,1,1,:1O,::::1O:1O,,,1L,1,0.03000300030003
327,6,2,0,1,1,::::1O:1O,1O:1O,,,1L,1,0.03000300030003
328,4,2,0,1,2,::1O:1O,1O:2O1S,,,1L:1L,1,0.03000300030003
329,6,1,0,1,1,:::::1O,1O,,,1L,1,0.03000300030003
330,4,2,0,1,2,::1O:1O,1O:2O,,,1L:1L,1,0.03000300030003
331,4,1,0,1,0,:::,1O,,,,1,0.03000300030003
332,4,2,0,1,1,:::,:1O,,,1L,1,0.03000300030003
333,4,2,0,1,1,::1O:1O,:,,,1L,1,0.03000300030003
334,3,1,2,1,2,1O:1O:1O,1O,1O:1O,,1L:1L,1,0.03000300030003
335,3,2,0,1,1,:1O:1O,1O:2O1S,,,1L,1,0.03000300030003
336,3,1,2,1,2,:1O:1O,1O,1O:1O,,1L:1L,1,0.03000300030003
337,3,5,0,1,2,::1O,1O:1O:1O:1O:1O,,,1L:1L,1,0.03000300030003
338,3,3,0,2,2,:1O:1O,1O:1O:1O,,1S:1S:1S:1S:2S:2S:2S:2S,1L:1L,1,0.03000300030003
339,5,2,0,1,1,:::1O:1O,1O:1O,,,1L,1,0.03000300030003
340,3,3,1,1,1,:1O:1O,::1O,,,1L,1,0.03000300030003
341,3,2,1,1,1,::,:1O,2O,,1L,1,0.03000300030003
342,3,3,1,1,1,::,1O:1O:1O,,,1L,1,0.03000300030003
343,3,3,1,1,1,::,:1O:1O,,,1L,1,0.03000300030003
344,3,2,1,1,1,::,:1O,,,1L,1,0.03000300030003
345,3,3,1,1,1,::,::1O,,,1L,1,0.03000300030003
346,3,2,1,1,1,::,1O:1O,1O,,1L,1,0.03000300030003
347,3,3,1,1,1,::1O,:1O:1O,1O,,1L,1,0.03000300030003
348,3,3,1,1,1,::1O,::,1O,,1L,1,0.03000300030003
349,5,1,0,1,1,::1O:1O:1O,,,,1L,1,0.03000300030003
350,3,2,1,1,1,:1O:1O,:1O,,,1L,1,0.03000300030003
351,3,2,0,2,2,:1O:1O,1O:1O,,:::1S:1S:2S:2S:2S,1L:1L,1,0.03000300030003
352,3,2,0,2,1,::1O,:1O,,::::1S:1S:1S:1S,1L,1,0.03000300030003
353,3,2,1,1,1,::1O,1O:1O,1O,,1L,1,0.03000300030003
354,5,2,0,1,0,::::1O,:,,,,1,0.03000300030003
355,3,3,0,2,1,::1O,::,,:::1S:1S:2S:2S:2S,1L,1,0.03000300030003
356,3,3,0,1,1,::1O,:1O:2O1S,,,1L,1,0.03000300030003
357,3,3,0,1,1,::1O,1O:1O:2O1S,,,1L,1,0.03000300030003
358,3,3,0,1,1,::1O,1O:2O:2O1S,,,1L,1,0.03000300030003
359,3,3,0,1,1,:1O:2O,::1O,,,1L,1,0.03000300030003
360,5,1,1,1,1,:::1O:1O,1O,,,1L,1,0.03000300030003
361,3,3,0,1,1,::1O,:1O:1O1S,,,1L,1,0.03000300030003
362,3,3,0,1,1,::1O,:1O:2O,,,1L,1,0.03000300030003
363,3,3,0,1,1,1O:1O:1O,:1O:1O,,,1L,1,0.03000300030003
364,5,1,0,1,1,::::1O,,,,1L,1,0.03000300030003
365,3,3,0,1,1,::1O,::2O,,,1L,1,0.03000300030003
366,3,3,0,1,2,1O:1O:1O,:1O:2O,,,1L:1L,1,0.03000300030003
367,3,3,0,1,0,:1O:1O,::,,,,1,0.03000300030003
368,3,2,2,1,2,:1O:1O,1O:1O,1O:2O,,1L:1L,1,0.03000300030003
369,3,3,0,2,1,::,::1O,,:::1S:1S:2S:2S:2S,1L,1,0.03000300030003
370,3,2,1,1,2,1O:1O:1O,:1O,2O,,1L:1L,1,0.03000300030003
371,3,2,0,2,1,::1O,:1O,,::1S:1S:1S:2S:2S:2S,1L,1,0.03000300030003
372,3,2,0,2,1,::1O,:1O,,1S:1S:1S:1S:2S:2S:2S:3S,1L,1,0.03000300030003
373,3,2,0,2,1,::,:1O,,:::1S:1S:2S:2S:2S,1L,1,0.03000300030003
374,3,5,0,1,0,::1O,::::,,,,1,0.03000300030003
375,5,2,1,1,1,::::1O,:1O,1O,,1L,1,0.03000300030003
376,3,4,0,2,1,::1O,::1O:2O,,1S:1S:1S:2S:2S:2S:2S:2S,1L,1,0.03000300030003
377,5,3,0,1,1,::::1O,:1O:1O,,,1L,1,0.03000300030003
378,3,4,0,2,1,::1O,:::1O,,:::1S:1S:2S:2S:2S,1L,1,0.03000300030003
379,5,1,1,1,1,::::1O,,1O,,1L,1,0.03000300030003
380,5,4,0,1,0,::::,:::,,,,1,0.03000300030003
381,3,2,0,1,1,1O:1O:1O,:1O,,,1L,1,0.03000300030003
382,3,4,0,1,2,::1O,1O:1O:1O:1O,,,1L:1L,1,0.03000300030003
383,3,2,0,1,1,1O:1O:1O,1O:1O,,,1L,1,0.03000300030003
384,3,5,0,1,1,::1O,::::1O,,,1L,1,0.03000300030003
385,3,5,0,1,2,::,:1O:1O:1O:1O,,,1L:1L,1,0.03000300030003
386,3,2,0,1,0,::,:1O,,,,1,0.03000300030003
387,4,4,0,1,1,:::,:1O:1O:1O,,,1L,1,0.03000300030003
388,6,0,0,1,1,::::1O:1O,,,,1L,1,0.03000300030003
389,3,4,0,1,2,::1O,:1O:1O:1O,,,1L:1L,1,0.03000300030003
390,5,2,1,1,1,::::1O,1O:1O,,,1L,1,0.03000300030003
391,3,2,0,2,1,::,:,,::::1S:1S:1S:1S,1L,1,0.03000300030003
392,3,4,0,1,1,::,:::1O,,,1L,1,0.03000300030003
393,3,4,0,1,1,:1O:1O,:::1O,,,1L,1,0.03000300030003
394,3,2,0,1,2,::1O,1O:2O1S,,,1L:1L,1,0.03000300030003
395,3,2,0,1,2,::1O,1O:1O,,,1L:1L,1,0.03000300030003
396,3,2,0,1,2,:1O:1O,1O:2O,,,1L:1L,1,0.03000300030003
397,3,2,0,1,2,1O:1O:1O,1O:2O1S,,,1L:1L,1,0.03000300030003
398,3,2,0,1,1,::1O,:,,,1L,1,0.03000300030003
399,3,2,0,1,1,::1O,1O:1O1S,,,1L,1,0.03000300030003
400,3,2,0,1,1,::,1O:1O1S,,,1L,1,0.03000300030003
401,5,2,0,1,1,::::1O,:1O,,,1L,1,0.03000300030003
402,3,4,0,1,1,::1O,:1O:1O:1O1S,,,1L,1,0.03000300030003
403,4,4,0,1,1,:::1O,:1O:1O:1O,,,1L,1,0.03000300030003
404,3,2,0,1,1,::,:2O,,,1L,1,0.03000300030003
405,3,4,0,1,1,::1O,:::,,,1L,1,0.03000300030003
406,3,2,0,1,1,::,1O:2O1S,,,1L,1,0.03000300030003
407,3,3,0,1,1,::,1O:1O:1O1S,,,1L,1,0.03000300030003
408,0,2,0,1,0,,:,,,,1,0.03000300030003
409,2,5,0,1,1,:,::1O:1O:2O,,,1L,1,0.03000300030003
410,1,4,1,1,1,,:::1O,,,1L,1,0.03000300030003
411,1,3,0,2,2,1O,:1O:1O,,1S:1S:1S:1S:2S:2S:2S:2S,1L:1L,1,0.03000300030003
412,1,3,0,2,2,,:1O:2O1S,,::1S:1S:2S:2S:2S:2S,1L:1L,1,0.03000300030003
413,1,3,0,2,2,,:1O:2O,,:::1S:1S:2S:2S:2S,1L:1L,1,0.03000300030003
414,1,3,0,2,1,,::1O,,1S:1S:2S:2S:2S:3S:3S:3S,1L,1,0.03000300030003
415,1,3,0,2,1,,::1O,,1S:1S:1S:1S:2S:3S:3S:3S,1L,1,0.03000300030003
416,1,3,0,2,1,,::,,:::1S:1S:2S:2S:2S,1L,1,0.03000300030003
417,1,3,0,2,1,,:1O:1O1S,,:::1S:1S:2S:2S:2S,1L,1,0.03000300030003
418,1,3,0,1,2,1O,1O:1O:2O1S,,,1L:1L,1,0.03000300030003
419,1,3,0,1,2,,:1O:2O1S,,,1L:1L,1,0.03000300030003
420,1,3,0,1,2,,1O:1O:2O,,,1L:1L,1,0.03000300030003
421,1,3,0,1,2,,1O:1O:1O,,,1L:1L,1,0.03000300030003
422,1,3,0,1,1,1O,:1O:2O,,,1L,1,0.03000300030003
423,1,3,0,1,1,,::1O1S,,,1L,1,0.03000300030003
424,1,3,0,1,1,,:1O:1O1S,,,1L,1,0.03000300030003
425,1,3,0,1,1,,1O:1O:2O,,,1L,1,0.03000300030003
426,1,3,0,1,1,,1O:1O:1O1S,,,1L,1,0.03000300030003
427,1,2,2,1,2,1O,1O:1O,1O:2O,,1L:1L,1,0.03000300030003
428,1,2,2,1,2,1O,1O:1O,1O:1O,,1L:1L,1,0.03000300030003
429,1,2,1,2,1,,:1O,,:1S:1S:1S:1S:2S:2S:2S,1L,1,0.03000300030003
430,1,2,1,1,1,1O,:1O,1O,,1L,1,0.03000300030003
431,1,2,1,1,0,,:,,,,1,0.03000300030003
432,1,2,0,2,1,,:1O,,:1S:1S:1S:1S:2S:2S:2S,1L,1,0.03000300030003
433,1,2,0,2,1,,:1O,,1S:1S:1S:1S:2S:2S:2S:2S,1L,1,0.03000300030003
434,1,3,0,2,2,1O,:1O:2O1S,,1S:1S:1S:1S:2S:3S:3S:3S,1L:1L,1,0.03000300030003
435,1,3,1,1,1,,:1O:1O1S,,,1L,1,0.03000300030003
436,1,3,1,1,1,,:1O:1O1S,1N1O,,1L,1,0.03000300030003
437,1,4,0,1,1,,::1O:2O,,,1L,1,0.03000300030003
438,1,4,0,2,2,1O,::1O:1O,,1S:1S:1S:1S:2S:2S:2S:2S,1L:1L,1,0.03000300030003
439,1,4,0,2,1,1O,:::1O,,::1S:1S:1S:2S:2S:2S,1L,1,0.03000300030003
440,1,4,0,2,1,,:::1O,,:1S:1S:1S:1S:2S:2S:2S,1L,1,0.03000300030003
441,1,4,0,2,1,,::1O:1O,,:::1S:1S:2S:2S:2S,1L,1,0.03000300030003
442,1,4,0,1,2,1O,:1O:2O:2O,,,1L:1L,1,0.03000300030003
443,1,4,0,1,2,1O,:1O:1O:2O,,,1L:1L,1,0.03000300030003
444,1,4,0,1,2,1O,1O:1O:1O:2O,,,1L:1L,1,0.03000300030003
445,1,4,0,1,2,,:1O:1O:2O1S,,,1L:1L,1,0.03000300030003
446,1,4,0,1,1,1O,::1O:1O1S,,,1L,1,0.03000300030003
447,1,4,0,1,1,,:::2O1S,,,1L,1,0.03000300030003
448,1,4,0,1,1,,:1O:1O:2O,,,1L,1,0.03000300030003
449,1,3,1,1,1,,:1O:2O,,,1L,1,0.03000300030003
450,1,4,0,1,1,,1O:1O:1O:2O1S,,,1L,1,0.03000300030003
451,1,4,0,1,0,1O,:::,,,,1,0.03000300030003
452,1,3,2,1,2,1O,::1O,1O:1O,,1L:1L,1,0.03000300030003
453,1,3,2,1,2,1O,:1O:1O,1O:2O,,1L:1L,1,0.03000300030003
454,1,3,2,1,2,1O,:1O:1O,1O:1O,,1L:1L,1,0.03000300030003
455,1,3,1,1,2,1O,:1O:2O,,,1L:1L,1,0.03000300030003
456,1,3,1,1,2,1O,:1O:1O,2O,,1L:1L,1,0.03000300030003
457,1,3,1,1,1,1O,:1O:1O,1O,,1L,1,0.03000300030003
458,1,3,1,1,1,,::2O,1O,,1L,1,0.03000300030003
459,1,3,1,1,1,,::1O,2O,,1L,1,0.03000300030003
460,1,2,0,2,1,,1O:1O,,:1S:1S:1S:1S:2S:2S:2S,1L,1,0.03000300030003
461,1,2,0,1,2,1O,1O:2O1S,,,1L:1L,1,0.03000300030003
462,1,2,0,1,2,1O,1O:2O,,,1L:1L,1,0.03000300030003
463,0,3,1,1,1,,::,,,1L,1,0.03000300030003
464,0,4,0,1,2,,1O:1O:1O:2O,,,1L:1L,1,0.03000300030003
465,0,4,0,1,2,,1O:1O:1O:1O,,,1L:1L,1,0.03000300030003
466,0,4,0,1,2,,1O:1O1S:2O:2O1S,,,1L:1L,1,0.03000300030003
467,0,4,0,1,1,,:::2O1S,,,1L,1,0.03000300030003
468,0,4,0,1,1,,::1O:2O,,,1L,1,0.03000300030003
469,0,4,0,1,1,,1O:1O:1O:1O,,,1L,1,0.03000300030003
470,0,3,1,2,1,,::1O,2O,:::1S:1S:2S:2S:2S,1L,1,0.03000300030003
471,0,3,1,2,1,,::1O,1O,:::1S:1S:2S:2S:2S,1L,1,0.03000300030003
472,0,3,1,1,2,,:1O:1O,2O,,1L:1L,1,0.03000300030003
473,0,3,1,1,2,,:1O:1O,1N2O,,1L:1L,1,0.03000300030003
474,0,3,1,1,1,,:1O:1O1S,,,1L,1,0.03000300030003
475,0,4,0,1,2,,1O:1O:2O:2O1S,,,1L:1L,1,0.03000300030003
476,0,3,1,1,0,,::,,,,1,0.03000300030003
477,0,3,0,2,1,,::1O,,::1S:1S:2S:2S:2S:2S,1L,1,0.03000300030003
478,0,3,0,2,1,,::1O,,::1S:1S:1S:2S:2S:2S,1L,1,0.03000300030003
479,0,3,0,2,1,,::1O,,:1S:1S:1S:1S:2S:2S:2S,1L,1,0.03000300030003
480,0,3,0,2,1,,::,,1S:1S:1S:1S:2S:3S:3S:3S,1L,1,0.03000300030003
481,0,3,0,1,2,,:1O:2O,,,1L:1L,1,0.03000300030003
482,0,3,0,1,2,,1O:1O:2O1S,,,1L:1L,1,0.03000300030003
483,0,3,0,1,1,,::,,,1L,1,0.03000300030003
484,0,3,0,1,1,,:1O:1O1S,,,1L,1,0.03000300030003
485,0,2,1,1,1,,:1O,1O,,1L,1,0.03000300030003
486,0,4,0,1,2,,1O:1O:1O:2O1S,,,1L:1L,1,0.03000300030003
487,0,4,0,1,2,,:1O:1O:2O1S,,,1L:1L,1,0.03000300030003
488,1,2,0,1,2,,1O:2O1S,,,1L:1L,1,0.03000300030003
489,0,5,0,2,1,,::::1O,,::1S:1S:1S:2S:2S:2S,1L,1,0.03000300030003
490,1,2,0,1,1,,:,,,1L,1,0.03000300030003
491,1,2,0,1,0,,:1O,,,,1,0.03000300030003
492,1,1,1,1,1,,,,,1L,1,0.03000300030003
493,1,1,0,1,1,1O,1O,,,1L,1,0.03000300030003
494,1,0,1,1,1,1O,,1O,,1L,1,0.03000300030003
495,0,6,1,1,2,,:1O:1O:1O:1O:1O,,,1L:1L,1,0.03000300030003
496,0,6,0,1,2,,:::1O:1O:2O1S,,,1L:1L,1,0.03000300030003
497,0,6,0,1,2,,:1O:1O:1O:1O:2O1S,,,1L:1L,1,0.03000300030003
498,0,6,0,1,2,,:1O:1O:1O:1O:2O,,,1L:1L,1,0.03000300030003
499,0,5,1,1,1,,:::1O:1O,,,1L,1,0.03000300030003
500,0,5,0,2,1,,:::1O:1O,,:::1S:1S:2S:2S:2S,1L,1,0.03000300030003
501,0,4,0,2,1,,::1O:1O,,:1S:1S:1S:1S:2S:2S:2S,1L,1,0.03000300030003
502,0,5,0,1,2,,::1O:1O:2O1S,,,1L:1L,1,0.03000300030003
503,0,5,0,1,2,,::1O:1O:1O,,,1L:1L,1,0.03000300030003
504,0,5,0,1,2,,1O:1O:1O:1O:1O1S,,,1L:1L,1,0.03000300030003
505,0,5,0,1,1,,::1O:1O:1O1S,,,1L,1,0.03000300030003
506,0,5,0,1,1,,1O:1O:1O:1O:1O,,,1L,1,0.03000300030003
507,0,4,1,1,1,,:::1O,1O,,1L,1,0.03000300030003
508,0,4,1,1,1,,:::1O,,,1L,1,0.03000300030003
509,0,4,1,1,0,,:::,,,,1,0.03000300030003
510,0,4,0,2,1,,:::1O,,::1S:1S:1S:2S:2S:2S,1L,1,0.03000300030003
511,0,4,0,2,1,,:::1O,,1S:1S:2S:2S:2S:3S:3S:3S,1L,1,0.03000300030003
512,1,4,1,1,0,,:::,,,,1,0.03000300030003
513,1,4,1,1,1,1O,::1O:1O,,,1L,1,0.03000300030003
514,2,5,0,1,1,1O:1O,:::1O:1O,,,1L,1,0.03000300030003
515,1,4,1,1,1,1O,::1O:1O,1O,,1L,1,0.03000300030003
516,2,3,0,2,1,:1O,::1O,,1S:1S:1S:1S:2S:2S:2S:3S,1L,1,0.03000300030003
517,2,3,0,2,1,:,::1O,,::1S:1S:2S:2S:2S:2S,1L,1,0.03000300030003
518,2,3,0,2,1,:,::1O,,:1S:1S:1S:1S:2S:2S:2S,1L,1,0.03000300030003
519,2,3,0,1,2,:1O,::1O,,,1L:1L,1,0.03000300030003
520,2,3,0,1,2,:1O,1O:1O:2O,,,1L:1L,1,0.03000300030003
521,2,3,0,1,2,:,1O:2O:2O1S,,,1L:1L,1,0.03000300030003
522,2,3,0,1,2,:,1O:1O:2O1S,,,1L:1L,1,0.03000300030003
523,2,3,0,1,2,1O:1O,1O:1O:2O,,,1L:1L,1,0.03000300030003
524,2,3,0,1,2,1O:1O,1O:1O:1O,,,1L:1L,1,0.03000300030003
525,2,3,0,1,1,:1O,::1O1S,,,1L,1,0.03000300030003
526,2,3,0,1,1,:1O,::,,,1L,1,0.03000300030003
527,2,3,0,1,1,:1O,:1O:1O1S,,,1L,1,0.03000300030003
528,2,3,0,1,1,:,:1O:1O1S,,,1L,1,0.03000300030003
529,2,3,0,1,1,:,1O:1O:2O1S,,,1L,1,0.03000300030003
530,2,3,0,1,1,:,1O:1O1S:1O1S,,,1L,1,0.03000300030003
531,2,3,0,1,1,1O:1O,::2O,,,1L,1,0.03000300030003
532,0,2,0,1,1,,1O:1O,,,1L,1,0.03000300030003
533,2,3,0,1,1,1O:1O,::,,,1L,1,0.03000300030003
534,2,3,0,1,0,:,::1O,,,,1,0.03000300030003
535,2,2,2,1,2,:1O,1O:1O,1O:2O1S,,1L:1L,1,0.03000300030003
536,2,2,2,1,2,:1O,1O:1O,1O:2O,,1L:1L,1,0.03000300030003
537,2,2,2,1,2,:1O,1O:1O,1O:1O,,1L:1L,1,0.03000300030003
538,2,2,2,1,2,1O:1O,:1O,1O:2O,,1L:1L,1,0.03000300030003
539,2,3,0,2,1,:1O,::1O,,2S:2S:2S:2S:2S:2S:3S:3S,1L,1,0.03000300030003
540,2,3,0,2,1,:1O,::1O,,:::1S:1S:2S:2S:2S,1L,1,0.03000300030003
541,2,3,0,2,2,1O:1O,:1O:1O,,:::1S:1S:2S:2S:2S,1L:1L,1,0.03000300030003
542,2,4,0,1,1,:1O,:::,,,1L,1,0.03000300030003
543,2,4,1,1,2,1O:1O,::1O:1O,1O,,1L:1L,1,0.03000300030003
544,2,4,1,1,1,:,:::1O,1O,,1L,1,0.03000300030003
545,2,4,1,1,1,:,::1O:1O,1O,,1L,1,0.03000300030003
546,2,4,1,1,1,:,::1O:1O,,,1L,1,0.03000300030003
547,2,4,0,2,1,:,:::1O,,:::1S:1S:2S:2S:2S,1L,1,0.03000300030003
548,2,4,0,2,1,:,::1O:1O,,1S:1S:1S:2S:2S:2S:2S:3S,1L,1,0.03000300030003
549,2,4,0,1,2,:1O,:1O:1O:2O,,,1L:1L,1,0.03000300030003
550,2,4,0,1,2,:1O,1O:1O:1O:2O1S,,,1L:1L,1,0.03000300030003
551,2,4,0,1,2,:,1O:1O:2O:2O1S,,,1L:1L,1,0.03000300030003
552,2,4,0,1,2,1O:1O,::1O:1O,,,1L:1L,1,0.03000300030003
553,2,4,0,1,1,:1O,:1O:1O:2O,,,1L,1,0.03000300030003
554,2,3,0,2,2,:1O,1O:1O:1O,,1S:1S:1S:1S:2S:2S:2S:2S,1L:1L,1,0.03000300030003
555,2,4,0,1,1,1O:1O,::1O:1O,,,1L,1,0.03000300030003
556,2,3,2,1,2,:,1O:1O:1O,1O:1O,,1L:1L,1,0.03000300030003
557,2,3,2,1,2,1O:1O,:1O:1O,1O:1O,,1L:1L,1,0.03000300030003
558,2,3,2,1,1,:,:1O:1O,:1O,,1L,1,0.03000300030003
559,2,3,1,1,2,:1O,1O:1O:1O,1O,,1L:1L,1,0.03000300030003
560,2,3,1,1,1,:1O,1O:1O:1O,,,1L,1,0.03000300030003
561,2,3,1,1,1,:,1O:1O:1O,1O,,1L,1,0.03000300030003
562,2,3,1,1,1,1O:1O,::1O,1O,,1L,1,0.03000300030003
563,2,3,1,1,1,1O:1O,::1O,,,1L,1,0.03000300030003
564,2,3,0,2,2,:1O,:1O:2O,,:::1S:1S:2S:2S:2S,1L:1L,1,0.03000300030003
565,2,2,2,1,1,:1O,:1O,:1O,,1L,1,0.03000300030003
566,2,2,2,1,1,:1O,:,:1O,,1L,1,0.03000300030003
567,2,2,1,1,1,:1O,:1O1S,,,1L,1,0.03000300030003
568,1,5,0,2,1,,::::1O,,:1S:1S:1S:2S:2S:2S:2S,1L,1,0.03000300030003
569,1,6,0,1,2,,:1O:1O:1O:1O:2O,,,1L:1L,1,0.03000300030003
570,1,6,0,1,2,,:1O:1O:1O:1O:1O,,,1L:1L,1,0.03000300030003
571,1,6,0,1,2,,1O:1O:1O:1O:1O:1O,,,1L:1L,1,0.03000300030003
572,1,6,0,1,1,1O,:::1O:1O:1O,,,1L,1,0.03000300030003
573,1,6,0,1,1,,:::::1O,,,1L,1,0.03000300030003
574,1,6,0,1,1,,::::1O:1O1S,,,1L,1,0.03000300030003
575,1,5,1,1,1,,::::1O,,,1L,1,0.03000300030003
576,1,5,1,1,1,,::1O:1O:1O,1O,,1L,1,0.03000300030003
577,1,5,1,1,1,,::1O:1O:1O,,,1L,1,0.03000300030003
578,1,5,0,2,2,,::1O:1O:2O1S,,:::1S:1S:2S:2S:2S,1L:1L,1,0.03000300030003
579,1,5,0,2,1,,:::1O:1O,,:::1S:1S:2S:2S:2S,1L,1,0.03000300030003
580,2,1,0,1,1,1O:1O,,,,1L,1,0.03000300030003
581,1,5,0,2,1,,:::1O:1O,,::1S:1S:1S:2S:2S:2S,1L,1,0.03000300030003
582,1,5,0,1,2,1O,:1O:1O:1O:2O,,,1L:1L,1,0.03000300030003
583,1,5,0,1,2,1O,:1O:1O:1O:1O,,,1L:1L,1,0.03000300030003
584,1,5,0,1,2,,::1O:1O:1O,,,1L:1L,1,0.03000300030003
585,1,5,0,1,1,1O,::::1O,,,1L,1,0.03000300030003
586,1,5,0,1,1,1O,:::1O:1O1S,,,1L,1,0.03000300030003
587,1,5,0,1,1,1O,::1O:1O:2O,,,1L,1,0.03000300030003
588,1,5,0,1,1,,::::1O,,,1L,1,0.03000300030003
589,1,5,0,1,1,,:1O:1O:1O:2O1S,,,1L,1,0.03000300030003
590,1,5,0,1,0,,::::1O,,,,1,0.03000300030003
591,1,6,0,1,2,,::1O:1O:1O:2O,,,1L:1L,1,0.03000300030003
592,2,1,0,1,1,1O:1O,1O,,,1L,1,0.03000300030003
593,2,2,1,1,1,:1O,:1O,2O,,1L,1,0.03000300030003
594,2,2,0,1,2,:1O,1O:2O,,,1L:1L,1,0.03000300030003
595,2,2,1,1,1,:1O,1O:1O,1O,,1L,1,0.03000300030003
596,2,2,1,1,1,:,:1O,,,1L,1,0.03000300030003
597,2,2,1,1,1,:,1O:2O,1O,,1L,1,0.03000300030003
598,2,2,1,1,1,1O:1O,:1O,1O,,1L,1,0.03000300030003
599,2,2,1,1,0,:,:,,,,1,0.03000300030003
600,2,2,0,2,2,:1O,1O:2O1S,,:::1S:1S:2S:2S:2S,1L:1L,1,0.03000300030003
601,2,2,0,2,2,1O:1O,1O:1O,,::1S:1S:1S:2S:2S:2S,1L:1L,1,0.03000300030003
602,2,2,0,2,2,1O:1O,1O:1O,,1S:1S:1S:1S:2S:2S:2S:2S,1L:1L,1,0.03000300030003
603,2,2,0,2,1,:1O,1O:1O,,:::1S:1S:2S:2S:2S,1L,1,0.03000300030003
604,2,2,0,2,1,:,:1O,,::1S:1S:2S:2S:2S:2S,1L,1,0.03000300030003
605,2,2,0,1,2,1O:1O,1O:2O1S,,,1L:1L,1,0.03000300030003
606,2,1,0,1,2,1O:1O,2O,,,1L:1L,1,0.03000300030003
607,2,2,0,1,1,:1O,1O:2O1S,,,1L,1,0.03000300030003
608,2,2,0,1,1,:1O,1O:1O1S,,,1L,1,0.03000300030003
609,2,2,0,1,1,:,1O:2O1S,,,1L,1,0.03000300030003
610,2,2,0,1,0,:1O,:,,,,1,0.03000300030003
611,2,1,2,1,2,:1O,1O,1O:2O,,1L:1L,1,0.03000300030003
612,2,1,1,1,2,1O:1O,1O,2O,,1L:1L,1,0.03000300030003
613,2,1,1,1,1,:1O,,,,1L,1,0.03000300030003
614,2,1,1,1,1,:,,1O,,1L,1,0.03000300030003
615,2,1,0,2,1,:,1O,,:::1S:1S:1S:1S:1S,1L,1,0.03000300030003
616,2,1,0,2,1,:,,,:::1S:1S:2S:2S:2S,1L,1,0.03000300030003
617,6,2,0,1,1,:::::1O,1O:1O,,,1L,1,0.03000300030003
