,num_dol,num_methf,num_tfsi,num_ps,num_li,atoms_dol,atoms_methf,atoms_tfsi,atoms_ps,atoms_li,count,%
0,3,2,1,1,2,1O:1O:1O,1O:1O,1O,,1L:1L,58,1.7401740174017402
1,3,2,0,1,1,:1O:1O,:1O,,,1L,51,1.53015301530153
2,2,3,0,1,2,1O:1O,1O:1O:1O,,,1L:1L,44,1.32013201320132
3,2,3,1,1,2,1O:1O,1O:1O:1O,1O,,1L:1L,43,1.29012901290129
4,2,2,1,1,2,1O:1O,1O:1O,1O,,1L:1L,42,1.26012601260126
5,4,2,0,1,1,::1O:1O,:1O,,,1L,36,1.08010801080108
6,4,1,0,1,1,::1O:1O,1O,,,1L,34,1.02010201020102
7,3,2,0,1,2,1O:1O:1O,1O:1O,,,1L:1L,32,0.96009600960096
8,2,2,1,1,2,1O:1O,1O:1O,2O,,1L:1L,32,0.96009600960096
9,4,1,1,1,2,1O:1O:1O:1O,1O,1O,,1L:1L,30,0.9000900090009001
10,5,1,0,1,1,::1O:1O:1O,,,,1L,29,0.8700870087008701
11,3,3,0,1,1,:1O:1O,::1O,,,1L,29,0.8700870087008701
12,0,4,1,1,2,,1O:1O:1O:1O,1O,,1L:1L,26,0.7800780078007801
13,4,1,0,1,1,:1O:1O:1O,,,,1L,25,0.7500750075007501
14,2,3,1,1,2,1O:1O,:1O:1O,1O,,1L:1L,25,0.7500750075007501
15,3,2,1,1,2,:1O:1O,1O:1O,1O,,1L:1L,23,0.6900690069006901
16,1,3,1,1,2,1O,1O:1O:1O,1O,,1L:1L,23,0.6900690069006901
17,4,1,0,1,2,1O:1O:1O:1O,1O,,,1L:1L,20,0.6000600060006
18,3,1,1,1,2,1O:1O:1O,1O,1O,,1L:1L,20,0.6000600060006
19,4,1,0,1,1,::1O:1O,,,,1L,20,0.6000600060006
20,3,2,0,1,1,::1O,:1O,,,1L,20,0.6000600060006
21,3,2,1,1,2,:1O:1O,1O:1O,2O,,1L:1L,20,0.6000600060006
22,6,0,0,1,1,:::1O:1O:1O,,,,1L,19,0.57005700570057
23,2,3,0,1,1,:1O,:1O:1O,,,1L,19,0.57005700570057
24,5,0,0,1,1,::1O:1O:1O,,,,1L,19,0.57005700570057
25,5,2,0,1,1,::1O:1O:1O,:,,,1L,19,0.57005700570057
26,1,4,0,1,2,1O,1O:1O:1O:1O,,,1L:1L,18,0.54005400540054
27,3,2,1,1,1,:1O:1O,:,1O,,1L,18,0.54005400540054
28,2,3,0,1,1,1O:1O,::1O,,,1L,18,0.54005400540054
29,4,2,0,1,1,:::1O,:1O,,,1L,18,0.54005400540054
30,2,3,1,1,2,1O:1O,:1O:1O,2O,,1L:1L,18,0.54005400540054
31,2,2,2,1,2,1O:1O,1O:1O,1O:1O,,1L:1L,17,0.51005100510051
32,2,3,0,1,2,1O:1O,:1O:1O,,,1L:1L,17,0.51005100510051
33,0,4,1,1,2,,1O:1O:1O:1O,2O,,1L:1L,16,0.48004800480048
34,3,3,0,1,1,::1O,:1O:1O,,,1L,16,0.48004800480048
35,4,2,0,1,1,:1O:1O:1O,:,,,1L,16,0.48004800480048
36,3,2,1,1,2,1O:1O:1O,1O:1O,2O,,1L:1L,16,0.48004800480048
37,2,4,0,1,2,1O:1O,:1O:1O:1O,,,1L:1L,15,0.45004500450045
38,3,1,0,1,1,:1O:1O,1O,,,1L,15,0.45004500450045
39,3,2,0,1,1,::1O,1O:1O,,,1L,15,0.45004500450045
40,3,3,0,1,2,1O:1O:1O,1O:1O:1O,,,1L:1L,15,0.45004500450045
41,3,2,0,1,2,:1O:1O,1O:1O,,,1L:1L,15,0.45004500450045
42,3,1,1,1,2,1O:1O:1O,1O,2O,,1L:1L,14,0.42004200420042
43,3,3,1,1,2,1O:1O:1O,:1O:1O,1O,,1L:1L,14,0.42004200420042
44,4,1,1,1,2,:1O:1O:1O,1O,1O,,1L:1L,14,0.42004200420042
45,2,3,1,1,2,:1O,1O:1O:1O,1O,,1L:1L,14,0.42004200420042
46,5,0,1,1,2,1O:1O:1O:1O:1O,,1O,,1L:1L,14,0.42004200420042
47,3,2,1,1,1,::1O,:1O,1O,,1L,14,0.42004200420042
48,5,1,0,1,2,1O:1O:1O:1O:1O,1O,,,1L:1L,14,0.42004200420042
49,0,4,2,1,2,,1O:1O:1O:1O,1O:1O,,1L:1L,14,0.42004200420042
50,3,2,1,1,2,1O:1O:1O,:1O,1O,,1L:1L,13,0.39003900390039
51,2,3,0,1,1,:1O,::1O,,,1L,13,0.39003900390039
52,3,3,1,1,2,:1O:1O,1O:1O:1O,1O,,1L:1L,13,0.39003900390039
53,4,2,1,1,2,:1O:1O:1O,1O:1O,1O,,1L:1L,13,0.39003900390039
54,4,0,1,1,2,1O:1O:1O:1O,,1O,,1L:1L,13,0.39003900390039
55,1,3,0,1,2,1O,1O:1O:1O,,,1L:1L,12,0.36003600360036
56,4,1,1,1,1,::1O:1O,,1O,,1L,12,0.36003600360036
57,3,1,1,1,1,:1O:1O,,1O,,1L,12,0.36003600360036
58,1,3,1,1,2,1O,1O:1O:1O,2O,,1L:1L,12,0.36003600360036
59,5,1,0,1,1,:::1O:1O,1O,,,1L,12,0.36003600360036
60,3,3,0,1,2,1O:1O:1O,:1O:1O,,,1L:1L,12,0.36003600360036
61,2,2,0,1,2,1O:1O,1O:1O,,,1L:1L,12,0.36003600360036
62,4,1,1,1,2,:1O:1O:1O,1O,2O,,1L:1L,12,0.36003600360036
63,2,3,1,1,1,:1O,::1O,1O,,1L,12,0.36003600360036
64,4,2,0,1,1,::1O:1O,:,,,1L,12,0.36003600360036
65,2,4,0,1,1,1O:1O,:::1O,,,1L,12,0.36003600360036
66,2,3,0,1,1,:,:1O:1O,,,1L,12,0.36003600360036
67,3,2,0,1,1,:1O:1O,:,,,1L,12,0.36003600360036
68,4,2,0,1,1,:1O:1O:1O,:1O,,,1L,11,0.33003300330033
69,1,3,1,1,2,1O,:1O:1O,2O,,1L:1L,11,0.33003300330033
70,3,3,0,1,2,:1O:1O,1O:1O:1O,,,1L:1L,11,0.33003300330033
71,2,2,1,1,2,1O:1O,1O:1O,3O1S,,1L:1L,11,0.33003300330033
72,5,1,0,1,1,:1O:1O:1O:1O,,,,1L,11,0.33003300330033
73,4,3,0,1,1,::1O:1O,::1O,,,1L,10,0.3000300030003
74,2,4,0,1,1,:1O,::1O:1O,,,1L,10,0.3000300030003
75,3,3,0,1,1,::1O,::1O,,,1L,10,0.3000300030003
76,4,2,0,1,2,1O:1O:1O:1O,1O:1O,,,1L:1L,10,0.3000300030003
77,3,1,1,1,1,::1O,1O,1O,,1L,10,0.3000300030003
78,4,1,1,1,1,:::1O,1O,1O,,1L,9,0.27002700270027
79,5,2,0,1,1,:::1O:1O,:1O,,,1L,9,0.27002700270027
80,4,1,1,1,2,1O:1O:1O:1O,1O,2O,,1L:1L,9,0.27002700270027
81,3,2,1,1,2,1O:1O:1O,:1O,2O,,1L:1L,9,0.27002700270027
82,2,2,1,1,2,:1O,1O:1O,1O,,1L:1L,9,0.27002700270027
83,5,1,0,1,1,:::1O:1O,,,,1L,9,0.27002700270027
84,2,4,0,1,2,1O:1O,1O:1O:1O:1O,,,1L:1L,9,0.27002700270027
85,5,1,1,1,2,:1O:1O:1O:1O,1O,1O,,1L:1L,9,0.27002700270027
86,4,2,0,1,1,:::1O,1O:1O,,,1L,9,0.27002700270027
87,5,1,1,1,1,:::1O:1O,,1O,,1L,8,0.24002400240024
88,1,3,1,1,2,1O,:1O:1O,1O,,1L:1L,8,0.24002400240024
89,4,1,1,1,1,:::1O,,1O,,1L,8,0.24002400240024
90,2,2,0,1,1,1O:1O,:1O,,,1L,8,0.24002400240024
91,1,4,1,1,2,,1O:1O:1O:1O,2O,,1L:1L,8,0.24002400240024
92,1,2,2,1,2,1O,1O:1O,1O:1O,,1L:1L,8,0.24002400240024
93,3,1,2,1,2,1O:1O:1O,1O,1O:1O,,1L:1L,8,0.24002400240024
94,6,1,0,1,1,:::1O:1O:1O,,,,1L,8,0.24002400240024
95,4,2,0,1,2,:1O:1O:1O,:1O,,,1L:1L,8,0.24002400240024
96,3,2,1,1,2,:1O:1O,:1O,2O,,1L:1L,8,0.24002400240024
97,3,1,0,1,2,1O:1O:1O,1O,,,1L:1L,7,0.21002100210021
98,1,3,1,1,1,,::1O,1O,,1L,7,0.21002100210021
99,4,1,0,1,1,:1O:1O:1O,1O,,,1L,7,0.21002100210021
100,1,2,1,1,2,1O,1O:1O,1O,,1L:1L,7,0.21002100210021
101,4,0,2,1,2,1O:1O:1O:1O,,1O:1O,,1L:1L,7,0.21002100210021
102,2,2,0,1,1,:,1O:1O,,,1L,7,0.21002100210021
103,0,4,1,1,2,,:1O:1O:1O,1O,,1L:1L,7,0.21002100210021
104,3,2,0,1,1,::,1O:1O,,,1L,7,0.21002100210021
105,1,4,1,1,2,1O,1O:1O:1O:1O,1O,,1L:1L,7,0.21002100210021
106,5,1,0,1,2,:1O:1O:1O:1O,1O,,,1L:1L,7,0.21002100210021
107,3,2,1,1,2,:1O:1O,:1O,1O,,1L:1L,7,0.21002100210021
108,5,0,0,1,1,:1O:1O:1O:1O,,,,1L,7,0.21002100210021
109,2,4,0,1,1,:1O,:::1O,,,1L,7,0.21002100210021
110,4,2,1,1,2,:1O:1O:1O,:1O,1O,,1L:1L,7,0.21002100210021
111,3,2,0,1,2,1O:1O:1O,:1O,,,1L:1L,7,0.21002100210021
112,4,3,0,1,1,::1O:1O,::,,,1L,6,0.18001800180018
113,6,0,1,1,2,:1O:1O:1O:1O:1O,,1O,,1L:1L,6,0.18001800180018
114,2,2,0,1,1,:1O,:1O,,,1L,6,0.18001800180018
115,3,1,1,1,2,:1O:1O,1O,1O,,1L:1L,6,0.18001800180018
116,2,2,1,1,2,1O:1O,:1O,1O,,1L:1L,6,0.18001800180018
117,2,3,1,1,2,:1O,1O:1O:1O,2O,,1L:1L,6,0.18001800180018
118,4,0,1,1,1,::1O:1O,,1O,,1L,6,0.18001800180018
119,4,2,0,1,2,:1O:1O:1O,1O:1O,,,1L:1L,6,0.18001800180018
120,2,2,1,1,2,1O:1O,:1O,2O,,1L:1L,6,0.18001800180018
121,1,3,0,1,1,,:1O:1O,,,1L,6,0.18001800180018
122,2,2,1,1,1,:1O,:1O,1O,,1L,6,0.18001800180018
123,3,4,0,1,1,::1O,::1O:1O,,,1L,6,0.18001800180018
124,2,2,1,2,2,1O:1O,1O:1O,1O,:::1S:1S:2S:2S:2S,1L:1L,6,0.18001800180018
125,4,1,0,1,1,:::1O,1O,,,1L,6,0.18001800180018
126,5,0,0,1,2,1O:1O:1O:1O:1O,,,,1L:1L,6,0.18001800180018
127,1,4,1,1,2,1O,:1O:1O:1O,1O,,1L:1L,6,0.18001800180018
128,4,3,0,1,1,:::1O,:1O:1O,,,1L,6,0.18001800180018
129,3,3,0,1,2,:1O:1O,:1O:1O,,,1L:1L,5,0.15001500150015
130,2,2,2,1,2,:1O,1O:1O,1O:1O,,1L:1L,5,0.15001500150015
131,2,4,0,1,1,:,::1O:1O,,,1L,5,0.15001500150015
132,3,1,0,1,1,::1O,,,,1L,5,0.15001500150015
133,4,1,1,1,2,1O:1O:1O:2O,1O,1O,,1L:1L,5,0.15001500150015
134,4,1,0,1,1,1O:1O:1O:1O,,,,1L,5,0.15001500150015
135,4,2,0,1,2,1O:1O:1O:1O,:1O,,,1L:1L,5,0.15001500150015
136,0,4,2,1,2,,:1O:1O:1O,1O:1O,,1L:1L,5,0.15001500150015
137,1,4,0,1,2,1O,:1O:1O:1O,,,1L:1L,5,0.15001500150015
138,2,1,1,1,2,1O:1O,1O,2O,,1L:1L,5,0.15001500150015
139,1,4,0,1,1,,::1O:1O,,,1L,5,0.15001500150015
140,2,2,0,1,1,:1O,1O:1O,,,1L,5,0.15001500150015
141,5,0,1,1,2,:1O:1O:1O:1O,,1O,,1L:1L,5,0.15001500150015
142,4,2,1,1,1,:::1O,:1O,1O,,1L,5,0.15001500150015
143,4,0,0,1,1,:1O:1O:1O,,,,1L,5,0.15001500150015
144,3,1,2,1,2,1O:1O:1O,1O,1O:2O,,1L:1L,5,0.15001500150015
145,3,2,0,2,2,1O:1O:1O,1O:1O,,:::1S:1S:2S:2S:2S,1L:1L,5,0.15001500150015
146,4,0,0,1,1,::1O:1O,,,,1L,5,0.15001500150015
147,1,3,0,1,1,1O,:1O:1O,,,1L,5,0.15001500150015
148,3,0,1,1,1,:1O:1O,,1O,,1L,5,0.15001500150015
149,3,2,0,1,1,::,:1O,,,1L,5,0.15001500150015
150,2,2,1,1,2,1O:1O,1O:1O,2O1S,,1L:1L,5,0.15001500150015
151,2,3,1,1,1,:,:1O:1O,1O,,1L,5,0.15001500150015
152,3,2,0,1,1,1O:1O:1O,:,,,1L,5,0.15001500150015
153,2,3,0,1,2,:1O,1O:1O:1O,,,1L:1L,5,0.15001500150015
154,5,0,1,1,2,1O:1O:1O:1O:2O,,1O,,1L:1L,5,0.15001500150015
155,2,3,1,1,1,:1O,::,1O,,1L,4,0.12001200120012
156,2,3,0,1,1,:,::1O,,,1L,4,0.12001200120012
157,4,3,0,1,2,:1O:1O:1O,1O:1O:1O,,,1L:1L,4,0.12001200120012
158,5,2,1,1,1,:::1O:1O,:,1O,,1L,4,0.12001200120012
159,5,1,0,1,1,::::1O,1O,,,1L,4,0.12001200120012
160,3,2,0,1,2,:1O:1O,:1O,,,1L:1L,4,0.12001200120012
161,5,0,0,1,1,:::1O:1O,,,,1L,4,0.12001200120012
162,2,2,0,2,2,1O:1O,1O:1O,,1S:1S:1S:1S:2S:2S:2S:3S,1L:1L,4,0.12001200120012
163,0,4,1,1,1,,::1O:1O,,,1L,4,0.12001200120012
164,3,2,1,1,2,1O:1O:2O,1O:1O,1O,,1L:1L,4,0.12001200120012
165,0,4,1,1,2,,:1O:1O:1O,2O,,1L:1L,4,0.12001200120012
166,0,3,2,1,2,,1O:1O:1O,1O:1O,,1L:1L,4,0.12001200120012
167,2,3,0,1,1,1O:1O,::,,,1L,4,0.12001200120012
168,3,2,0,1,1,1O:1O:1O,:1O,,,1L,4,0.12001200120012
169,3,2,2,1,2,:1O:1O,:1O,1O:1O,,1L:1L,4,0.12001200120012
170,2,2,1,1,2,1O:1O,1O:1O,1N2O,,1L:1L,4,0.12001200120012
171,2,3,0,2,2,1O:1O,:1O:1O,,:::1S:1S:2S:2S:2S,1L:1L,4,0.12001200120012
172,7,1,0,1,1,::::1O:1O:1O,,,,1L,4,0.12001200120012
173,3,0,2,1,2,1O:1O:1O,,1O:1O,,1L:1L,4,0.12001200120012
174,3,0,1,1,2,1O:1O:1O,,1O,,1L:1L,4,0.12001200120012
175,2,2,2,1,2,1O:1O,:1O,1O:1O,,1L:1L,4,0.12001200120012
176,5,0,1,1,2,:1O:1O:1O:1O,,2O,,1L:1L,4,0.12001200120012
177,5,1,0,1,2,1O:1O:1O:1O:1O,,,,1L:1L,4,0.12001200120012
178,4,1,2,1,2,:1O:1O:1O,1O,1O:1O,,1L:1L,4,0.12001200120012
179,2,4,1,1,2,1O:1O,::1O:1O,1O,,1L:1L,4,0.12001200120012
180,1,3,1,1,2,1O,1O:1O:1O,3O1S,,1L:1L,4,0.12001200120012
181,6,0,0,1,2,:1O:1O:1O:1O:1O,,,,1L:1L,4,0.12001200120012
182,2,2,0,1,2,:1O,1O:1O,,,1L:1L,4,0.12001200120012
183,4,1,1,1,1,::1O:1O,,,,1L,4,0.12001200120012
184,6,0,0,1,1,::1O:1O:1O:1O,,,,1L,4,0.12001200120012
185,2,2,0,1,1,:1O,:,,,1L,4,0.12001200120012
186,3,1,1,2,2,1O:1O:1O,1O,1O,1S:1S:1S:1S:2S:2S:2S:3S,1L:1L,4,0.12001200120012
187,2,2,1,1,2,:1O,1O:1O,2O,,1L:1L,4,0.12001200120012
188,5,1,1,1,1,::::1O,1O,1O,,1L,4,0.12001200120012
189,4,2,1,1,2,1O:1O:1O:1O,:1O,1O,,1L:1L,4,0.12001200120012
190,3,1,1,1,2,1O:1O:1O,,1O,,1L:1L,4,0.12001200120012
191,5,0,1,1,1,::1O:1O:1O,,,,1L,4,0.12001200120012
192,3,3,1,1,2,:1O:1O,:1O:1O,1O,,1L:1L,4,0.12001200120012
193,2,3,1,1,2,:1O,:1O:1O,1O,,1L:1L,4,0.12001200120012
194,5,2,0,1,1,::::1O,1O:1O,,,1L,4,0.12001200120012
195,6,1,0,1,1,::::1O:1O,,,,1L,4,0.12001200120012
196,0,5,1,1,2,,:1O:1O:1O:1O,2O,,1L:1L,4,0.12001200120012
197,3,1,2,1,2,1O:1O:1O,,1O:2O,,1L:1L,4,0.12001200120012
198,2,3,1,1,2,1O:1O,1O:1O:1O,,,1L:1L,4,0.12001200120012
199,2,3,2,1,2,1O:1O,:1O:1O,1O:1O,,1L:1L,4,0.12001200120012
200,3,1,0,2,2,1O:1O:1O,1O,,1S:1S:1S:2S:3S:3S:3S:3S,1L:1L,4,0.12001200120012
201,4,0,0,1,2,1O:1O:1O:1O,,,,1L:1L,4,0.12001200120012
202,5,0,0,1,2,:1O:1O:1O:1O,,,,1L:1L,4,0.12001200120012
203,2,4,1,1,2,:1O,:1O:1O:1O,1O,,1L:1L,4,0.12001200120012
204,2,3,1,1,2,1O:1O,1O:1O:1O,2O,,1L:1L,4,0.12001200120012
205,0,5,1,1,2,,:1O:1O:1O:1O,1O,,1L:1L,4,0.12001200120012
206,1,4,0,1,1,1O,::1O:1O,,,1L,4,0.12001200120012
207,4,2,1,1,1,:::1O,:,1O,,1L,4,0.12001200120012
208,1,2,1,1,2,1O,1O:1O,2O,,1L:1L,4,0.12001200120012
209,2,1,1,1,2,1O:1O,1O,1O,,1L:1L,3,0.09000900090009
210,2,4,1,1,1,:1O,:::1O,1O,,1L,3,0.09000900090009
211,2,4,0,1,2,1O:1O,::1O:1O,,,1L:1L,3,0.09000900090009
212,1,4,1,1,1,,::1O:1O,,,1L,3,0.09000900090009
213,4,1,1,1,2,1O:1O:1O:1O,,1O,,1L:1L,3,0.09000900090009
214,2,3,2,1,2,1O:1O,::1O,1O:1O,,1L:1L,3,0.09000900090009
215,2,1,2,1,2,1O:1O,1O,1O:2O,,1L:1L,3,0.09000900090009
216,2,2,0,2,2,:1O,1O:1O,,:::1S:1S:2S:2S:2S,1L:1L,3,0.09000900090009
217,2,2,1,1,1,1O:1O,:,1O,,1L,3,0.09000900090009
218,4,2,1,1,1,::1O:1O,:,1O,,1L,3,0.09000900090009
219,2,3,1,1,1,:,::1O,1O,,1L,3,0.09000900090009
220,2,3,0,2,2,1O:1O,1O:1O:1O,,1S:1S:1S:1S:2S:2S:2S:3S,1L:1L,3,0.09000900090009
221,2,2,1,1,2,1O:1O,:1O,3O1S,,1L:1L,3,0.09000900090009
222,2,2,1,1,2,1O:2O,1O:1O,1O,,1L:1L,3,0.09000900090009
223,2,2,1,1,2,1O:2O,1O:1O,2O,,1L:1L,3,0.09000900090009
224,2,3,0,1,1,:1O,::,,,1L,3,0.09000900090009
225,4,2,0,1,1,:::1O,:,,,1L,3,0.09000900090009
226,2,2,2,1,2,:1O,1O:1O,1O:2O,,1L:1L,3,0.09000900090009
227,2,4,1,1,2,1O:1O,:1O:1O:1O,1O,,1L:1L,3,0.09000900090009
228,2,2,2,1,2,1O:1O,1O:1O,1O:2O,,1L:1L,3,0.09000900090009
229,5,1,1,1,2,:1O:1O:1O:1O,1O,2O,,1L:1L,3,0.09000900090009
230,0,4,1,1,2,,1O:1O:1O:1O,2O1S,,1L:1L,3,0.09000900090009
231,0,4,1,1,2,,1O:1O:1O:1O,3O1S,,1L:1L,3,0.09000900090009
232,0,4,2,1,2,,1O:1O:1O:1O,:1O,,1L:1L,3,0.09000900090009
233,0,4,2,1,2,,:1O:1O:1O,1O:2O,,1L:1L,3,0.09000900090009
234,3,1,1,1,1,::1O,,1O,,1L,3,0.09000900090009
235,4,0,2,1,2,1O:1O:1O:1O,,1O:2O,,1L:1L,3,0.09000900090009
236,1,3,2,1,2,1O,1O:1O:1O,1O:1O,,1L:1L,3,0.09000900090009
237,0,5,1,1,2,,:1O:1O:1O:1O,2O1S,,1L:1L,3,0.09000900090009
238,1,3,1,2,2,1O,:1O:1O,1O,1S:1S:1S:1S:2S:2S:2S:2S,1L:1L,3,0.09000900090009
239,1,3,1,2,2,1O,1O:1O:1O,1O,:::1S:1S:2S:2S:2S,1L:1L,3,0.09000900090009
240,3,1,1,1,2,1O:1O:2O,,1O,,1L:1L,3,0.09000900090009
241,3,1,1,1,2,:1O:1O,1O,2O,,1L:1L,3,0.09000900090009
242,4,0,1,1,2,:1O:1O:1O,,1O,,1L:1L,3,0.09000900090009
243,6,1,0,1,1,::::1O:1O,1O,,,1L,3,0.09000900090009
244,4,0,1,1,2,1O:1O:1O:2O,,1O,,1L:1L,3,0.09000900090009
245,4,0,1,1,2,1O:1O:1O:1O,,2O,,1L:1L,3,0.09000900090009
246,1,3,1,1,2,1O,1O:1O:1O,2O1S,,1L:1L,3,0.09000900090009
247,1,3,1,1,2,1O,1O:1O:1O,1N2O1S,,1L:1L,3,0.09000900090009
248,6,0,1,1,2,:1O:1O:1O:1O:1O,,2O,,1L:1L,3,0.09000900090009
249,3,3,1,1,1,::1O,::1O,1O,,1L,3,0.09000900090009
250,1,3,1,1,2,,1O:1O:1O,2O1S,,1L:1L,3,0.09000900090009
251,1,2,0,1,2,1O,1O:1O,,,1L:1L,3,0.09000900090009
252,1,3,1,1,1,1O,::1O,1O,,1L,3,0.09000900090009
253,5,0,1,1,1,:::1O:1O,,1O,,1L,3,0.09000900090009
254,3,2,0,2,2,1O:1O:1O,:1O,,:::1S:1S:2S:2S:2S,1L:1L,3,0.09000900090009
255,3,4,0,1,2,:1O:1O,:1O:1O:1O,,,1L:1L,3,0.09000900090009
256,6,0,1,1,1,:::1O:1O:1O,,,,1L,3,0.09000900090009
257,3,4,0,1,1,::1O,:::1O,,,1L,3,0.09000900090009
258,1,2,2,1,2,1O,1O:1O,1O:2O,,1L:1L,3,0.09000900090009
259,5,2,0,1,2,:1O:1O:1O:1O,1O:1O,,,1L:1L,3,0.09000900090009
260,4,0,2,1,2,:1O:1O:1O,,1O:2O,,1L:1L,3,0.09000900090009
261,6,1,0,1,2,:1O:1O:1O:1O:1O,1O,,,1L:1L,3,0.09000900090009
262,1,4,0,1,2,,1O:1O:1O:1O,,,1L:1L,3,0.09000900090009
263,3,2,1,1,2,:1O:1O,1O:1O,2O1S,,1L:1L,3,0.09000900090009
264,3,2,2,1,2,:1O:1O,1O:1O,1O:1O,,1L:1L,3,0.09000900090009
265,4,1,1,1,1,:1O:1O:1O,,1O,,1L,3,0.09000900090009
266,3,3,0,1,1,1O:1O:1O,::,,,1L,3,0.09000900090009
267,5,1,0,1,2,1O:1O:1O:1O:2O,1O,,,1L:1L,3,0.09000900090009
268,1,5,0,1,2,1O,:1O:1O:1O:1O,,,1L:1L,3,0.09000900090009
269,5,0,2,1,2,1O:1O:1O:1O:1O,,1O:1O,,1L:1L,3,0.09000900090009
270,5,0,2,1,2,:1O:1O:1O:1O,,1O:1O,,1L:1L,3,0.09000900090009
271,3,1,0,1,1,1O:1O:1O,,,,1L,3,0.09000900090009
272,0,3,1,1,2,,1O:1O:1O,2O,,1L:1L,3,0.09000900090009
273,3,1,0,1,1,:1O:1O,,,,1L,3,0.09000900090009
274,1,5,0,1,1,,:::1O:1O,,,1L,3,0.09000900090009
275,5,1,0,1,1,::1O:1O:1O,1O,,,1L,3,0.09000900090009
276,4,1,0,1,2,1O:1O:1O:2O,1O,,,1L:1L,3,0.09000900090009
277,3,3,0,1,1,::,:1O:1O,,,1L,3,0.09000900090009
278,1,4,1,1,2,,1O:1O:1O:1O,1O,,1L:1L,3,0.09000900090009
279,4,1,0,1,2,1O:1O:1O:1O,,,,1L:1L,3,0.09000900090009
280,2,1,1,1,1,:1O,1O,1O,,1L,3,0.09000900090009
281,3,1,0,1,1,::1O,1O,,,1L,3,0.09000900090009
282,4,1,0,1,2,1O:1O:1O:2O,,,,1L:1L,3,0.09000900090009
283,3,2,2,1,2,1O:1O:1O,:1O,1O:1O,,1L:1L,2,0.06000600060006
284,3,3,1,1,2,:1O:1O,1O:1O:1O,,,1L:1L,2,0.06000600060006
285,3,2,0,2,2,1O:1O:1O,1O:1O,,::1S:1S:1S:2S:2S:2S,1L:1L,2,0.06000600060006
286,2,3,0,1,2,:1O,:1O:1O,,,1L:1L,2,0.06000600060006
287,3,2,0,2,2,1O:1O:1O,1O:1O,,1S:1S:1S:1S:2S:2S:2S:3S,1L:1L,2,0.06000600060006
288,2,3,0,2,2,1O:1O,1O:1O:1O,,1S:1S:1S:1S:2S:2S:2S:2S,1L:1L,2,0.06000600060006
289,4,1,1,2,2,::1O:1O,1O,1O,1S:1S:1S:1S:2S:2S:2S:2S,1L:1L,2,0.06000600060006
290,3,3,1,1,2,::1O,1O:1O:1O,2O,,1L:1L,2,0.06000600060006
291,3,3,1,1,2,::1O,1O:1O:1O,1O,,1L:1L,2,0.06000600060006
292,2,2,2,1,2,1O:1O,:1O,1O:2O,,1L:1L,2,0.06000600060006
293,3,2,1,2,2,:1O:1O,:1O,1O,1S:1S:1S:1S:2S:2S:2S:2S,1L:1L,2,0.06000600060006
294,3,2,0,2,2,:1O:1O,1O:1O,,:::1S:1S:2S:2S:2S,1L:1L,2,0.06000600060006
295,3,3,1,1,2,1O:1O:1O,::1O,1O,,1L:1L,2,0.06000600060006
296,3,2,2,1,2,1O:1O:1O,:1O,:1O,,1L:1L,2,0.06000600060006
297,3,3,1,1,2,1O:1O:1O,:1O:1O,2O,,1L:1L,2,0.06000600060006
298,4,1,2,1,2,1O:1O:1O:1O,,1O:1O,,1L:1L,2,0.06000600060006
299,3,2,2,1,2,::1O,1O:1O,1O:1O,,1L:1L,2,0.06000600060006
300,3,2,1,1,2,::1O,1O:1O,2O,,1L:1L,2,0.06000600060006
301,3,3,0,1,1,:1O:1O,:1O:1O,,,1L,2,0.06000600060006
302,3,3,1,1,1,:1O:1O,::,1O,,1L,2,0.06000600060006
303,3,2,1,1,1,:1O:1O,:,,,1L,2,0.06000600060006
304,3,2,1,1,1,:1O:1O,:,2O,,1L,2,0.06000600060006
305,3,2,1,1,1,::1O,:1O,,,1L,2,0.06000600060006
306,4,1,1,2,2,:1O:1O:1O,1O,1O,2S:2S:2S:3S:3S:4S:4S:4S,1L:1L,2,0.06000600060006
307,3,2,1,1,2,1O:1O:1O,:1O,3O1S,,1L:1L,2,0.06000600060006
308,3,2,0,2,1,:1O:1O,:,,1S:1S:1S:2S:3S:3S:3S:3S,1L,2,0.06000600060006
309,4,1,1,1,1,::1O:1O,1O,,,1L,2,0.06000600060006
310,3,2,0,1,1,::1O,:,,,1L,2,0.06000600060006
311,2,3,0,2,2,1O:1O,:1O:1O,,2S:2S:2S:2S:2S:2S:3S:3S,1L:1L,2,0.06000600060006
312,3,1,1,1,2,1O:1O:1O,,2O1S,,1L:1L,2,0.06000600060006
313,2,3,1,1,2,:1O,:1O:1O,2O,,1L:1L,2,0.06000600060006
314,4,1,1,1,2,1O:1O:1O:1O,1O,2O1S,,1L:1L,2,0.06000600060006
315,4,0,2,1,2,:1O:1O:1O,,1O:1O,,1L:1L,2,0.06000600060006
316,3,1,1,1,1,1O:1O:1O,,,,1L,2,0.06000600060006
317,2,3,2,1,2,1O:1O,:1O:1O,:1O,,1L:1L,2,0.06000600060006
318,2,3,2,1,2,:1O,1O:1O:1O,1O:1O,,1L:1L,2,0.06000600060006
319,2,4,0,1,1,:,:1O:1O:1O,,,1L,2,0.06000600060006
320,4,1,0,1,2,:1O:1O:1O,1O,,,1L:1L,2,0.06000600060006
321,3,0,1,1,1,::1O,,1O,,1L,2,0.06000600060006
322,4,1,0,2,2,:1O:1O:1O,1O,,1S:1S:1S:1S:2S:2S:2S:2S,1L:1L,2,0.06000600060006
323,2,5,0,1,1,:1O,::::1O,,,1L,2,0.06000600060006
324,2,4,0,1,2,:1O,1O:1O:1O:1O,,,1L:1L,2,0.06000600060006
325,2,5,0,1,1,:,:::1O:1O,,,1L,2,0.06000600060006
326,4,1,1,1,1,:1O:1O:1O,,,,1L,2,0.06000600060006
327,2,5,0,1,1,1O:1O,::::1O,,,1L,2,0.06000600060006
328,2,4,0,2,2,1O:1O,::1O:1O,,:::1S:1S:2S:2S:2S,1L:1L,2,0.06000600060006
329,4,1,1,1,1,::1O:1O,1O,1O,,1L,2,0.06000600060006
330,2,4,1,1,2,:1O,1O:1O:1O:1O,1O,,1L:1L,2,0.06000600060006
331,3,1,1,1,2,1O:1O:1O,1O,1N2O,,1L:1L,2,0.06000600060006
332,3,1,1,1,2,1O:1O:1O,1O,3O,,1L:1L,2,0.06000600060006
333,4,0,1,1,2,:1O:1O:1O,,2O,,1L:1L,2,0.06000600060006
334,3,1,2,1,2,:1O:1O,,1O:2O,,1L:1L,2,0.06000600060006
335,4,1,1,2,2,:1O:1O:1O,1O,1O,1S:1S:1S:2S:3S:3S:3S:3S,1L:1L,2,0.06000600060006
336,3,2,0,1,1,:1O:1O,1O:1O,,,1L,2,0.06000600060006
337,2,3,0,2,2,1O:1O,::1O,,:::1S:1S:2S:2S:2S,1L:1L,2,0.06000600060006
338,2,3,0,2,2,:1O,1O:1O:1O,,1S:1S:1S:1S:2S:2S:2S:2S,1L:1L,2,0.06000600060006
339,2,3,1,1,1,1O:1O,::,,,1L,2,0.06000600060006
340,3,4,0,1,1,:1O:1O,:::1O,,,1L,2,0.06000600060006
341,3,1,2,1,2,:1O:1O,1O,1O:2O,,1L:1L,2,0.06000600060006
342,2,3,1,1,1,:1O,::1O,,,1L,2,0.06000600060006
343,3,1,2,1,2,1O:1O:1O,,1O:1O,,1L:1L,2,0.06000600060006
344,2,3,1,1,2,1O:2O,1O:1O:1O,1O,,1L:1L,2,0.06000600060006
345,3,1,1,2,2,:1O:1O,1O,2O,1S:1S:1S:2S:3S:3S:3S:3S,1L:1L,2,0.06000600060006
346,4,0,1,1,1,:1O:1O:1O,,,,1L,2,0.06000600060006
347,4,0,1,1,1,::1O:1O,,,,1L,2,0.06000600060006
348,4,0,1,1,1,:::1O,,1O,,1L,2,0.06000600060006
349,4,0,1,1,1,:::1O,,2O,,1L,2,0.06000600060006
350,2,3,1,1,2,1O:1O,:1O:1O,2O1S,,1L:1L,2,0.06000600060006
351,3,1,1,2,2,1O:1O:1O,1O,1O,1S:1S:1S:2S:3S:3S:3S:3S,1L:1L,2,0.06000600060006
352,2,3,1,1,2,1O:1O,::1O,2O,,1L:1L,2,0.06000600060006
353,2,2,1,1,2,:1O,:1O,1O,,1L:1L,2,0.06000600060006
354,3,2,2,1,1,::1O,:,:1O,,1L,2,0.06000600060006
355,5,1,1,1,2,1O:1O:1O:1O:1O,1O,1O,,1L:1L,2,0.06000600060006
356,2,1,1,2,2,1O:1O,1O,1O,1S:1S:1S:2S:2S:2S:3S:3S,1L:1L,2,0.06000600060006
357,2,1,1,2,2,1O:1O,1O,2O,1S:1S:1S:2S:2S:3S:3S:3S,1L:1L,2,0.06000600060006
358,2,1,1,2,2,1O:1O,1O,2O,1S:1S:1S:2S:3S:3S:3S:3S,1L:1L,2,0.06000600060006
359,2,1,1,2,2,1O:1O,1O,2O,2S:2S:2S:2S:2S:2S:2S:2S,1L:1L,2,0.06000600060006
360,1,4,1,1,2,,1O:1O:1O:1O,3O1S,,1L:1L,2,0.06000600060006
361,5,2,0,1,1,:::1O:1O,:,,,1L,2,0.06000600060006
362,1,4,1,1,1,1O,:::1O,1O,,1L,2,0.06000600060006
363,5,2,0,1,1,::1O:1O:1O,:1O,,,1L,2,0.06000600060006
364,4,3,1,1,1,:::1O,::1O,1O,,1L,2,0.06000600060006
365,1,4,1,1,1,,:::1O,2O,,1L,2,0.06000600060006
366,1,4,1,1,1,,::1O:1O,1O,,1L,2,0.06000600060006
367,1,2,2,1,2,1O,1O:1O,:1O,,1L:1L,2,0.06000600060006
368,4,3,0,1,1,:::,1O:1O:1O,,,1L,2,0.06000600060006
369,5,1,0,1,2,:1O:1O:1O:1O,,,,1L:1L,2,0.06000600060006
370,2,1,2,1,2,1O:1O,1O,:1O,,1L:1L,2,0.06000600060006
371,4,3,0,1,1,:1O:1O:1O,::,,,1L,2,0.06000600060006
372,4,2,1,1,2,::1O:1O,1O:1O,2O,,1L:1L,2,0.06000600060006
373,4,2,1,1,2,::1O:1O,1O:1O,1O,,1L:1L,2,0.06000600060006
374,1,4,0,1,1,,:1O:1O:1O,,,1L,2,0.06000600060006
375,0,5,1,1,2,,:1O:1O:1O:1O,1N2O,,1L:1L,2,0.06000600060006
376,2,2,0,2,2,1O:1O,1O:1O,,:::1S:1S:2S:2S:2S,1L:1L,2,0.06000600060006
377,1,3,0,1,1,,::1O,,,1L,2,0.06000600060006
378,5,0,0,1,1,::1O:1O:2O,,,,1L,2,0.06000600060006
379,1,4,1,1,2,,:1O:1O:1O,2O,,1L:1L,2,0.06000600060006
380,4,2,1,1,2,1O:1O:1O:1O,:,1O,,1L:1L,2,0.06000600060006
381,6,0,1,1,2,1O:1O:1O:1O:1O:1O,,1O,,1L:1L,2,0.06000600060006
382,5,3,0,1,1,:::1O:1O,::1O,,,1L,2,0.06000600060006
383,1,5,0,1,1,1O,:::1O:1O,,,1L,2,0.06000600060006
384,2,1,0,1,1,:,1O,,,1L,2,0.06000600060006
385,2,1,0,1,1,:1O,,,,1L,2,0.06000600060006
386,1,4,1,2,2,1O,:1O:1O:1O,1O,1S:1S:1S:1S:2S:2S:2S:2S,1L:1L,2,0.06000600060006
387,5,0,1,1,2,1O:1O:1O:1O:2O,,2O,,1L:1L,2,0.06000600060006
388,1,4,1,1,2,1O,::1O:1O,1O,,1L:1L,2,0.06000600060006
389,1,2,1,1,2,,1O:1O,2O,,1L:1L,2,0.06000600060006
390,1,4,1,1,2,1O,:1O:1O:1O,2O,,1L:1L,2,0.06000600060006
391,1,2,1,1,1,1O,:,1O,,1L,2,0.06000600060006
392,2,1,1,1,1,1O:1O,,1O,,1L,2,0.06000600060006
393,6,0,0,1,1,::::1O:1O,,,,1L,2,0.06000600060006
394,5,0,1,1,1,::::1O,,1O,,1L,2,0.06000600060006
395,1,2,0,2,2,1O,1O:1O,,1S:1S:1S:1S:2S:2S:2S:2S,1L:1L,2,0.06000600060006
396,5,0,1,1,1,:::1O:1O,,,,1L,2,0.06000600060006
397,6,0,1,1,1,:::1O:1O:1O,,1O,,1L,2,0.06000600060006
398,1,2,2,1,2,1O,1O:1O,1N1O:1O,,1L:1L,2,0.06000600060006
399,5,0,1,1,1,::1O:1O:1O,,1O,,1L,2,0.06000600060006
400,5,0,0,2,2,1O:1O:1O:1O:1O,,,1S:1S:1S:1S:2S:2S:2S:2S,1L:1L,2,0.06000600060006
401,5,1,1,1,2,1O:1O:1O:1O:1O,,1O,,1L:1L,2,0.06000600060006
402,6,0,1,1,1,::::1O:1O,,1O,,1L,2,0.06000600060006
403,1,3,0,1,1,1O,::1O,,,1L,2,0.06000600060006
404,2,2,0,2,2,1O:1O,1O:1O,,1S:1S:1S:1S:2S:2S:2S:2S,1L:1L,2,0.06000600060006
405,1,3,2,1,2,1O,:1O:1O,1O:1O,,1L:1L,2,0.06000600060006
406,1,3,1,1,2,2O,:1O:1O,1O,,1L:1L,2,0.06000600060006
407,2,2,1,1,1,:1O,:1O,2O,,1L,2,0.06000600060006
408,6,2,0,1,1,::::1O:1O,:1O,,,1L,2,0.06000600060006
409,2,2,1,1,2,1O:1O,1O:1O,1N2O1S,,1L:1L,2,0.06000600060006
410,0,4,2,1,2,,:1O:1O:1O,:1O,,1L:1L,2,0.06000600060006
411,2,2,1,1,2,1O:1O,1O:1O,3O,,1L:1L,2,0.06000600060006
412,7,0,0,1,1,::::1O:1O:1O,,,,1L,2,0.06000600060006
413,0,3,1,1,2,,1O:1O:1O,1O,,1L:1L,2,0.06000600060006
414,0,3,1,1,2,,1O:1O:1O,1N3O1S,,1L:1L,2,0.06000600060006
415,4,2,0,1,2,1O:1O:1O:2O,1O:1O,,,1L:1L,2,0.06000600060006
416,0,3,1,1,2,,1O:1O:1O,1N2O2S,,1L:1L,2,0.06000600060006
417,2,2,1,2,2,1O:1O,1O:1O,1O,1S:1S:1S:1S:2S:2S:2S:3S,1L:1L,2,0.06000600060006
418,6,2,0,1,1,:::1O:1O:1O,:,,,1L,2,0.06000600060006
419,1,3,1,1,2,,1O:1O:1O,1O,,1L:1L,2,0.06000600060006
420,2,2,1,2,2,1O:1O,:1O,1O,1S:1S:1S:2S:2S:3S:3S:3S,1L:1L,2,0.06000600060006
421,2,2,1,2,2,:1O,1O:1O,1O,1S:1S:1S:1S:1S:2S:2S:2S,1L:1L,2,0.06000600060006
422,5,1,1,1,1,:::1O:1O,1O,,,1L,2,0.06000600060006
423,4,2,0,1,1,::1O:1O,1O:1O,,,1L,2,0.06000600060006
424,0,3,1,1,1,,::1O,1O,,1L,2,0.06000600060006
425,5,1,1,1,2,:1O:1O:1O:1O,,2O,,1L:1L,2,0.06000600060006
426,0,3,0,1,2,,1O:1O:1O,,,1L:1L,2,0.06000600060006
427,5,1,1,1,1,::::1O,,1O,,1L,2,0.06000600060006
428,1,3,1,1,2,,:1O:1O,2O1S,,1L:1L,2,0.06000600060006
429,2,2,1,1,1,:1O,:1O,,,1L,2,0.06000600060006
430,7,0,0,1,1,::1O:1O:1O:1O:1O,,,,1L,2,0.06000600060006
431,5,3,0,1,1,:::1O:1O,::,,,1L,2,0.06000600060006
432,0,4,1,1,2,,1O:1O:1O:1O,1N2O1S,,1L:1L,2,0.06000600060006
433,5,1,1,1,2,::1O:1O:1O,1O,2O,,1L:1L,2,0.06000600060006
434,2,2,1,1,1,1O:1O,:1O,,,1L,2,0.06000600060006
435,0,4,1,1,2,,:1O:1O:1O,3O,,1L:1L,2,0.06000600060006
436,5,1,1,1,2,::1O:1O:1O,1O,1O,,1L:1L,2,0.06000600060006
437,1,3,2,1,2,1O,1O:1O:1O,:2O,,1L:1L,2,0.06000600060006
438,5,1,1,1,1,::1O:1O:1O,,,,1L,2,0.06000600060006
439,1,3,1,2,2,1O,:1O:1O,2O,1S:1S:1S:1S:2S:2S:2S:2S,1L:1L,2,0.06000600060006
440,0,4,0,1,1,,:::1O,,,1L,2,0.06000600060006
441,1,3,1,1,1,,:1O:1O,,,1L,2,0.06000600060006
442,5,1,1,1,2,:1O:1O:1O:1O,,1O,,1L:1L,1,0.03000300030003
443,5,2,1,1,1,::1O:1O:1O,:,1O,,1L,1,0.03000300030003
444,5,1,1,2,2,::1O:1O:1O,,1O,2S:2S:2S:3S:3S:4S:4S:4S,1L:1L,1,0.03000300030003
445,5,2,0,1,2,:1O:1O:1O:1O,:1O,,,1L:1L,1,0.03000300030003
446,5,2,1,1,2,:1O:1O:1O:1O,:1O,1O,,1L:1L,1,0.03000300030003
447,4,0,1,1,1,::1O:1O,,2O1S,,1L,1,0.03000300030003
448,5,2,0,1,1,::::1O,:,,,1L,1,0.03000300030003
449,5,2,1,1,2,1O:1O:1O:1O:1O,:,1O,,1L:1L,1,0.03000300030003
450,4,0,1,1,1,::1O:1O,,2O,,1L,1,0.03000300030003
451,5,1,1,2,2,::1O:1O:1O,1O,1O,1S:1S:1S:1S:2S:2S:2S:2S,1L:1L,1,0.03000300030003
452,3,4,0,1,2,1O:1O:1O,:1O:1O:1O,,,1L:1L,1,0.03000300030003
453,5,2,1,1,2,:1O:1O:1O:1O,:,1O,,1L:1L,1,0.03000300030003
454,5,2,0,1,2,1O:1O:1O:1O:1O,:1O,,,1L:1L,1,0.03000300030003
455,5,2,0,1,1,:1O:1O:1O:2O,:,,,1L,1,0.03000300030003
456,3,3,1,2,2,:1O:1O,:1O:1O,1O,:::1S:1S:2S:2S:2S,1L:1L,1,0.03000300030003
457,4,0,0,2,1,:1O:1O:1O,,,1S:1S:1S:1S:2S:2S:2S:3S,1L,1,0.03000300030003
458,5,1,2,1,2,:1O:1O:1O:1O,,1O:1O,,1L:1L,1,0.03000300030003
459,5,1,2,1,2,:1O:1O:1O:1O,1O,1O:1O,,1L:1L,1,0.03000300030003
460,5,1,2,1,2,::1O:1O:1O,1O,1O:1O,,1L:1L,1,0.03000300030003
461,5,1,1,1,2,::1O:1O:1O,,1O,,1L:1L,1,0.03000300030003
462,5,1,1,1,2,:1O:1O:1O:1O,1O,2O1S,,1L:1L,1,0.03000300030003
463,4,0,0,2,2,1O:1O:1O:1O,,,1S:2S:2S:2S:2S:2S:2S:3S,1L:1L,1,0.03000300030003
464,5,2,0,1,1,:1O:1O:1O:1O,:,,,1L,1,0.03000300030003
465,3,4,0,1,1,:1O:1O,:::,,,1L,1,0.03000300030003
466,5,1,1,1,2,:1O:1O:1O:2O,,1O,,1L:1L,1,0.03000300030003
467,4,0,0,2,1,::1O:1O,,,1S:1S:1S:2S:2S:2S:2S:3S,1L,1,0.03000300030003
468,4,0,0,1,1,:::1O,,,,1L,1,0.03000300030003
469,3,3,1,2,2,:1O:1O,::1O,1O,:::1S:1S:2S:2S:2S,1L:1L,1,0.03000300030003
470,4,0,0,1,2,1O:1O:1O:2O,,,,1L:1L,1,0.03000300030003
471,5,1,2,1,2,1O:1O:1O:1O:1O,,1O:1O,,1L:1L,1,0.03000300030003
472,4,1,2,1,2,:1O:1O:1O,,2O:2O,,1L:1L,1,0.03000300030003
473,5,3,0,1,1,::1O:1O:1O,::,,,1L,1,0.03000300030003
474,6,1,0,1,2,1O:1O:1O:1O:1O:1O,1O,,,1L:1L,1,0.03000300030003
475,6,1,0,1,2,::1O:1O:1O:1O,,,,1L:1L,1,0.03000300030003
476,3,3,0,1,2,1O:1O:2O,:1O:1O,,,1L:1L,1,0.03000300030003
477,3,3,0,1,2,1O:1O:1O,::1O,,,1L:1L,1,0.03000300030003
478,6,1,0,1,2,::1O:1O:1O:1O,1O,,,1L:1L,1,0.03000300030003
479,6,1,0,2,1,::::1O:1O,,,1S:1S:1S:2S:3S:3S:3S:3S,1L,1,0.03000300030003
480,3,3,0,1,1,::2O,:1O:1O,,,1L,1,0.03000300030003
481,6,1,1,1,1,:::1O:1O:1O,,1O,,1L,1,0.03000300030003
482,3,3,0,1,1,::1O,::,,,1L,1,0.03000300030003
483,6,1,1,1,1,::::1O:1O,,,,1L,1,0.03000300030003
484,6,1,1,1,1,:::::1O,1O,1O,,1L,1,0.03000300030003
485,6,1,1,1,2,1O:1O:1O:1O:1O:1O,,1O,,1L:1L,1,0.03000300030003
486,3,3,0,1,1,::,::1O,,,1L,1,0.03000300030003
487,6,1,1,1,2,:1O:1O:1O:1O:1O,,2O,,1L:1L,1,0.03000300030003
488,6,1,1,1,2,::1O:1O:1O:1O,1O,1O,,1L:1L,1,0.03000300030003
489,3,3,0,1,1,:1O:1O,::,,,1L,1,0.03000300030003
490,7,0,0,1,1,:::1O:1O:1O:1O,,,,1L,1,0.03000300030003
491,3,3,0,1,1,1O:1O:2O,::,,,1L,1,0.03000300030003
492,3,3,0,1,1,1O:1O:1O,::1O,,,1L,1,0.03000300030003
493,3,2,2,1,2,::1O,:1O,1O:1O,,1L:1L,1,0.03000300030003
494,7,0,0,1,1,:::::1O:1O,,,,1L,1,0.03000300030003
495,3,2,2,1,2,:1O:1O,:1O,1O:3O1S,,1L:1L,1,0.03000300030003
496,3,2,2,1,2,:1O:1O,1O:1O,1O:2O,,1L:1L,1,0.03000300030003
497,7,0,0,1,2,:1O:1O:1O:1O:1O:1O,,,,1L:1L,1,0.03000300030003
498,7,1,0,1,1,::::::1O,,,,1L,1,0.03000300030003
499,3,2,2,1,2,1O:1O:1O,:1O,1O:2O1S,,1L:1L,1,0.03000300030003
500,8,0,0,1,1,:::::1O:1O:1O,,,,1L,1,0.03000300030003
501,3,2,2,1,2,1O:1O:1O,:,1O:1O,,1L:1L,1,0.03000300030003
502,6,1,0,1,2,:1O:1O:1O:1O:1O,,,,1L:1L,1,0.03000300030003
503,3,3,0,1,2,:1O:1O,::1O,,,1L:1L,1,0.03000300030003
504,3,3,1,2,2,:1O:1O,:1O:1O,1O,::1S:1S:1S:2S:2S:2S,1L:1L,1,0.03000300030003
505,3,3,0,1,2,:1O:2O,1O:1O:1O,,,1L:1L,1,0.03000300030003
506,3,3,1,1,2,::1O,::1O,1O,,1L:1L,1,0.03000300030003
507,3,3,1,1,2,::1O,:1O:1O,1O,,1L:1L,1,0.03000300030003
508,5,3,0,1,1,::::1O,:1O:1O,,,1L,1,0.03000300030003
509,5,3,0,2,1,::::1O,::1O,,1S:1S:1S:2S:3S:3S:3S:3S,1L,1,0.03000300030003
510,3,3,1,1,2,::,:1O:1O,1O,,1L:1L,1,0.03000300030003
511,3,3,1,1,2,:1O:2O,:1O:1O,2O,,1L:1L,1,0.03000300030003
512,3,3,1,1,2,:1O:1O,::1O,2O,,1L:1L,1,0.03000300030003
513,5,3,1,1,2,:::1O:1O,1O:1O:1O,1O,,1L:1L,1,0.03000300030003
514,6,0,0,1,1,:1O:1O:1O:1O:1O,,,,1L,1,0.03000300030003
515,6,0,0,1,2,1O:1O:1O:1O:1O:1O,,,,1L:1L,1,0.03000300030003
516,3,3,1,1,2,1O:1O:1O,::,1O,,1L:1L,1,0.03000300030003
517,3,3,1,1,1,::,:1O:1O,1O,,1L,1,0.03000300030003
518,3,3,1,1,1,:1O:1O,::1O,1O,,1L,1,0.03000300030003
519,6,0,1,1,2,:1O:1O:1O:1O:1O,,2O1S,,1L:1L,1,0.03000300030003
520,6,0,1,1,2,:1O:1O:1O:1O:2O,,2O,,1L:1L,1,0.03000300030003
521,3,3,1,1,1,:1O:1O,::,,,1L,1,0.03000300030003
522,3,3,1,1,1,1O:1O:1O,::,,,1L,1,0.03000300030003
523,3,3,0,2,2,::1O,:1O:1O,,:::1S:1S:2S:2S:2S,1L:1L,1,0.03000300030003
524,3,3,0,2,2,:1O:1O,:1O:1O,,1S:1S:1S:1S:2S:2S:2S:2S,1L:1L,1,0.03000300030003
525,6,0,1,1,2,::1O:1O:1O:1O,,1O,,1L:1L,1,0.03000300030003
526,6,1,0,1,1,::1O:1O:1O:1O,,,,1L,1,0.03000300030003
527,6,1,0,1,1,:::::1O,,,,1L,1,0.03000300030003
528,3,3,0,2,1,::1O,::1O,,1S:1S:1S:2S:3S:3S:3S:3S,1L,1,0.03000300030003
529,3,3,0,2,1,::1O,::,,1S:1S:1S:2S:3S:3S:3S:3S,1L,1,0.03000300030003
530,3,3,0,2,1,::1O,::,,1S:1S:1S:1S:2S:2S:2S:3S,1L,1,0.03000300030003
531,3,3,0,1,2,::1O,:1O:1O,,,1L:1L,1,0.03000300030003
532,3,3,0,1,2,::1O,1O:1O:1O,,,1L:1L,1,0.03000300030003
533,6,0,1,1,1,:::1O:1O:1O,,2O,,1L,1,0.03000300030003
534,5,1,0,3,1,:::1O:1O,,,1S:1S:1S:1S:1S:1S:1S:1S:2S:2S:2S:2S:2S:2S:2S:3S,1L,1,0.03000300030003
535,5,1,1,1,1,::::1O,1O,,,1L,1,0.03000300030003
536,5,1,1,1,1,::::1O,,2O,,1L,1,0.03000300030003
537,4,2,1,1,1,::1O:1O,:1O,1O,,1L,1,0.03000300030003
538,4,2,1,1,1,:::1O,:,,,1L,1,0.03000300030003
539,4,1,1,1,2,:1O:1O:2O,1O,1O,,1L:1L,1,0.03000300030003
540,4,1,1,1,2,:1O:1O:1O,1O,3O1S,,1L:1L,1,0.03000300030003
541,4,2,1,1,1,:::1O,:1O,2O,,1L,1,0.03000300030003
542,4,2,1,1,2,1O:1O:1O:1O,1O:1O,2O,,1L:1L,1,0.03000300030003
543,4,1,1,1,2,:1O:1O:1O,1O,2O1S,,1L:1L,1,0.03000300030003
544,4,2,1,1,2,1O:1O:1O:2O,:1O,1O,,1L:1L,1,0.03000300030003
545,4,2,1,1,2,:1O:1O:1O,1O:1O,2O,,1L:1L,1,0.03000300030003
546,4,2,1,1,2,:1O:1O:1O,:1O,2O,,1L:1L,1,0.03000300030003
547,4,1,1,1,2,:1O:1O:1O,,1O,,1L:1L,1,0.03000300030003
548,4,1,1,1,2,1O:1O:1O:2O,1O,2O,,1L:1L,1,0.03000300030003
549,4,1,1,1,2,1O:1O:1O:1O,1O,3O1S,,1L:1L,1,0.03000300030003
550,4,2,1,1,2,:::1O,1O:1O,1O,,1L:1L,1,0.03000300030003
551,4,2,1,2,2,::1O:1O,1O:1O,1O,:::1S:1S:2S:2S:2S,1L:1L,1,0.03000300030003
552,4,3,0,1,1,:1O:1O:1O,::1O,,,1L,1,0.03000300030003
553,4,1,1,1,2,1O:1O:1O:1O,1O,,,1L:1L,1,0.03000300030003
554,4,1,1,1,2,1O:1O:1O:1O,,2O1S,,1L:1L,1,0.03000300030003
555,4,1,1,1,2,1O:1O:1O:1O,,2O,,1L:1L,1,0.03000300030003
556,4,3,0,1,2,1O:1O:1O:1O,:1O:1O,,,1L:1L,1,0.03000300030003
557,4,3,0,1,2,:1O:1O:1O,:1O:1O,,,1L:1L,1,0.03000300030003
558,4,3,0,1,2,:1O:1O:1O,::1O,,,1L:1L,1,0.03000300030003
559,4,3,0,2,2,::1O:1O,:1O:1O,,:::1S:1S:2S:2S:2S,1L:1L,1,0.03000300030003
560,4,1,1,1,1,:::1O,1O,2O,,1L,1,0.03000300030003
561,4,3,1,1,2,:1O:1O:1O,:1O:1O,1O,,1L:1L,1,0.03000300030003
562,4,4,0,1,1,:1O:1O:1O,:::1O,,,1L,1,0.03000300030003
563,4,4,0,1,1,::1O:1O,:::1O,,,1L,1,0.03000300030003
564,4,4,0,1,1,:::1O,::1O:1O,,,1L,1,0.03000300030003
565,4,1,1,1,1,:::1O,,2O,,1L,1,0.03000300030003
566,4,2,1,1,1,::1O:1O,:1O,,,1L,1,0.03000300030003
567,4,2,1,1,1,:1O:1O:1O,:,1O,,1L,1,0.03000300030003
568,4,2,0,2,2,:::1O,:1O,,:::1S:1S:2S:2S:2S,1L:1L,1,0.03000300030003
569,4,1,2,1,1,:1O:1O:1O,,:,,1L,1,0.03000300030003
570,4,1,2,1,2,::1O:1O,1O,:2O,,1L:1L,1,0.03000300030003
571,4,1,2,1,2,:1O:1O:1O,,1O:2O,,1L:1L,1,0.03000300030003
572,4,1,3,1,2,1O:1O:1O:1O,,:1O:1O,,1L:1L,1,0.03000300030003
573,4,2,0,1,1,1O:1O:1O:1O,:,,,1L,1,0.03000300030003
574,4,1,2,1,2,1O:1O:1O:2O,,1O:1O,,1L:1L,1,0.03000300030003
575,4,1,2,1,2,1O:1O:1O:1O,1O,:1O,,1L:1L,1,0.03000300030003
576,4,2,0,1,1,:1O:1O:1O,1O:1O,,,1L,1,0.03000300030003
577,4,2,0,1,1,:1O:1O:2O,:,,,1L,1,0.03000300030003
578,4,1,2,1,1,:::1O,1O,1O:1O,,1L,1,0.03000300030003
579,4,2,0,1,1,:::,1O:1O,,,1L,1,0.03000300030003
580,3,2,2,1,2,1O:1O:1O,1O:1O,:1O,,1L:1L,1,0.03000300030003
581,4,2,0,1,2,1O:1O:1O:1O,:,,,1L:1L,1,0.03000300030003
582,4,1,2,1,1,:::,,:1O,,1L,1,0.03000300030003
583,4,1,1,2,2,::1O:1O,1O,2O,1S:1S:1S:1S:2S:2S:2S:2S,1L:1L,1,0.03000300030003
584,4,1,1,1,2,::1O:1O,1O,2O,,1L:1L,1,0.03000300030003
585,4,2,0,1,2,:1O:1O:2O,1O:1O,,,1L:1L,1,0.03000300030003
586,4,2,0,1,2,:1O:1O:2O,:1O,,,1L:1L,1,0.03000300030003
587,4,2,0,1,2,::1O:1O,1O:1O,,,1L:1L,1,0.03000300030003
588,4,2,0,2,1,::1O:1O,:,,1S:1S:1S:1S:2S:2S:2S:3S,1L,1,0.03000300030003
589,4,2,0,2,1,::1O:1O,:,,1S:1S:1S:2S:3S:3S:3S:3S,1L,1,0.03000300030003
590,4,2,0,2,2,1O:1O:1O:1O,:1O,,1S:1S:1S:2S:2S:2S:3S:3S,1L:1L,1,0.03000300030003
591,4,2,0,2,2,:1O:1O:1O,1O:1O,,1S:1S:1S:1S:2S:2S:2S:2S,1L:1L,1,0.03000300030003
592,4,2,0,2,2,:1O:1O:1O,1O:1O,,1S:1S:1S:1S:2S:2S:2S:3S,1L:1L,1,0.03000300030003
593,4,2,0,2,2,:1O:1O:1O,:1O,,:::1S:1S:2S:2S:2S,1L:1L,1,0.03000300030003
594,4,2,0,2,2,::1O:1O,1O:1O,,1S:1S:1S:1S:2S:2S:2S:3S,1L:1L,1,0.03000300030003
595,4,1,1,2,2,:1O:1O:1O,1O,1O,1S:1S:1S:2S:2S:3S:3S:3S,1L:1L,1,0.03000300030003
596,4,1,1,2,2,:1O:1O:1O,1O,1O,1S:1S:1S:1S:2S:2S:2S:2S,1L:1L,1,0.03000300030003
597,4,1,1,2,2,1O:1O:1O:1O,1O,2O,1S:1S:1S:2S:3S:3S:3S:3S,1L:1L,1,0.03000300030003
598,5,0,0,2,1,::1O:1O:1O,,,:1S:1S:1S:1S:2S:2S:2S,1L,1,0.03000300030003
599,5,0,0,2,1,:::1O:1O,,,1S:1S:1S:2S:3S:3S:3S:3S,1L,1,0.03000300030003
600,4,1,1,1,1,:::1O,,,,1L,1,0.03000300030003
601,4,0,2,1,2,1O:1O:1O:1O,,1N1O1S:2O,,1L:1L,1,0.03000300030003
602,5,1,0,1,2,1O:1O:1O:1O:2O,,,,1L:1L,1,0.03000300030003
603,5,1,0,1,2,::1O:1O:1O,1O,,,1L:1L,1,0.03000300030003
604,4,1,0,1,1,1O:1O:1O:1O,1O,,,1L,1,0.03000300030003
605,5,1,0,2,1,::1O:1O:1O,,,1S:1S:1S:2S:3S:3S:3S:3S,1L,1,0.03000300030003
606,4,0,3,1,2,:1O:1O:1O,,:1O:1O,,1L:1L,1,0.03000300030003
607,5,1,0,2,1,:::1O:1O,,,1S:1S:1S:1S:2S:2S:2S:3S,1L,1,0.03000300030003
608,4,0,2,1,2,:1O:1O:1O,,1O:3O1S,,1L:1L,1,0.03000300030003
609,5,1,0,2,1,:::1O:1O,,,1S:1S:1S:2S:3S:3S:3S:3S,1L,1,0.03000300030003
610,5,1,0,2,1,::::1O,1O,,1S:1S:1S:1S:2S:2S:2S:2S,1L,1,0.03000300030003
611,5,1,0,2,2,1O:1O:1O:1O:1O,1O,,:1S:1S:1S:2S:2S:2S:2S,1L:1L,1,0.03000300030003
612,5,1,0,2,2,:1O:1O:1O:1O,1O,,1S:1S:1S:2S:2S:2S:2S:3S,1L:1L,1,0.03000300030003
613,4,1,2,1,2,::1O:1O,1O,1O:2O,,1L:1L,1,0.03000300030003
614,5,1,1,1,1,::1O:1O:1O,,1O,,1L,1,0.03000300030003
615,4,0,2,1,1,::1O:1O,,:2O,,1L,1,0.03000300030003
616,4,1,0,1,1,::1O:2O,,,,1L,1,0.03000300030003
617,4,0,2,1,1,::1O:1O,,:1O,,1L,1,0.03000300030003
618,5,1,1,1,1,::1O:1O:1O,,2O1S,,1L,1,0.03000300030003
619,4,0,2,1,1,::1O:1O,,1O:2O,,1L,1,0.03000300030003
620,5,1,1,1,1,::1O:1O:1O,1O,,,1L,1,0.03000300030003
621,4,0,1,2,2,::1O:1O,,1O1S,1S:1S:1S:1S:2S:2S:2S:2S,1L:1L,1,0.03000300030003
622,5,1,1,1,1,:::1O:1O,,2O,,1L,1,0.03000300030003
623,4,0,1,1,2,::1O:1O,,1O,,1L:1L,1,0.03000300030003
624,4,0,1,1,2,:1O:1O:2O,,1O,,1L:1L,1,0.03000300030003
625,5,1,1,1,1,:::1O:1O,,2O1S,,1L,1,0.03000300030003
626,5,1,1,1,1,:::1O:1O,1O,1O,,1L,1,0.03000300030003
627,4,0,1,1,2,:1O:1O:1O,,1N2O1S,,1L:1L,1,0.03000300030003
628,4,0,1,1,2,1O:1O:1O:1O,,3O1S,,1L:1L,1,0.03000300030003
629,4,0,1,1,2,1O:1O:1O:1O,,2O1S,,1L:1L,1,0.03000300030003
630,4,1,0,1,1,:1O:1O:2O,,,,1L,1,0.03000300030003
631,4,1,0,1,1,:::,1O,,,1L,1,0.03000300030003
632,5,0,1,1,1,::1O:1O:1O,,2O,,1L,1,0.03000300030003
633,5,0,1,1,2,:1O:1O:1O:2O,,1O,,1L:1L,1,0.03000300030003
634,5,0,1,1,1,::1O:1O:2O,,,,1L,1,0.03000300030003
635,5,0,1,1,1,:::1O:1O,,2O,,1L,1,0.03000300030003
636,4,1,1,1,1,::1O:1O,,2O,,1L,1,0.03000300030003
637,5,0,1,1,1,::::1O,,2O,,1L,1,0.03000300030003
638,4,1,1,1,1,:1O:1O:1O,,2O,,1L,1,0.03000300030003
639,5,0,1,1,2,1O:1O:1O:1O:1O,,1N2O,,1L:1L,1,0.03000300030003
640,5,0,1,1,2,1O:1O:1O:1O:1O,,1N2O1S,,1L:1L,1,0.03000300030003
641,5,0,1,1,2,1O:1O:1O:1O:1O,,2O,,1L:1L,1,0.03000300030003
642,4,1,0,2,2,::1O:1O,1O,,2S:2S:2S:2S:2S:2S:2S:3S,1L:1L,1,0.03000300030003
643,4,1,0,2,2,:1O:1O:1O,1O,,1S:1S:1S:2S:3S:3S:3S:3S,1L:1L,1,0.03000300030003
644,4,1,0,2,2,1O:1O:1O:1O,1O,,:1S:1S:1S:2S:2S:2S:2S,1L:1L,1,0.03000300030003
645,5,0,1,1,2,:1O:1O:1O:1O,,,,1L:1L,1,0.03000300030003
646,5,0,1,1,2,:1O:1O:1O:1O,,2O1S,,1L:1L,1,0.03000300030003
647,4,1,0,2,2,1O:1O:1O:1O,1O,,2S:2S:2S:2S:2S:2S:2S:2S,1L:1L,1,0.03000300030003
648,4,1,0,1,1,:::2O,1O,,,1L,1,0.03000300030003
649,4,1,0,2,2,1O:1O:1O:1O,1O,,1S:1S:1S:2S:3S:3S:3S:3S,1L:1L,1,0.03000300030003
650,5,0,1,1,2,::1O:1O:1O,,2O,,1L:1L,1,0.03000300030003
651,4,1,0,2,1,:::1O,1O,,1S:1S:1S:2S:3S:3S:3S:3S,1L,1,0.03000300030003
652,4,1,0,2,1,:::,1O,,1S:1S:1S:1S:2S:2S:2S:3S,1L,1,0.03000300030003
653,4,1,0,2,1,::1O:1O,1O,,1S:1S:1S:1S:2S:2S:2S:3S,1L,1,0.03000300030003
654,4,1,0,2,1,::1O:1O,,,1S:1S:1S:2S:3S:3S:3S:3S,1L,1,0.03000300030003
655,4,1,0,2,1,::1O:1O,,,1S:1S:1S:1S:2S:2S:2S:3S,1L,1,0.03000300030003
656,4,1,0,2,1,:1O:1O:1O,,,1S:1S:1S:2S:3S:3S:3S:3S,1L,1,0.03000300030003
657,5,0,2,1,2,:1O:1O:1O:1O,,1O:2O,,1L:1L,1,0.03000300030003
658,5,0,2,1,2,:1O:1O:1O:1O,,:1O1S,,1L:1L,1,0.03000300030003
659,5,1,0,1,1,1O:1O:1O:1O:1O,,,,1L,1,0.03000300030003
660,5,1,0,1,1,::::,1O,,,1L,1,0.03000300030003
661,5,1,0,1,1,::::1O,,,,1L,1,0.03000300030003
662,0,2,1,1,2,,1O:1O,1O,,1L:1L,1,0.03000300030003
663,3,1,1,2,2,1O:1O:1O,,2O1S,1S:1S:1S:1S:2S:2S:2S:3S,1L:1L,1,0.03000300030003
664,3,2,2,1,2,1O:1O:1O,1O:1O,1O:1O,,1L:1L,1,0.03000300030003
665,1,5,0,1,2,1O,:::1O:1O,,,1L:1L,1,0.03000300030003
666,1,5,1,1,2,1O,:1O:1O:1O:1O,2O,,1L:1L,1,0.03000300030003
667,2,0,2,1,2,1O:1O,,1N1O:1O,,1L:1L,1,0.03000300030003
668,2,1,0,1,1,1O:1O,,,,1L,1,0.03000300030003
669,2,1,0,1,1,:1O,1O,,,1L,1,0.03000300030003
670,2,1,0,1,1,:2O,1O,,,1L,1,0.03000300030003
671,2,1,0,1,2,1O:1O,1O,,,1L:1L,1,0.03000300030003
672,2,1,0,2,2,1O:1O,1O,,1S:1S:1S:1S:2S:2S:2S:3S,1L:1L,1,0.03000300030003
673,2,1,0,2,2,:1O,1O,,1S:1S:1S:1S:2S:2S:2S:3S,1L:1L,1,0.03000300030003
674,2,1,0,3,1,1O:1O,,,1S:1S:1S:1S:1S:1S:1S:2S:2S:2S:2S:2S:2S:2S:2S:2S,1L,1,0.03000300030003
675,2,1,1,1,1,:,1O,1N3O1S,,1L,1,0.03000300030003
676,2,1,1,1,1,:1O,1O,2O,,1L,1,0.03000300030003
677,2,1,1,1,2,1O:1O,,2O,,1L:1L,1,0.03000300030003
678,2,1,1,1,2,1O:1O,1O,,,1L:1L,1,0.03000300030003
679,2,1,1,1,2,1O:1O,1O,1N1O,,1L:1L,1,0.03000300030003
680,2,1,1,1,2,1O:1O,1O,1N2O2S,,1L:1L,1,0.03000300030003
681,2,1,1,1,2,1O:1O,1O,1N3O2S,,1L:1L,1,0.03000300030003
682,2,1,1,1,2,1O:1O,1O,3O,,1L:1L,1,0.03000300030003
683,2,1,1,1,2,1O:1O,1O,3O1S,,1L:1L,1,0.03000300030003
684,2,1,1,1,2,:1O,1O,3O1S,,1L:1L,1,0.03000300030003
685,2,1,1,2,1,:1O,,1O,::1S:1S:2S:2S:2S:2S,1L,1,0.03000300030003
686,2,1,1,2,2,1O:1O,1O,1N1O1S,1S:1S:1S:2S:2S:3S:3S:3S,1L:1L,1,0.03000300030003
687,1,5,1,1,2,,:::1O:1O,1O,,1L:1L,1,0.03000300030003
688,1,5,0,1,2,1O,::1O:1O:1O,,,1L:1L,1,0.03000300030003
689,2,1,1,2,2,1O:1O,1O,1O,1S:1S:1S:2S:2S:2S:2S:2S,1L:1L,1,0.03000300030003
690,1,5,0,1,2,1O,1O:1O:1O:1O:1O,,,1L:1L,1,0.03000300030003
691,1,4,0,1,1,1O,:::,,,1L,1,0.03000300030003
692,1,4,0,1,1,1O,:::1O,,,1L,1,0.03000300030003
693,1,4,0,1,2,,:1O:1O:1O,,,1L:1L,1,0.03000300030003
694,1,4,0,1,2,1O,::1O:1O,,,1L:1L,1,0.03000300030003
695,1,4,0,2,1,,:::1O,,1S:1S:1S:2S:3S:3S:3S:3S,1L,1,0.03000300030003
696,1,4,0,2,2,1O,:1O:1O:1O,,1S:1S:1S:1S:2S:2S:2S:3S,1L:1L,1,0.03000300030003
697,1,4,0,2,2,1O,:1O:1O:1O,,:::1S:1S:2S:2S:2S,1L:1L,1,0.03000300030003
698,1,4,0,2,2,1O,::1O:1O,,:::1S:1S:2S:2S:2S,1L:1L,1,0.03000300030003
699,1,4,1,1,1,1O,:::,1O,,1L,1,0.03000300030003
700,1,4,1,1,2,,1O:1O:1O:1O,3O2S,,1L:1L,1,0.03000300030003
701,1,4,1,1,2,,::1O:1O,2O1S,,1L:1L,1,0.03000300030003
702,1,4,1,1,2,1O,1O:1O:1O:1O,3O1S,,1L:1L,1,0.03000300030003
703,1,4,1,1,2,1O,::1O:1O,3O1S,,1L:1L,1,0.03000300030003
704,1,4,1,1,2,2O,:1O:1O:1O,1O,,1L:1L,1,0.03000300030003
705,1,4,2,1,1,,:::1O,:2O,,1L,1,0.03000300030003
706,1,4,2,1,2,,1O:1O:1O:1O,1O:1O,,1L:1L,1,0.03000300030003
707,1,4,2,1,2,,:1O:1O:1O,1O:2O,,1L:1L,1,0.03000300030003
708,1,4,2,1,2,1O,:1O:1O:1O,1O:1O,,1L:1L,1,0.03000300030003
709,1,4,2,1,2,1O,::1O:1O,1O:1O,,1L:1L,1,0.03000300030003
710,1,5,0,1,1,,::1O:1O:1O,,,1L,1,0.03000300030003
711,1,5,0,1,2,,:1O:1O:1O:1O,,,1L:1L,1,0.03000300030003
712,2,1,1,2,2,1O:1O,1O,1N2O1S,1S:1S:1S:2S:2S:3S:3S:3S,1L:1L,1,0.03000300030003
713,2,1,1,2,2,1O:1O,1O,1O,1S:1S:1S:2S:2S:3S:3S:3S,1L:1L,1,0.03000300030003
714,1,3,2,1,2,1O,::1O,1O:1O,,1L:1L,1,0.03000300030003
715,2,2,0,2,2,1O:1O,1O:1O,,2S:2S:2S:2S:2S:2S:2S:2S,1L:1L,1,0.03000300030003
716,2,2,0,2,2,1O:1O,1O:1O,,::1S:1S:2S:2S:2S:2S,1L:1L,1,0.03000300030003
717,2,2,0,2,2,1O:1O,:1O,,1S:1S:1S:1S:2S:2S:2S:3S,1L:1L,1,0.03000300030003
718,2,2,0,2,2,1O:1O,:1O,,2S:2S:2S:2S:2S:2S:2S:3S,1L:1L,1,0.03000300030003
719,2,2,0,2,2,1O:1O,:1O,,2S:2S:2S:2S:2S:2S:3S:3S,1L:1L,1,0.03000300030003
720,2,2,0,2,2,1O:1O,:1O,,:::1S:1S:2S:2S:2S,1L:1L,1,0.03000300030003
721,2,2,0,2,2,1O:2O,1O:1O,,1S:1S:1S:1S:2S:2S:2S:3S,1L:1L,1,0.03000300030003
722,2,2,0,2,2,:1O,1O:1O,,1S:1S:1S:1S:1S:2S:2S:2S,1L:1L,1,0.03000300030003
723,2,2,0,2,2,:1O,1O:1O,,1S:1S:1S:1S:2S:2S:2S:2S,1L:1L,1,0.03000300030003
724,2,2,0,2,2,:1O,1O:1O,,1S:1S:1S:1S:2S:2S:2S:3S,1L:1L,1,0.03000300030003
725,2,2,1,1,1,1O:1O,:1O,1O,,1L,1,0.03000300030003
726,2,2,1,1,1,1O:1O,:1O,2O,,1L,1,0.03000300030003
727,2,2,1,1,1,:,1O:1O,1O,,1L,1,0.03000300030003
728,2,2,1,1,1,:,:1O,1O,,1L,1,0.03000300030003
729,2,2,1,1,1,:,:1O,2O,,1L,1,0.03000300030003
730,2,2,1,1,1,:,:1O,2O1S,,1L,1,0.03000300030003
731,2,2,1,1,1,:1O,1O:1O,1O,,1L,1,0.03000300030003
732,2,2,1,1,1,:1O,1O:1O,2O1S,,1L,1,0.03000300030003
733,2,2,1,1,1,:1O,:,1O,,1L,1,0.03000300030003
734,2,2,1,1,2,1O:1O,1O:1O,,,1L:1L,1,0.03000300030003
735,2,2,1,1,2,1O:1O,1O:1O,1O1S,,1L:1L,1,0.03000300030003
736,2,2,1,1,2,1O:1O,:,1O,,1L:1L,1,0.03000300030003
737,2,2,0,2,2,1O:1O,1O:1O,,2S:2S:2S:2S:2S:2S:3S:3S,1L:1L,1,0.03000300030003
738,2,2,0,2,2,1O:1O,1O:1O,,1S:1S:1S:1S:2S:2S:3S:3S,1L:1L,1,0.03000300030003
739,2,1,1,2,2,1O:1O,1O,1O,:::1S:1S:2S:2S:2S,1L:1L,1,0.03000300030003
740,2,2,0,2,1,:1O,:1O,,1S:1S:1S:2S:3S:3S:3S:3S,1L,1,0.03000300030003
741,2,1,1,2,2,1O:1O,1O,2O,1S:1S:1S:2S:2S:2S:3S:3S,1L:1L,1,0.03000300030003
742,2,1,1,2,2,1O:1O,1O,2O,:::1S:1S:2S:2S:2S,1L:1L,1,0.03000300030003
743,2,1,1,2,2,1O:1O,1O,3O1S,1S:1S:1S:1S:2S:2S:2S:2S,1L:1L,1,0.03000300030003
744,2,1,1,2,2,1O:1O,1O,4O2S,1S:1S:1S:2S:2S:2S:3S:3S,1L:1L,1,0.03000300030003
745,2,1,1,2,2,:1O,1O,1O,2S:2S:2S:3S:3S:4S:4S:4S,1L:1L,1,0.03000300030003
746,2,1,1,3,2,1O:1O,,1O,1S:1S:1S:1S:1S:1S:1S:1S:1S:2S:2S:2S:2S:2S:3S:3S,1L:1L,1,0.03000300030003
747,2,1,2,1,1,1O:1O,,1O:2O,,1L,1,0.03000300030003
748,2,1,2,1,1,:,1O,:2O,,1L,1,0.03000300030003
749,2,1,2,1,2,1O:1O,,1N2O1S:1O,,1L:1L,1,0.03000300030003
750,2,1,2,1,2,1O:1O,,1O:1O,,1L:1L,1,0.03000300030003
751,2,1,2,1,2,1O:1O,,1O:3O,,1L:1L,1,0.03000300030003
752,2,1,2,1,2,1O:1O,1O,1N3O1S:1O,,1L:1L,1,0.03000300030003
753,2,1,2,1,2,1O:1O,1O,1O:1O,,1L:1L,1,0.03000300030003
754,2,1,2,1,2,1O:1O,1O,1O:3O,,1L:1L,1,0.03000300030003
755,2,1,2,1,2,:1O,,1O:2O,,1L:1L,1,0.03000300030003
756,2,1,2,1,2,:1O,1O,1O:1O,,1L:1L,1,0.03000300030003
757,2,1,2,1,2,:1O,1O,1O:2O,,1L:1L,1,0.03000300030003
758,2,1,2,1,2,:1O,1O,1O:3O,,1L:1L,1,0.03000300030003
759,2,2,0,1,1,1O:1O,:,,,1L,1,0.03000300030003
760,2,2,0,1,1,1O:2O,:,,,1L,1,0.03000300030003
761,2,2,0,1,1,:,:,,,1L,1,0.03000300030003
762,1,3,2,1,2,2O,:1O:1O,1N1O:1O,,1L:1L,1,0.03000300030003
763,1,3,2,1,2,1O,:1O:1O,:1O,,1L:1L,1,0.03000300030003
764,3,2,2,1,1,:1O:1O,:,:1O,,1L,1,0.03000300030003
765,0,5,1,1,2,,::1O:1O:1O,1O,,1L:1L,1,0.03000300030003
766,0,5,1,1,2,,::1O:1O:1O,2O1S,,1L:1L,1,0.03000300030003
767,0,5,2,1,2,,:1O:1O:1O:1O,1O:1O,,1L:1L,1,0.03000300030003
768,0,6,0,1,1,,::::1O:1O,,,1L,1,0.03000300030003
769,1,1,0,1,2,1O,1O,,,1L:1L,1,0.03000300030003
770,1,1,1,2,2,1O,1O,2O,1S:1S:1S:1S:2S:2S:2S:2S,1L:1L,1,0.03000300030003
771,1,1,1,2,2,1O,1O,2O1S,::1S:1S:1S:2S:2S:2S,1L:1L,1,0.03000300030003
772,1,2,0,1,1,,:1O,,,1L,1,0.03000300030003
773,1,2,0,1,1,1O,:,,,1L,1,0.03000300030003
774,1,2,0,1,1,1O,:1O,,,1L,1,0.03000300030003
775,1,2,0,1,2,1O,:1O,,,1L:1L,1,0.03000300030003
776,1,2,0,2,2,,1O:1O,,1S:2S:2S:2S:2S:3S:3S:3S,1L:1L,1,0.03000300030003
777,1,2,0,2,2,1O,1O:1O,,1S:1S:1S:1S:2S:2S:2S:3S,1L:1L,1,0.03000300030003
778,1,2,0,2,2,1O,1O:1O,,::1S:1S:2S:2S:2S:2S,1L:1L,1,0.03000300030003
779,1,2,1,1,1,,1O:1O,1O,,1L,1,0.03000300030003
780,1,2,1,1,1,,:1O,1O,,1L,1,0.03000300030003
781,1,2,1,1,1,1O,1O:1O,,,1L,1,0.03000300030003
782,1,2,1,1,1,1O,:,2O,,1L,1,0.03000300030003
783,1,2,1,1,1,1O,:1O,1O,,1L,1,0.03000300030003
784,1,2,1,1,2,,1O:1O,2O1S,,1L:1L,1,0.03000300030003
785,1,2,1,1,2,1O,1O:1O,3O1S,,1L:1L,1,0.03000300030003
786,1,2,1,1,2,1O,:,1O,,1L:1L,1,0.03000300030003
787,0,5,1,1,2,,::1O:1O:1O,2O,,1L:1L,1,0.03000300030003
788,0,5,1,1,2,,:1O:1O:1O:1O,3O1S,,1L:1L,1,0.03000300030003
789,1,2,1,1,2,1O,:1O,2O,,1L:1L,1,0.03000300030003
790,0,5,0,1,1,,:::1O:1O,,,1L,1,0.03000300030003
791,0,2,1,2,2,,1O:1O,1O,:::1S:1S:2S:2S:2S,1L:1L,1,0.03000300030003
792,0,2,2,1,2,,1O:1O,1O:1O,,1L:1L,1,0.03000300030003
793,0,2,2,1,2,,1O:1O,1O:2O,,1L:1L,1,0.03000300030003
794,0,2,2,1,2,,1O:1O,2O:2O,,1L:1L,1,0.03000300030003
795,0,3,1,1,2,,1O:1O:1O,1N2O,,1L:1L,1,0.03000300030003
796,0,3,1,1,2,,:1O:1O,1O,,1L:1L,1,0.03000300030003
797,0,3,1,2,2,,:1O:1O,1O,:::1S:1S:2S:2S:2S,1L:1L,1,0.03000300030003
798,0,3,2,1,2,,1O:1O:1O,1O:2O,,1L:1L,1,0.03000300030003
799,0,3,2,1,2,,:1O:1O,1O:1O,,1L:1L,1,0.03000300030003
800,0,3,2,1,2,,:1O:1O,:2O,,1L:1L,1,0.03000300030003
801,0,4,0,1,1,,:1O:1O:1O,,,1L,1,0.03000300030003
802,0,4,0,1,1,,::1O:1O,,,1L,1,0.03000300030003
803,0,4,1,1,2,,1O:1O:1O:1O,1N1O,,1L:1L,1,0.03000300030003
804,0,4,1,1,2,,1O:1O:1O:1O,1N3O1S,,1L:1L,1,0.03000300030003
805,0,4,1,1,2,,1O:1O:1O:1O,2O2S,,1L:1L,1,0.03000300030003
806,0,4,1,1,2,,1O:1O:1O:1O,3O,,1L:1L,1,0.03000300030003
807,0,4,1,1,2,,::1O:1O,1O,,1L:1L,1,0.03000300030003
808,0,4,1,1,2,,::1O:1O,2O,,1L:1L,1,0.03000300030003
809,0,4,2,1,2,,::1O:1O,1N2O:1O,,1L:1L,1,0.03000300030003
810,0,4,2,1,2,,::1O:1O,1O:2O1S,,1L:1L,1,0.03000300030003
811,0,4,3,1,2,,:1O:1O:1O,1O:1O:2O,,1L:1L,1,0.03000300030003
812,1,2,1,1,2,1O,:,2O1S,,1L:1L,1,0.03000300030003
813,1,2,1,1,2,1O,:1O,3O1S,,1L:1L,1,0.03000300030003
814,1,3,2,1,2,1O,:1O:1O,1O:3O1S,,1L:1L,1,0.03000300030003
815,1,3,0,2,2,1O,1O:1O:1O,,:::1S:1S:2S:2S:2S,1L:1L,1,0.03000300030003
816,1,3,1,1,1,1O,:1O:1O,,,1L,1,0.03000300030003
817,1,3,1,1,1,1O,::,1O,,1L,1,0.03000300030003
818,1,3,1,1,2,,1O:1O:1O,2O,,1L:1L,1,0.03000300030003
819,1,3,1,1,2,,1O:1O:1O,3O1S,,1L:1L,1,0.03000300030003
820,1,3,1,1,2,,::1O,2O,,1L:1L,1,0.03000300030003
821,1,3,1,1,2,1O,1O:1O:1O,,,1L:1L,1,0.03000300030003
822,1,3,1,1,2,1O,1O:1O:1O,1N1O,,1L:1L,1,0.03000300030003
823,1,3,1,1,2,1O,1O:1O:1O,1N2O2S,,1L:1L,1,0.03000300030003
824,1,3,1,1,2,1O,1O:1O:1O,1N3O1S,,1L:1L,1,0.03000300030003
825,1,3,1,1,2,1O,1O:1O:1O,3O,,1L:1L,1,0.03000300030003
826,1,3,1,1,2,1O,:1O:1O,1N2O,,1L:1L,1,0.03000300030003
827,1,3,1,1,2,1O,:1O:1O,2O1S,,1L:1L,1,0.03000300030003
828,1,3,1,1,2,1O,::1O,2O,,1L:1L,1,0.03000300030003
829,1,3,1,1,2,2O,1O:1O:1O,,,1L:1L,1,0.03000300030003
830,1,3,1,1,2,2O,::1O,1O,,1L:1L,1,0.03000300030003
831,1,3,1,2,2,1O,1O:1O:1O,2O1S,1S:1S:1S:1S:2S:2S:2S:2S,1L:1L,1,0.03000300030003
832,1,3,1,2,2,1O,:1O:1O,1O,:1S:1S:1S:1S:2S:2S:2S,1L:1L,1,0.03000300030003
833,1,3,1,2,2,1O,:1O:1O,1O,:::1S:1S:2S:2S:2S,1L:1L,1,0.03000300030003
834,1,3,2,1,1,,::1O,1O:1O,,1L,1,0.03000300030003
835,1,3,2,1,2,,1O:1O:1O,1O:2O1S,,1L:1L,1,0.03000300030003
836,1,3,2,1,2,1O,:1O:1O,1N3O1S:1O,,1L:1L,1,0.03000300030003
837,1,3,1,1,1,,::1O,2O,,1L,1,0.03000300030003
838,1,3,0,2,2,1O,1O:1O:1O,,1S:1S:1S:1S:2S:2S:2S:3S,1L:1L,1,0.03000300030003
839,1,2,1,2,2,,1O:1O,1O,:::1S:1S:2S:2S:2S,1L:1L,1,0.03000300030003
840,1,3,0,2,2,,:1O:1O,,:::1S:1S:2S:2S:2S,1L:1L,1,0.03000300030003
841,1,2,1,2,2,,1O:1O,2O,:::1S:1S:2S:2S:2S,1L:1L,1,0.03000300030003
842,1,2,1,2,2,1O,1O:1O,1O,1S:1S:1S:1S:2S:2S:2S:2S,1L:1L,1,0.03000300030003
843,1,2,1,2,2,1O,1O:1O,1O,::1S:1S:1S:2S:2S:2S,1L:1L,1,0.03000300030003
844,1,2,1,2,2,1O,1O:1O,1O,:::1S:1S:2S:2S:2S,1L:1L,1,0.03000300030003
845,1,2,1,2,2,1O,1O:1O,2O,1S:1S:1S:1S:2S:2S:2S:2S,1L:1L,1,0.03000300030003
846,1,2,1,2,2,1O,1O:1O,2O,1S:1S:1S:1S:2S:2S:2S:3S,1L:1L,1,0.03000300030003
847,1,2,1,2,2,1O,1O:1O,2O,::1S:1S:2S:2S:2S:2S,1L:1L,1,0.03000300030003
848,1,2,1,2,2,1O,:,2O,1S:1S:1S:2S:2S:3S:3S:3S,1L:1L,1,0.03000300030003
849,1,2,1,2,2,1O,:1O,1O,:::1S:1S:2S:2S:2S,1L:1L,1,0.03000300030003
850,1,2,2,1,1,,1O:1O,1O:1O,,1L,1,0.03000300030003
851,1,2,2,1,2,1O,1O:1O,1N2O1S:1O,,1L:1L,1,0.03000300030003
852,1,2,2,1,2,1O,1O:1O,1O:3O,,1L:1L,1,0.03000300030003
853,1,2,2,1,2,1O,1O:1O,1O:3O1S,,1L:1L,1,0.03000300030003
854,1,2,2,1,2,1O,1O:1O,2O:3O,,1L:1L,1,0.03000300030003
855,1,2,2,1,2,1O,1O:1O,:2O,,1L:1L,1,0.03000300030003
856,1,2,2,1,2,1O,:1O,1N1O1S:1O,,1L:1L,1,0.03000300030003
857,1,2,2,1,2,1O,:1O,1N2O1S:1O,,1L:1L,1,0.03000300030003
858,1,2,3,1,1,,:1O,::1O,,1L,1,0.03000300030003
859,1,2,3,1,2,1O,1O:1O,1O:1O:1O,,1L:1L,1,0.03000300030003
860,1,3,0,1,1,,1O:1O:1O,,,1L,1,0.03000300030003
861,1,3,0,1,2,1O,:1O:1O,,,1L:1L,1,0.03000300030003
862,2,2,1,1,2,1O:1O,:,2O,,1L:1L,1,0.03000300030003
863,2,2,1,1,2,1O:1O,:1O,1N2O2S,,1L:1L,1,0.03000300030003
864,2,2,1,1,2,1O:1O,:1O,1N3O1S,,1L:1L,1,0.03000300030003
865,3,1,1,2,2,:1O:1O,1O,2O,1S:1S:1S:2S:2S:3S:3S:3S,1L:1L,1,0.03000300030003
866,3,1,1,2,2,::1O,1O,2O,1S:1S:1S:2S:2S:3S:3S:3S,1L:1L,1,0.03000300030003
867,3,1,1,2,2,::1O,1O,2O,2S:2S:2S:3S:3S:4S:4S:4S,1L:1L,1,0.03000300030003
868,3,1,2,1,1,::1O,1O,:,,1L,1,0.03000300030003
869,3,1,2,1,1,::1O,1O,:1O,,1L,1,0.03000300030003
870,3,1,2,1,2,1O:1O:1O,1O,:,,1L:1L,1,0.03000300030003
871,3,1,2,1,2,1O:1O:1O,1O,:1O,,1L:1L,1,0.03000300030003
872,3,1,2,1,2,1O:1O:1O,1O,:2O,,1L:1L,1,0.03000300030003
873,3,1,2,1,2,1O:1O:2O,1O,1O:1O,,1L:1L,1,0.03000300030003
874,3,1,2,1,2,:1O:1O,1O,1O:1O,,1L:1L,1,0.03000300030003
875,3,1,2,1,2,:1O:1O,1O,1O:3O1S,,1L:1L,1,0.03000300030003
876,3,1,2,1,2,:1O:1O,1O,:2O1S,,1L:1L,1,0.03000300030003
877,3,1,3,1,2,1O:1O:1O,1O,::1O,,1L:1L,1,0.03000300030003
878,3,2,0,1,1,1O:1O:1O,1O:1O,,,1L,1,0.03000300030003
879,3,2,0,1,1,:1O:2O,:1O,,,1L,1,0.03000300030003
880,3,2,0,1,2,::1O,:,,,1L:1L,1,0.03000300030003
881,3,2,0,2,1,:1O:1O,:,,1S:1S:1S:1S:2S:2S:2S:3S,1L,1,0.03000300030003
882,3,2,0,2,1,:1O:1O,:1O,,::1S:1S:2S:2S:2S:2S,1L,1,0.03000300030003
883,3,2,0,2,1,::,:1O,,1S:1S:1S:1S:2S:2S:2S:3S,1L,1,0.03000300030003
884,3,2,0,2,1,::,:1O,,1S:1S:1S:2S:3S:3S:3S:3S,1L,1,0.03000300030003
885,3,2,0,2,1,::1O,:,,1S:1S:1S:1S:1S:2S:2S:2S,1L,1,0.03000300030003
886,3,2,0,2,1,::1O,:1O,,1S:1S:1S:1S:2S:2S:2S:2S,1L,1,0.03000300030003
887,3,1,1,2,2,:1O:1O,1O,3O1S,1S:1S:1S:1S:2S:2S:2S:2S,1L:1L,1,0.03000300030003
888,3,1,1,2,2,:1O:1O,1O,2O,1S:1S:1S:1S:2S:2S:2S:2S,1L:1L,1,0.03000300030003
889,3,2,0,2,2,1O:1O:1O,1O:1O,,1S:1S:1S:1S:2S:2S:2S:2S,1L:1L,1,0.03000300030003
890,3,1,1,2,2,:1O:1O,1O,1O,2S:2S:2S:3S:3S:4S:4S:4S,1L:1L,1,0.03000300030003
891,3,1,1,1,1,::1O,1O,2O,,1L,1,0.03000300030003
892,3,1,1,1,2,1O:1O:1O,1O,1N2O1S,,1L:1L,1,0.03000300030003
893,3,1,1,1,2,1O:1O:1O,1O,1N3O1S,,1L:1L,1,0.03000300030003
894,3,1,1,1,2,1O:1O:1O,1O,1N4O2S,,1L:1L,1,0.03000300030003
895,3,1,1,1,2,1O:1O:1O,1O,2O1S,,1L:1L,1,0.03000300030003
896,3,1,1,1,2,1O:1O:1O,1O,3O1S,,1L:1L,1,0.03000300030003
897,3,1,1,1,2,:1O:1O,,2O,,1L:1L,1,0.03000300030003
898,3,1,1,1,2,:1O:1O,1O,1N3O2S,,1L:1L,1,0.03000300030003
899,3,1,1,1,2,:1O:1O,1O,3O,,1L:1L,1,0.03000300030003
900,3,1,1,1,2,:1O:1O,1O,3O1S,,1L:1L,1,0.03000300030003
901,3,1,1,1,2,::1O,1O,2O,,1L:1L,1,0.03000300030003
902,3,1,1,2,2,1O:1O:1O,,1O,1S:1S:1S:1S:2S:2S:2S:3S,1L:1L,1,0.03000300030003
903,3,1,1,2,2,1O:1O:1O,,1O,1S:1S:1S:2S:2S:3S:3S:3S,1L:1L,1,0.03000300030003
904,0,2,1,1,2,,1O:1O,3O1S,,1L:1L,1,0.03000300030003
905,3,1,1,2,2,1O:1O:1O,,2O1S,2S:2S:2S:3S:3S:4S:4S:4S,1L:1L,1,0.03000300030003
906,3,1,1,2,2,1O:1O:1O,1O,1O,2S:2S:2S:3S:3S:4S:4S:4S,1L:1L,1,0.03000300030003
907,3,1,1,2,2,1O:1O:1O,1O,1O,:1S:1S:1S:1S:2S:2S:2S,1L:1L,1,0.03000300030003
908,3,1,1,2,2,1O:1O:1O,1O,2O,1S:1S:1S:2S:2S:3S:3S:3S,1L:1L,1,0.03000300030003
909,3,1,1,2,2,:1O:1O,1O,1O,1S:1S:1S:1S:2S:2S:2S:2S,1L:1L,1,0.03000300030003
910,3,1,1,2,2,:1O:1O,1O,1O,1S:1S:1S:1S:2S:2S:2S:3S,1L:1L,1,0.03000300030003
911,3,1,1,2,2,:1O:1O,1O,1O,1S:1S:1S:2S:2S:2S:3S:3S,1L:1L,1,0.03000300030003
912,3,2,0,2,1,::1O,:1O,,:1S:1S:1S:2S:2S:2S:2S,1L,1,0.03000300030003
913,3,2,0,2,2,1O:1O:1O,1O:1O,,::1S:1S:2S:2S:2S:2S,1L:1L,1,0.03000300030003
914,2,2,1,1,2,1O:1O,:1O,2O1S,,1L:1L,1,0.03000300030003
915,3,2,1,1,2,1O:1O:1O,1O:1O,2O1S,,1L:1L,1,0.03000300030003
916,3,2,1,1,2,1O:1O:1O,:,1N2O,,1L:1L,1,0.03000300030003
917,3,2,1,1,2,1O:1O:1O,:,1O,,1L:1L,1,0.03000300030003
918,3,2,1,1,2,1O:1O:1O,:,2O1S,,1L:1L,1,0.03000300030003
919,3,2,1,1,2,1O:1O:1O,:1O,1N4O2S,,1L:1L,1,0.03000300030003
920,3,2,1,1,2,1O:1O:2O,:,1O,,1L:1L,1,0.03000300030003
921,3,2,1,1,2,1O:1O:2O,:1O,1O,,1L:1L,1,0.03000300030003
922,3,2,1,1,2,:1O:1O,1O:1O,3O1S,,1L:1L,1,0.03000300030003
923,3,2,1,1,2,:1O:1O,:,2O,,1L:1L,1,0.03000300030003
924,3,2,1,1,2,:1O:2O,1O:1O,1O,,1L:1L,1,0.03000300030003
925,3,2,1,1,2,:1O:2O,1O:1O,2O,,1L:1L,1,0.03000300030003
926,3,2,1,1,2,::1O,1O:1O,1N1O,,1L:1L,1,0.03000300030003
927,3,2,1,1,2,::1O,1O:1O,1O,,1L:1L,1,0.03000300030003
928,3,2,1,1,2,::1O,:1O,1O,,1L:1L,1,0.03000300030003
929,3,2,1,2,2,1O:1O:1O,:1O,1O,1S:1S:1S:1S:2S:2S:2S:3S,1L:1L,1,0.03000300030003
930,3,2,1,2,2,1O:1O:1O,:1O,2O,1S:1S:1S:2S:3S:3S:3S:3S,1L:1L,1,0.03000300030003
931,3,2,1,2,2,:1O:1O,1O:1O,1O,1S:1S:1S:1S:2S:2S:2S:2S,1L:1L,1,0.03000300030003
932,3,2,1,2,2,:1O:1O,1O:1O,1O,2S:2S:2S:2S:2S:2S:3S:3S,1L:1L,1,0.03000300030003
933,3,2,1,2,2,:1O:1O,1O:1O,1O,::1S:1S:1S:2S:2S:2S,1L:1L,1,0.03000300030003
934,3,2,1,2,2,:1O:1O,1O:1O,1O,::1S:1S:2S:2S:2S:2S,1L:1L,1,0.03000300030003
935,3,2,1,2,2,:1O:2O,1O:1O,1O,1S:1S:1S:1S:2S:2S:2S:2S,1L:1L,1,0.03000300030003
936,3,2,1,2,2,::1O,:1O,3O1S,1S:1S:1S:1S:2S:2S:2S:2S,1L:1L,1,0.03000300030003
937,3,2,1,1,2,1O:1O:1O,1O:1O,3O1S,,1L:1L,1,0.03000300030003
938,3,2,1,1,2,1O:1O:1O,1O:1O,,,1L:1L,1,0.03000300030003
939,3,2,0,2,2,1O:1O:1O,:,,1S:1S:1S:2S:3S:3S:3S:3S,1L:1L,1,0.03000300030003
940,3,2,1,1,1,::1O,:1O,3O1S,,1L,1,0.03000300030003
941,3,2,0,2,2,1O:1O:1O,:1O,,1S:1S:1S:2S:2S:2S:2S:3S,1L:1L,1,0.03000300030003
942,3,2,0,2,2,:1O:1O,1O:1O,,1S:1S:1S:1S:2S:2S:2S:2S,1L:1L,1,0.03000300030003
943,3,2,0,2,2,:1O:1O,1O:1O,,1S:1S:1S:1S:2S:2S:2S:3S,1L:1L,1,0.03000300030003
944,3,2,0,2,2,:1O:1O,1O:1O,,2S:2S:2S:2S:2S:2S:3S:3S,1L:1L,1,0.03000300030003
945,3,2,0,2,2,:1O:1O,1O:1O,,:1S:1S:2S:2S:2S:2S:3S,1L:1L,1,0.03000300030003
946,3,2,0,2,2,:1O:1O,1O:1O,,::1S:1S:1S:2S:2S:2S,1L:1L,1,0.03000300030003
947,3,2,0,2,2,:1O:1O,1O:1O,,::1S:1S:2S:2S:2S:2S,1L:1L,1,0.03000300030003
948,3,2,0,2,2,:1O:2O,1O:1O,,1S:1S:1S:1S:2S:2S:2S:2S,1L:1L,1,0.03000300030003
949,3,2,0,2,2,::1O,1O:1O,,1S:1S:1S:1S:2S:2S:2S:2S,1L:1L,1,0.03000300030003
950,3,2,0,2,2,::1O,:1O,,1S:1S:1S:1S:2S:2S:2S:2S,1L:1L,1,0.03000300030003
951,3,2,0,2,2,::1O,:1O,,:::1S:1S:2S:2S:2S,1L:1L,1,0.03000300030003
952,3,2,0,2,2,::2O,1O:1O,,:::1S:1S:2S:2S:2S,1L:1L,1,0.03000300030003
953,3,2,1,1,1,:1O:1O,:,2O1S,,1L,1,0.03000300030003
954,3,2,1,1,1,:1O:1O,:1O,,,1L,1,0.03000300030003
955,3,2,1,1,1,::,1O:1O,,,1L,1,0.03000300030003
956,3,2,1,1,1,::,1O:1O,1O,,1L,1,0.03000300030003
957,3,2,1,1,1,::,1O:1O,2O,,1L,1,0.03000300030003
958,3,2,1,1,1,::,:1O,1O,,1L,1,0.03000300030003
959,3,2,1,1,1,::1O,1O:1O,,,1L,1,0.03000300030003
960,3,2,1,1,1,::1O,:,1O,,1L,1,0.03000300030003
961,3,2,1,1,1,::1O,:1O,2O,,1L,1,0.03000300030003
962,3,1,1,1,1,::1O,1O,1N1O,,1L,1,0.03000300030003
963,3,1,1,1,1,:1O:1O,,2O1S,,1L,1,0.03000300030003
964,3,1,1,1,1,:1O:1O,,,,1L,1,0.03000300030003
965,2,2,2,1,2,:1O,:1O,1O:1O,,1L:1L,1,0.03000300030003
966,2,3,0,1,1,1O:1O,:1O:1O,,,1L,1,0.03000300030003
967,2,3,0,1,1,:,1O:1O:1O,,,1L,1,0.03000300030003
968,2,3,0,1,2,1O:1O,::1O,,,1L:1L,1,0.03000300030003
969,2,3,0,1,2,1O:2O,1O:1O:1O,,,1L:1L,1,0.03000300030003
970,2,3,0,1,2,2O:2O,:1O:1O,,,1L:1L,1,0.03000300030003
971,2,3,0,2,2,1O:1O,1O:1O:1O,,:::1S:1S:2S:2S:2S,1L:1L,1,0.03000300030003
972,2,3,0,2,2,1O:1O,:1O:1O,,1S:1S:1S:1S:2S:2S:2S:2S,1L:1L,1,0.03000300030003
973,2,3,0,2,2,1O:1O,::1O,,2S:2S:2S:2S:2S:2S:3S:3S,1L:1L,1,0.03000300030003
974,2,3,1,1,1,:,::1O,2O,,1L,1,0.03000300030003
975,2,3,1,1,1,:1O,:1O:1O,,,1L,1,0.03000300030003
976,2,3,1,1,1,:1O,:1O:1O,1O,,1L,1,0.03000300030003
977,2,3,1,1,1,:1O,::,,,1L,1,0.03000300030003
978,2,3,1,1,2,1O:1O,1O:1O:1O,2O1S,,1L:1L,1,0.03000300030003
979,2,3,1,1,2,1O:1O,:1O:1O,1N2O1S,,1L:1L,1,0.03000300030003
980,2,3,1,1,2,1O:1O,:1O:1O,3O,,1L:1L,1,0.03000300030003
981,2,3,1,1,2,1O:1O,:1O:1O,3O1S,,1L:1L,1,0.03000300030003
982,2,3,1,1,2,1O:1O,::1O,1O,,1L:1L,1,0.03000300030003
983,2,3,1,1,2,:1O,1O:1O:1O,,,1L:1L,1,0.03000300030003
984,2,3,1,1,2,:1O,1O:1O:1O,1N1O1S,,1L:1L,1,0.03000300030003
985,2,3,1,1,2,:1O,:1O:1O,,,1L:1L,1,0.03000300030003
986,2,3,1,1,2,:1O,:1O:1O,1N2O2S,,1L:1L,1,0.03000300030003
987,2,2,2,1,2,:2O,1O:1O,1O:2O,,1L:1L,1,0.03000300030003
988,2,2,2,1,2,1O:1O,:1O,:2O,,1L:1L,1,0.03000300030003
989,3,1,1,1,1,1O:1O:1O,,1O,,1L,1,0.03000300030003
990,2,2,2,1,2,1O:1O,1O:1O,:2O,,1L:1L,1,0.03000300030003
991,2,2,1,1,2,1O:1O,:1O,3O,,1L:1L,1,0.03000300030003
992,2,2,1,1,2,:1O,1O:1O,1N2O,,1L:1L,1,0.03000300030003
993,2,2,1,1,2,:1O,1O:1O,2O1S,,1L:1L,1,0.03000300030003
994,2,2,1,1,2,:1O,1O:1O,3O1S,,1L:1L,1,0.03000300030003
995,2,2,1,1,2,:1O,:1O,2O,,1L:1L,1,0.03000300030003
996,2,2,1,2,2,1O:1O,1O:1O,1O,1S:1S:1S:2S:3S:3S:3S:3S,1L:1L,1,0.03000300030003
997,2,2,1,2,2,1O:1O,1O:1O,1O,::1S:1S:2S:2S:2S:2S,1L:1L,1,0.03000300030003
998,2,2,1,2,2,1O:1O,1O:1O,2O,:::1S:1S:2S:2S:2S,1L:1L,1,0.03000300030003
999,2,2,1,2,2,1O:1O,:1O,,::1S:1S:1S:2S:2S:2S,1L:1L,1,0.03000300030003
1000,2,2,1,2,2,1O:1O,:1O,1O,:::1S:1S:2S:2S:2S,1L:1L,1,0.03000300030003
1001,2,2,1,2,2,1O:1O,:1O,2O,1S:1S:1S:2S:2S:3S:3S:3S,1L:1L,1,0.03000300030003
1002,2,2,1,2,2,:1O,1O:1O,1O,1S:1S:1S:2S:3S:3S:3S:3S,1L:1L,1,0.03000300030003
1003,2,2,1,2,2,:1O,1O:1O,2O,1S:1S:1S:1S:2S:2S:2S:2S,1L:1L,1,0.03000300030003
1004,2,2,1,2,2,:1O,:,3O1S,1S:1S:1S:2S:3S:3S:3S:3S,1L:1L,1,0.03000300030003
1005,2,2,1,2,2,:1O,:1O,1O,1S:1S:1S:1S:2S:2S:2S:3S,1L:1L,1,0.03000300030003
1006,2,2,1,2,2,:1O,:1O,1O,1S:1S:1S:2S:3S:3S:3S:3S,1L:1L,1,0.03000300030003
1007,2,2,1,2,2,:1O,:1O,2O,2S:2S:2S:2S:3S:3S:4S:4S,1L:1L,1,0.03000300030003
1008,2,2,1,2,2,:2O,1O:1O,2O1S,:::1S:1S:2S:2S:2S,1L:1L,1,0.03000300030003
1009,2,2,2,1,1,1O:1O,:,:1O,,1L,1,0.03000300030003
1010,2,2,2,1,1,:1O,:1O,:1O,,1L,1,0.03000300030003
1011,2,2,2,1,2,1O:1O,1O:1O,:1O,,1L:1L,1,0.03000300030003
1012,2,3,1,2,2,1O:1O,::1O,1N2O2S,1S:1S:1S:2S:2S:3S:3S:3S,1L:1L,1,0.03000300030003
1013,2,3,1,2,2,1O:1O,::1O,1O,1S:1S:1S:2S:3S:3S:3S:3S,1L:1L,1,0.03000300030003
1014,2,3,1,2,2,:1O,:1O:1O,1N1O,:::1S:1S:2S:2S:2S,1L:1L,1,0.03000300030003
1015,2,3,1,2,2,:1O,:1O:1O,1O,1S:1S:1S:1S:2S:2S:2S:2S,1L:1L,1,0.03000300030003
1016,3,0,2,1,2,1O:1O:1O,,1O:3O1S,,1L:1L,1,0.03000300030003
1017,3,0,2,1,2,1O:1O:1O,,2O:2O1S,,1L:1L,1,0.03000300030003
1018,3,0,2,1,2,:1O:1O,,1O:1O,,1L:1L,1,0.03000300030003
1019,3,0,2,1,2,:1O:1O,,1O:2O1S,,1L:1L,1,0.03000300030003
1020,3,1,0,1,1,1O:1O:2O,,,,1L,1,0.03000300030003
1021,3,1,0,1,1,::,1O,,,1L,1,0.03000300030003
1022,3,1,0,1,2,1O:1O:2O,1O,,,1L:1L,1,0.03000300030003
1023,3,1,0,1,2,:1O:1O,1O,,,1L:1L,1,0.03000300030003
1024,3,1,0,1,2,::,1O,,,1L:1L,1,0.03000300030003
1025,3,1,0,2,1,1O:1O:1O,1O,,1S:1S:1S:2S:3S:3S:3S:3S,1L,1,0.03000300030003
1026,3,1,0,2,1,::,1O,,1S:1S:1S:1S:2S:2S:2S:3S,1L,1,0.03000300030003
1027,3,1,0,2,1,::1O,1O,,1S:1S:1S:1S:2S:2S:2S:2S,1L,1,0.03000300030003
1028,3,1,0,2,1,::1O,1O,,1S:1S:1S:1S:2S:2S:2S:3S,1L,1,0.03000300030003
1029,3,1,0,2,2,1O:1O:1O,1O,,1S:1S:1S:1S:2S:2S:2S:2S,1L:1L,1,0.03000300030003
1030,3,1,0,2,2,1O:1O:1O,1O,,1S:1S:1S:1S:2S:2S:2S:3S,1L:1L,1,0.03000300030003
1031,3,1,0,2,2,1O:1O:1O,1O,,1S:1S:1S:2S:2S:2S:2S:3S,1L:1L,1,0.03000300030003
1032,3,1,0,2,2,1O:1O:1O,1O,,1S:1S:1S:2S:2S:3S:3S:3S,1L:1L,1,0.03000300030003
1033,3,1,0,2,2,1O:1O:1O,1O,,2S:2S:2S:3S:3S:4S:4S:4S,1L:1L,1,0.03000300030003
1034,3,1,0,2,2,1O:1O:1O,1O,,3S:3S:3S:3S:4S:4S:5S:5S,1L:1L,1,0.03000300030003
1035,3,1,0,2,2,:1O:1O,1O,,:::1S:1S:2S:2S:2S,1L:1L,1,0.03000300030003
1036,3,1,0,2,2,::,1O,,1S:1S:1S:1S:2S:2S:2S:3S,1L:1L,1,0.03000300030003
1037,3,0,2,1,2,1O:1O:1O,,1O:2O1S,,1L:1L,1,0.03000300030003
1038,3,0,2,1,2,1O:1O:1O,,1O:2O,,1L:1L,1,0.03000300030003
1039,3,0,2,1,1,:1O:1O,,:1O,,1L,1,0.03000300030003
1040,2,4,1,1,2,1O:1O,:::,2O,,1L:1L,1,0.03000300030003
1041,2,3,1,2,2,:1O,:1O:1O,1O,:1S:1S:1S:1S:2S:2S:2S,1L:1L,1,0.03000300030003
1042,2,3,2,1,1,1O:1O,::,:2O,,1L,1,0.03000300030003
1043,2,3,2,1,2,:1O,1O:1O:1O,:2O,,1L:1L,1,0.03000300030003
1044,2,4,0,1,1,1O:2O,:::1O,,,1L,1,0.03000300030003
1045,2,4,0,1,1,:,:::1O,,,1L,1,0.03000300030003
1046,2,4,0,1,2,:1O,:1O:1O:1O,,,1L:1L,1,0.03000300030003
1047,2,4,0,2,2,1O:1O,::1O:1O,,1S:1S:1S:1S:2S:2S:2S:3S,1L:1L,1,0.03000300030003
1048,2,4,1,1,1,:,::1O:1O,1O,,1L,1,0.03000300030003
1049,2,4,1,1,1,:1O,::1O:1O,,,1L,1,0.03000300030003
1050,2,4,1,1,2,:1O,:1O:1O:1O,2O,,1L:1L,1,0.03000300030003
1051,3,0,1,1,2,:1O:1O,,1O,,1L:1L,1,0.03000300030003
1052,2,4,1,1,2,:1O,::1O:1O,1O,,1L:1L,1,0.03000300030003
1053,2,4,1,1,2,:1O,::1O:1O,2O1S,,1L:1L,1,0.03000300030003
1054,2,4,2,1,2,:1O,::1O:1O,1O:1O,,1L:1L,1,0.03000300030003
1055,2,5,0,1,1,1O:1O,:::1O:1O,,,1L,1,0.03000300030003
1056,2,5,0,1,1,:,::1O:1O:1O,,,1L,1,0.03000300030003
1057,2,5,0,1,1,:1O,:::1O:1O,,,1L,1,0.03000300030003
1058,2,5,0,1,2,1O:1O,::1O:1O:1O,,,1L:1L,1,0.03000300030003
1059,3,0,0,1,1,:1O:1O,,,,1L,1,0.03000300030003
1060,3,0,1,1,1,:1O:1O,,,,1L,1,0.03000300030003
1061,8,1,0,1,1,:::::::1O,,,,1L,1,0.03000300030003
