,num_dol,num_tep,num_tfsi,num_ps,num_li,atoms_dol,atoms_tep,atoms_tfsi,atoms_ps,atoms_li,count,%
0,2,2,1,1,2,1O:1O,1O:1O,1O,,1L:1L,73,2.19021902190219
1,2,2,0,1,2,1O:1O,1O:1O,,,1L:1L,72,2.16021602160216
2,3,2,0,1,1,::1O,:1O,,,1L,61,1.8301830183018304
3,3,2,0,1,1,:1O:1O,:1O,,,1L,55,1.6501650165016502
4,2,2,0,1,1,:1O,:1O,,,1L,53,1.59015901590159
5,3,2,0,1,2,1O:1O:1O,1O:1O,,,1L:1L,52,1.56015601560156
6,1,3,0,1,2,1O,1O:1O:1O,,,1L:1L,39,1.17011701170117
7,2,3,0,1,1,:1O,::1O,,,1L,37,1.11011101110111
8,3,1,0,1,1,::1O,1O,,,1L,37,1.11011101110111
9,2,3,0,1,1,:1O,:1O:1O,,,1L,36,1.08010801080108
10,3,2,1,1,2,:1O:1O,1O:1O,1O,,1L:1L,35,1.05010501050105
11,1,3,1,1,2,1O,1O:1O:1O,1O,,1L:1L,35,1.05010501050105
12,4,1,0,1,1,::1O:1O,1O,,,1L,33,0.99009900990099
13,2,3,0,1,2,1O:1O,1O:1O:1O,,,1L:1L,32,0.96009600960096
14,4,1,0,1,1,:1O:1O:1O,,,,1L,32,0.96009600960096
15,4,2,0,1,1,::1O:1O,:1O,,,1L,29,0.8700870087008701
16,1,2,1,1,2,1O,1O:1O,1O,,1L:1L,29,0.8700870087008701
17,3,2,0,1,2,:1O:1O,1O:1O,,,1L:1L,29,0.8700870087008701
18,3,1,0,1,1,:1O:1O,1O,,,1L,28,0.8400840084008401
19,2,2,1,1,2,:1O,1O:1O,1O,,1L:1L,28,0.8400840084008401
20,1,3,0,1,1,1O,:1O:1O,,,1L,27,0.8100810081008101
21,3,1,1,1,2,1O:1O:1O,1O,1O,,1L:1L,26,0.7800780078007801
22,2,2,1,1,2,1O:1O,1O:1O,2O,,1L:1L,26,0.7800780078007801
23,2,3,0,1,1,:,:1O:1O,,,1L,26,0.7800780078007801
24,2,2,0,1,1,:1O,1O:1O,,,1L,25,0.7500750075007501
25,1,3,0,1,1,,:1O:1O,,,1L,25,0.7500750075007501
26,4,1,0,1,1,:::1O,1O,,,1L,24,0.7200720072007201
27,4,2,0,1,1,:::1O,:1O,,,1L,24,0.7200720072007201
28,2,1,1,1,2,1O:1O,1O,1O,,1L:1L,24,0.7200720072007201
29,4,1,0,1,1,::1O:1O,,,,1L,24,0.7200720072007201
30,3,2,0,1,1,::1O,1O:1O,,,1L,21,0.6300630063006301
31,3,2,0,1,1,:1O:1O,:,,,1L,21,0.6300630063006301
32,3,2,1,1,2,1O:1O:1O,1O:1O,1O,,1L:1L,20,0.6000600060006
33,1,4,0,1,1,1O,::1O:1O,,,1L,20,0.6000600060006
34,2,3,0,1,1,1O:1O,::1O,,,1L,20,0.6000600060006
35,1,3,1,1,2,1O,:1O:1O,1O,,1L:1L,19,0.57005700570057
36,2,2,0,1,2,:1O,1O:1O,,,1L:1L,19,0.57005700570057
37,3,3,0,1,1,::1O,::1O,,,1L,19,0.57005700570057
38,2,2,1,1,2,1O:1O,:1O,1O,,1L:1L,18,0.54005400540054
39,3,1,0,1,2,1O:1O:1O,1O,,,1L:1L,17,0.51005100510051
40,2,2,1,1,1,:1O,:,1O,,1L,17,0.51005100510051
41,3,1,0,1,1,:1O:1O,,,,1L,17,0.51005100510051
42,4,2,0,1,1,::1O:1O,:,,,1L,16,0.48004800480048
43,2,3,0,1,2,1O:1O,:1O:1O,,,1L:1L,16,0.48004800480048
44,1,2,0,1,2,1O,1O:1O,,,1L:1L,16,0.48004800480048
45,2,2,0,1,1,1O:1O,:1O,,,1L,16,0.48004800480048
46,4,2,0,1,2,:1O:1O:1O,1O:1O,,,1L:1L,16,0.48004800480048
47,1,2,1,1,2,1O,1O:1O,2O,,1L:1L,16,0.48004800480048
48,3,3,0,1,1,:1O:1O,::1O,,,1L,16,0.48004800480048
49,5,1,0,1,1,::1O:1O:1O,,,,1L,15,0.45004500450045
50,5,0,0,1,1,::1O:1O:1O,,,,1L,15,0.45004500450045
51,2,2,0,1,1,:,:1O,,,1L,14,0.42004200420042
52,2,2,0,1,1,:,1O:1O,,,1L,14,0.42004200420042
53,3,1,1,1,2,:1O:1O,1O,1O,,1L:1L,14,0.42004200420042
54,4,1,1,1,2,:1O:1O:1O,1O,1O,,1L:1L,14,0.42004200420042
55,2,3,0,1,2,:1O,1O:1O:1O,,,1L:1L,13,0.39003900390039
56,2,2,1,1,1,:1O,:1O,1O,,1L,13,0.39003900390039
57,3,2,0,1,1,::,1O:1O,,,1L,13,0.39003900390039
58,2,3,0,1,1,:,::1O,,,1L,13,0.39003900390039
59,1,2,2,1,2,1O,1O:1O,1O:1O,,1L:1L,12,0.36003600360036
60,4,2,0,1,1,:1O:1O:1O,:,,,1L,12,0.36003600360036
61,1,3,0,1,1,1O,::1O,,,1L,12,0.36003600360036
62,2,4,0,1,1,:1O,::1O:1O,,,1L,11,0.33003300330033
63,3,2,0,1,2,::1O,1O:1O,,,1L:1L,11,0.33003300330033
64,1,4,0,1,2,1O,1O:1O:1O:1O,,,1L:1L,11,0.33003300330033
65,3,1,1,1,1,::1O,,1O,,1L,11,0.33003300330033
66,0,4,0,1,1,,::1O:1O,,,1L,11,0.33003300330033
67,3,1,1,1,2,:1O:1O,1O,2O,,1L:1L,11,0.33003300330033
68,0,3,1,1,2,,1O:1O:1O,2O,,1L:1L,11,0.33003300330033
69,2,3,1,1,2,1O:1O,:1O:1O,1O,,1L:1L,11,0.33003300330033
70,3,2,1,1,2,1O:1O:1O,:1O,1O,,1L:1L,11,0.33003300330033
71,1,4,0,1,1,,::1O:1O,,,1L,11,0.33003300330033
72,3,2,0,1,1,1O:1O:1O,:,,,1L,11,0.33003300330033
73,3,1,1,1,2,1O:1O:1O,1O,2O,,1L:1L,11,0.33003300330033
74,1,3,1,1,2,1O,1O:1O:1O,2O,,1L:1L,11,0.33003300330033
75,1,4,0,1,2,1O,:1O:1O:1O,,,1L:1L,11,0.33003300330033
76,4,0,1,1,2,1O:1O:1O:1O,,1O,,1L:1L,10,0.3000300030003
77,2,1,1,1,2,1O:1O,1O,2O,,1L:1L,10,0.3000300030003
78,2,2,0,2,2,1O:1O,1O:1O,,1S:1S:1S:2S:2S:3S:3S:3S,1L:1L,10,0.3000300030003
79,1,3,0,1,1,,::1O,,,1L,10,0.3000300030003
80,5,1,0,1,1,:::1O:1O,1O,,,1L,10,0.3000300030003
81,3,2,0,1,1,::,:1O,,,1L,10,0.3000300030003
82,3,2,0,1,2,1O:1O:1O,:1O,,,1L:1L,10,0.3000300030003
83,3,2,0,1,1,::1O,:,,,1L,10,0.3000300030003
84,2,3,1,1,2,:1O,1O:1O:1O,1O,,1L:1L,9,0.27002700270027
85,2,1,0,1,2,1O:1O,1O,,,1L:1L,9,0.27002700270027
86,1,3,0,1,2,,1O:1O:1O,,,1L:1L,9,0.27002700270027
87,2,3,1,1,2,1O:1O,1O:1O:1O,1O,,1L:1L,9,0.27002700270027
88,2,1,1,1,1,:1O,,1O,,1L,9,0.27002700270027
89,5,2,0,1,1,:::1O:1O,:1O,,,1L,9,0.27002700270027
90,3,3,0,1,1,::1O,:1O:1O,,,1L,9,0.27002700270027
91,2,3,1,1,1,:1O,::1O,1O,,1L,9,0.27002700270027
92,1,2,0,1,1,,:1O,,,1L,9,0.27002700270027
93,2,2,1,1,2,:1O,1O:1O,2O,,1L:1L,9,0.27002700270027
94,1,2,0,1,1,1O,:1O,,,1L,9,0.27002700270027
95,5,1,0,1,1,:::1O:1O,,,,1L,9,0.27002700270027
96,2,2,1,1,2,1O:1O,:1O,2O,,1L:1L,9,0.27002700270027
97,3,2,1,1,1,::1O,:,1O,,1L,8,0.24002400240024
98,1,3,1,1,2,1O,:1O:1O,2O,,1L:1L,8,0.24002400240024
99,2,2,0,1,2,1O:1O,:1O,,,1L:1L,8,0.24002400240024
100,4,1,0,1,1,:::1O,,,,1L,8,0.24002400240024
101,2,1,2,1,2,1O:1O,1O,1O:1O,,1L:1L,8,0.24002400240024
102,1,4,0,1,1,1O,:::1O,,,1L,8,0.24002400240024
103,3,1,0,1,1,::1O,,,,1L,8,0.24002400240024
104,3,2,1,1,1,::1O,:1O,1O,,1L,8,0.24002400240024
105,3,2,0,1,2,:1O:1O,:1O,,,1L:1L,8,0.24002400240024
106,0,4,1,1,2,,1O:1O:1O:1O,1O,,1L:1L,8,0.24002400240024
107,2,2,2,1,2,1O:1O,1O:1O,1O:1O,,1L:1L,8,0.24002400240024
108,1,2,0,1,1,,1O:1O,,,1L,7,0.21002100210021
109,4,2,0,1,2,1O:1O:1O:1O,1O:1O,,,1L:1L,7,0.21002100210021
110,4,1,0,1,2,:1O:1O:1O,1O,,,1L:1L,7,0.21002100210021
111,2,1,0,1,1,:1O,1O,,,1L,7,0.21002100210021
112,5,2,0,1,1,::::1O,:1O,,,1L,7,0.21002100210021
113,2,1,1,1,2,:1O,1O,1O,,1L:1L,7,0.21002100210021
114,0,3,0,1,2,,1O:1O:1O,,,1L:1L,7,0.21002100210021
115,3,1,1,1,1,:1O:1O,,1O,,1L,7,0.21002100210021
116,4,1,0,1,1,:1O:1O:1O,1O,,,1L,7,0.21002100210021
117,1,3,0,1,2,1O,:1O:1O,,,1L:1L,7,0.21002100210021
118,2,4,0,1,1,:1O,:::1O,,,1L,7,0.21002100210021
119,4,2,0,1,1,:::1O,1O:1O,,,1L,7,0.21002100210021
120,2,2,1,1,1,1O:1O,:,1O,,1L,7,0.21002100210021
121,5,0,0,1,1,:::1O:1O,,,,1L,7,0.21002100210021
122,4,1,1,1,2,1O:1O:1O:1O,1O,1O,,1L:1L,7,0.21002100210021
123,1,3,1,1,2,,:1O:1O,1O,,1L:1L,7,0.21002100210021
124,4,2,0,1,1,:::,1O:1O,,,1L,7,0.21002100210021
125,6,0,0,1,1,:::1O:1O:1O,,,,1L,6,0.18001800180018
126,0,2,1,1,2,,1O:1O,2O,,1L:1L,6,0.18001800180018
127,0,4,1,1,2,,1O:1O:1O:1O,2O,,1L:1L,6,0.18001800180018
128,4,2,0,1,2,1O:1O:1O:1O,:1O,,,1L:1L,6,0.18001800180018
129,3,2,1,1,1,:1O:1O,:,1O,,1L,6,0.18001800180018
130,4,0,2,1,2,1O:1O:1O:1O,,1O:1O,,1L:1L,6,0.18001800180018
131,4,0,0,1,1,::1O:1O,,,,1L,6,0.18001800180018
132,2,1,0,1,1,:,1O,,,1L,6,0.18001800180018
133,2,2,0,1,1,:1O,:,,,1L,6,0.18001800180018
134,3,3,0,1,2,:1O:1O,1O:1O:1O,,,1L:1L,6,0.18001800180018
135,1,3,0,2,2,1O,1O:1O:1O,,:::1S:1S:2S:2S:2S,1L:1L,6,0.18001800180018
136,2,2,0,2,2,1O:1O,1O:1O,,1S:1S:1S:2S:3S:3S:3S:3S,1L:1L,6,0.18001800180018
137,2,2,1,1,2,1O:1O,1O:1O,3O,,1L:1L,6,0.18001800180018
138,2,1,0,1,1,:1O,,,,1L,6,0.18001800180018
139,0,3,0,1,1,,::1O,,,1L,6,0.18001800180018
140,3,1,0,1,2,:1O:1O,1O,,,1L:1L,6,0.18001800180018
141,3,1,0,1,1,1O:1O:1O,,,,1L,6,0.18001800180018
142,4,2,1,1,1,::1O:1O,:,1O,,1L,6,0.18001800180018
143,3,1,1,1,1,::1O,1O,1O,,1L,5,0.15001500150015
144,2,4,0,1,1,1O:1O,:::1O,,,1L,5,0.15001500150015
145,0,5,0,1,1,,:::1O:1O,,,1L,5,0.15001500150015
146,2,3,0,1,1,1O:1O,::,,,1L,5,0.15001500150015
147,0,2,1,1,2,,1O:1O,1O,,1L:1L,5,0.15001500150015
148,1,3,1,1,2,,1O:1O:1O,1O,,1L:1L,5,0.15001500150015
149,1,3,1,1,1,,::1O,1O,,1L,5,0.15001500150015
150,0,3,1,1,2,,1O:1O:1O,1O,,1L:1L,5,0.15001500150015
151,3,3,0,1,1,::,:1O:1O,,,1L,5,0.15001500150015
152,4,0,0,1,1,:1O:1O:1O,,,,1L,5,0.15001500150015
153,3,2,1,1,2,::1O,1O:1O,1O,,1L:1L,5,0.15001500150015
154,3,3,0,1,2,1O:1O:1O,1O:1O:1O,,,1L:1L,5,0.15001500150015
155,2,2,0,2,2,1O:1O,:1O,,1S:1S:1S:2S:3S:3S:3S:3S,1L:1L,5,0.15001500150015
156,2,2,0,2,2,1O:1O,1O:1O,,1S:1S:1S:2S:2S:2S:3S:3S,1L:1L,5,0.15001500150015
157,3,0,1,1,2,1O:1O:1O,,1O,,1L:1L,5,0.15001500150015
158,1,2,0,1,1,1O,1O:1O,,,1L,5,0.15001500150015
159,4,1,1,1,1,:::1O,,1O,,1L,5,0.15001500150015
160,2,3,0,1,2,:1O,:1O:1O,,,1L:1L,5,0.15001500150015
161,1,4,0,1,2,1O,::1O:1O,,,1L:1L,4,0.12001200120012
162,2,1,0,1,1,1O:1O,1O,,,1L,4,0.12001200120012
163,6,1,0,1,1,:::1O:1O:1O,,,,1L,4,0.12001200120012
164,2,2,1,1,1,:1O,:1O,,,1L,4,0.12001200120012
165,2,2,1,1,1,:,:1O,1O,,1L,4,0.12001200120012
166,4,1,1,1,1,::1O:1O,,1O,,1L,4,0.12001200120012
167,3,2,1,1,2,:1O:1O,1O:1O,2O,,1L:1L,4,0.12001200120012
168,3,3,0,1,2,1O:1O:1O,:1O:1O,,,1L:1L,4,0.12001200120012
169,3,2,1,1,2,:1O:1O,:1O,1O,,1L:1L,4,0.12001200120012
170,2,2,0,1,2,1O:2O,1O:1O,,,1L:1L,4,0.12001200120012
171,1,4,0,1,1,,:::1O,,,1L,4,0.12001200120012
172,2,2,1,1,2,1O:1O,1O:2O,1O,,1L:1L,4,0.12001200120012
173,2,2,2,1,1,:1O,:,1O:1O,,1L,4,0.12001200120012
174,2,4,0,1,1,:,::1O:1O,,,1L,4,0.12001200120012
175,2,2,2,1,2,:1O,1O:1O,1O:1O,,1L:1L,4,0.12001200120012
176,2,3,1,1,2,1O:1O,::1O,1O,,1L:1L,4,0.12001200120012
177,6,1,0,1,1,::::1O:1O,1O,,,1L,4,0.12001200120012
178,0,4,1,1,2,,:1O:1O:1O,1O,,1L:1L,4,0.12001200120012
179,1,3,1,1,1,,:1O:1O,1O,,1L,4,0.12001200120012
180,4,1,1,1,2,:1O:1O:1O,1O,2O,,1L:1L,4,0.12001200120012
181,5,1,0,1,1,::::1O,1O,,,1L,4,0.12001200120012
182,1,1,1,1,2,1O,1O,2O,,1L:1L,4,0.12001200120012
183,3,1,0,1,1,::,1O,,,1L,4,0.12001200120012
184,5,0,0,2,2,:1O:1O:1O:1O,,,1S:1S:1S:2S:3S:3S:3S:3S,1L:1L,4,0.12001200120012
185,5,0,0,1,1,:1O:1O:1O:1O,,,,1L,4,0.12001200120012
186,1,2,1,1,1,,:1O,1O,,1L,4,0.12001200120012
187,1,2,1,1,1,1O,:,1O,,1L,4,0.12001200120012
188,4,2,1,1,2,:1O:1O:1O,1O:1O,1O,,1L:1L,4,0.12001200120012
189,4,2,0,1,2,:1O:1O:1O,:1O,,,1L:1L,4,0.12001200120012
190,1,2,1,1,2,1O,:1O,1O,,1L:1L,4,0.12001200120012
191,1,4,1,1,2,1O,1O:1O:1O:1O,1O,,1L:1L,4,0.12001200120012
192,1,3,0,2,2,1O,:1O:1O,,:::1S:1S:2S:2S:2S,1L:1L,4,0.12001200120012
193,4,3,0,1,1,::1O:1O,::1O,,,1L,3,0.09000900090009
194,3,1,0,1,2,1O:1O:1O,,,,1L:1L,3,0.09000900090009
195,2,2,0,2,2,:1O,1O:1O,,1S:1S:1S:2S:3S:3S:3S:3S,1L:1L,3,0.09000900090009
196,3,3,0,1,2,:1O:1O,:1O:1O,,,1L:1L,3,0.09000900090009
197,2,4,0,1,2,:1O,:1O:1O:1O,,,1L:1L,3,0.09000900090009
198,4,0,1,1,1,::1O:1O,,1O,,1L,3,0.09000900090009
199,2,2,1,1,2,1O:1O,1O:1O,,,1L:1L,3,0.09000900090009
200,3,0,2,1,2,1O:1O:1O,,1O:1O,,1L:1L,3,0.09000900090009
201,1,3,1,1,1,1O,::1O,1O,,1L,3,0.09000900090009
202,4,0,0,1,2,1O:1O:1O:1O,,,,1L:1L,3,0.09000900090009
203,3,2,0,1,2,1O:1O:1O,:,,,1L:1L,3,0.09000900090009
204,3,0,2,1,2,:1O:1O,,1O:1O,,1L:1L,3,0.09000900090009
205,4,1,1,1,2,1O:1O:1O:1O,,1O,,1L:1L,3,0.09000900090009
206,2,3,1,1,2,:1O,1O:1O:1O,2O,,1L:1L,3,0.09000900090009
207,1,5,0,1,1,1O,:::1O:1O,,,1L,3,0.09000900090009
208,1,5,0,1,1,,:::1O:1O,,,1L,3,0.09000900090009
209,2,2,0,2,2,:1O,1O:1O,,1S:1S:1S:2S:2S:3S:3S:3S,1L:1L,3,0.09000900090009
210,2,1,1,1,2,1O:1O,,1O,,1L:1L,3,0.09000900090009
211,0,4,1,1,2,,:1O:1O:1O,2O,,1L:1L,3,0.09000900090009
212,2,3,1,1,1,1O:1O,::,1O,,1L,3,0.09000900090009
213,1,2,0,2,2,1O,1O:1O,,1S:1S:1S:2S:3S:3S:3S:3S,1L:1L,3,0.09000900090009
214,1,2,1,1,2,,1O:1O,2O,,1L:1L,3,0.09000900090009
215,3,0,1,1,2,1O:1O:1O,,2O,,1L:1L,3,0.09000900090009
216,4,3,0,1,1,::1O:1O,::,,,1L,3,0.09000900090009
217,2,2,0,2,2,1O:1O,1O:1O,,1S:1S:1S:1S:2S:2S:2S:2S,1L:1L,3,0.09000900090009
218,2,3,1,1,1,:1O,::,1O,,1L,3,0.09000900090009
219,3,2,0,2,2,1O:1O:1O,1O:1O,,1S:1S:1S:2S:2S:3S:3S:3S,1L:1L,3,0.09000900090009
220,2,2,0,1,2,:1O,:1O,,,1L:1L,3,0.09000900090009
221,3,3,1,1,1,::1O,::1O,1O,,1L,3,0.09000900090009
222,4,3,0,1,1,:::1O,::1O,,,1L,3,0.09000900090009
223,2,2,0,1,1,1O:1O,:,,,1L,3,0.09000900090009
224,0,3,1,1,2,,:1O:1O,1O,,1L:1L,3,0.09000900090009
225,0,3,0,1,2,,:1O:1O,,,1L:1L,3,0.09000900090009
226,4,1,0,1,1,1O:1O:1O:1O,,,,1L,3,0.09000900090009
227,3,3,1,1,2,1O:1O:1O,:1O:1O,1O,,1L:1L,3,0.09000900090009
228,2,4,0,1,1,:,:::1O,,,1L,3,0.09000900090009
229,2,2,2,1,2,1O:1O,:1O,:1O,,1L:1L,3,0.09000900090009
230,5,2,0,1,1,::1O:1O:1O,:,,,1L,3,0.09000900090009
231,5,1,0,1,1,:1O:1O:1O:1O,,,,1L,3,0.09000900090009
232,1,3,1,1,1,1O,::,1O,,1L,3,0.09000900090009
233,4,1,0,1,2,1O:1O:1O:1O,1O,,,1L:1L,3,0.09000900090009
234,1,3,1,1,1,1O,::1O,,,1L,3,0.09000900090009
235,4,2,0,1,1,:1O:1O:1O,:1O,,,1L,3,0.09000900090009
236,7,0,0,1,1,::::1O:1O:1O,,,,1L,3,0.09000900090009
237,1,4,1,1,1,,:::1O,1O,,1L,3,0.09000900090009
238,1,2,2,1,2,1O,1O:1O,1O:2O,,1L:1L,3,0.09000900090009
239,1,3,0,1,2,,:1O:1O,,,1L:1L,3,0.09000900090009
240,3,1,1,1,2,:1O:1O,,1O,,1L:1L,3,0.09000900090009
241,0,3,1,1,1,,::1O,1O,,1L,3,0.09000900090009
242,3,1,1,1,2,1O:1O:1O,,1O,,1L:1L,3,0.09000900090009
243,1,1,2,1,2,1O,1O,1O:1O,,1L:1L,3,0.09000900090009
244,4,1,1,1,2,::1O:1O,1O,1O,,1L:1L,3,0.09000900090009
245,3,2,0,2,2,1O:1O:1O,:1O,,1S:1S:1S:2S:2S:3S:3S:3S,1L:1L,2,0.06000600060006
246,3,2,0,2,2,1O:1O:1O,1O:1O,,:::1S:1S:2S:2S:2S,1L:1L,2,0.06000600060006
247,3,2,0,2,2,1O:1O:1O,1O:1O,,1S:1S:1S:2S:3S:3S:3S:3S,1L:1L,2,0.06000600060006
248,2,2,0,2,2,1O:1O,:1O,,1S:1S:1S:2S:2S:2S:2S:2S,1L:1L,2,0.06000600060006
249,4,3,0,1,2,:1O:1O:1O,1O:1O:1O,,,1L:1L,2,0.06000600060006
250,1,2,0,2,2,1O,1O:1O,,1S:1S:1S:2S:2S:2S:3S:3S,1L:1L,2,0.06000600060006
251,3,2,1,1,2,::1O,:1O,2O,,1L:1L,2,0.06000600060006
252,3,3,1,1,1,:1O:1O,::,1O,,1L,2,0.06000600060006
253,2,2,0,2,1,:,:1O,,:::1S:1S:2S:2S:2S,1L,2,0.06000600060006
254,3,1,1,1,1,::1O,1O,,,1L,2,0.06000600060006
255,1,3,1,1,1,1O,:1O:1O,,,1L,2,0.06000600060006
256,2,3,1,1,1,:,::1O,1O,,1L,2,0.06000600060006
257,5,1,0,1,2,1O:1O:1O:1O:1O,1O,,,1L:1L,2,0.06000600060006
258,2,3,0,1,1,1O:1O,:1O:1O,,,1L,2,0.06000600060006
259,1,1,0,1,1,,1O,,,1L,2,0.06000600060006
260,0,5,0,1,2,,:::1O:1O,,,1L:1L,2,0.06000600060006
261,2,2,0,1,2,:,1O:1O,,,1L:1L,2,0.06000600060006
262,3,2,0,2,1,::1O,:1O,,:::1S:1S:2S:2S:2S,1L,2,0.06000600060006
263,5,1,0,1,2,:1O:1O:1O:1O,1O,,,1L:1L,2,0.06000600060006
264,4,3,0,1,1,:::1O,:1O:1O,,,1L,2,0.06000600060006
265,4,3,0,1,1,:::,:1O:1O,,,1L,2,0.06000600060006
266,5,1,0,1,1,::::1O,,,,1L,2,0.06000600060006
267,3,2,0,2,2,:1O:1O,1O:1O,,1S:1S:1S:2S:3S:3S:3S:3S,1L:1L,2,0.06000600060006
268,2,2,2,1,2,1O:1O,1O:1O,1O:2O,,1L:1L,2,0.06000600060006
269,5,1,0,1,1,::1O:1O:1O,1O,,,1L,2,0.06000600060006
270,0,2,1,1,2,,:1O,2O,,1L:1L,2,0.06000600060006
271,3,2,2,1,2,:1O:1O,1O:1O,1O:1O,,1L:1L,2,0.06000600060006
272,2,2,1,1,2,:,1O:1O,1O,,1L:1L,2,0.06000600060006
273,3,2,1,1,2,::1O,:1O,1O,,1L:1L,2,0.06000600060006
274,2,3,0,2,1,:1O,::1O,,:::1S:1S:2S:2S:2S,1L,2,0.06000600060006
275,3,3,0,1,1,1O:1O:1O,::1O,,,1L,2,0.06000600060006
276,3,2,1,1,1,::,:,1O,,1L,2,0.06000600060006
277,3,2,1,1,2,:1O:1O,:1O,2O,,1L:1L,2,0.06000600060006
278,3,3,0,1,1,:1O:1O,::,,,1L,2,0.06000600060006
279,5,0,1,1,2,1O:1O:1O:1O:1O,,,,1L:1L,2,0.06000600060006
280,6,1,0,1,1,::::1O:1O,,,,1L,2,0.06000600060006
281,2,2,1,1,2,:1O,:1O,1O,,1L:1L,2,0.06000600060006
282,1,3,1,1,2,,1O:1O:1O,2O,,1L:1L,2,0.06000600060006
283,2,2,1,1,2,1O:1O,1O:1O,3O1S,,1L:1L,2,0.06000600060006
284,5,1,0,1,2,::1O:1O:1O,1O,,,1L:1L,2,0.06000600060006
285,2,2,1,1,2,1O:1O,1O:1O,2O1S,,1L:1L,2,0.06000600060006
286,6,1,0,1,1,:::::1O,1O,,,1L,2,0.06000600060006
287,6,1,0,1,1,::1O:1O:1O:1O,,,,1L,2,0.06000600060006
288,1,2,0,1,2,1O,:1O,,,1L:1L,2,0.06000600060006
289,1,2,0,1,2,2O,1O:1O,,,1L:1L,2,0.06000600060006
290,3,3,0,1,1,::,::1O,,,1L,2,0.06000600060006
291,2,2,1,1,1,:1O,1O:1O,,,1L,2,0.06000600060006
292,2,2,1,1,1,:,1O:1O,1O,,1L,2,0.06000600060006
293,5,0,0,1,2,1O:1O:1O:1O:1O,,,,1L:1L,2,0.06000600060006
294,5,0,0,1,1,::::1O,,,,1L,2,0.06000600060006
295,2,2,1,1,1,1O:1O,:,2O,,1L,2,0.06000600060006
296,1,1,1,1,2,1O,1O,1O,,1L:1L,2,0.06000600060006
297,1,1,2,1,2,1O,1O,1O:2O,,1L:1L,2,0.06000600060006
298,2,2,0,2,2,:1O,:1O,,1S:1S:1S:2S:3S:3S:3S:3S,1L:1L,2,0.06000600060006
299,5,0,1,1,1,:::1O:1O,,,,1L,2,0.06000600060006
300,5,2,0,1,2,:1O:1O:1O:1O,1O:1O,,,1L:1L,2,0.06000600060006
301,2,2,0,1,1,:2O,:1O,,,1L,2,0.06000600060006
302,5,1,1,1,2,:1O:1O:1O:1O,1O,1O,,1L:1L,2,0.06000600060006
303,1,4,1,1,2,,:1O:1O:1O,1O,,1L:1L,2,0.06000600060006
304,1,2,1,1,2,1O,:1O,2O,,1L:1L,2,0.06000600060006
305,2,3,1,1,2,:1O,:1O:1O,1O,,1L:1L,2,0.06000600060006
306,4,0,2,1,2,:1O:1O:1O,,1O:1O,,1L:1L,2,0.06000600060006
307,4,0,2,1,2,1O:1O:1O:1O,,:2O,,1L:1L,2,0.06000600060006
308,4,0,2,1,2,1O:1O:1O:1O,,:1O,,1L:1L,2,0.06000600060006
309,4,0,2,1,1,:::1O,,:1O,,1L,2,0.06000600060006
310,4,0,1,1,2,::1O:1O,,1O,,1L:1L,2,0.06000600060006
311,4,0,1,1,1,:::1O,,1O,,1L,2,0.06000600060006
312,2,1,0,1,1,1O:1O,,,,1L,2,0.06000600060006
313,4,2,0,1,2,::1O:1O,1O:1O,,,1L:1L,2,0.06000600060006
314,2,1,0,1,1,:,,,,1L,2,0.06000600060006
315,3,2,0,1,2,::1O,:1O,,,1L:1L,2,0.06000600060006
316,0,4,1,1,1,,::1O:1O,1O,,1L,2,0.06000600060006
317,2,1,0,1,2,:1O,1O,,,1L:1L,2,0.06000600060006
318,3,2,0,1,1,:1O:1O,1O:1O,,,1L,2,0.06000600060006
319,1,2,2,1,1,,:1O,:1O,,1L,2,0.06000600060006
320,2,3,2,1,1,:1O,::,1O:1O,,1L,2,0.06000600060006
321,3,1,0,2,2,:1O:1O,1O,,:::1S:1S:2S:2S:2S,1L:1L,2,0.06000600060006
322,4,1,0,1,1,::1O:1O,2O,,,1L,2,0.06000600060006
323,1,3,1,1,2,1O,1O:1O:1O,1N2O,,1L:1L,2,0.06000600060006
324,1,3,1,1,2,1O,:1O:1O,3O1S,,1L:1L,2,0.06000600060006
325,1,3,0,2,2,,1O:1O:1O,,:::1S:1S:2S:2S:2S,1L:1L,2,0.06000600060006
326,1,3,1,1,2,1O,::1O,2O,,1L:1L,2,0.06000600060006
327,4,1,0,1,2,:1O:1O:2O,1O,,,1L:1L,2,0.06000600060006
328,3,1,0,1,2,::1O,1O,,,1L:1L,2,0.06000600060006
329,4,2,0,1,1,:1O:1O:2O,:,,,1L,2,0.06000600060006
330,1,3,0,1,1,1O,:1O:2O,,,1L,2,0.06000600060006
331,4,2,0,1,1,:::1O,:,,,1L,2,0.06000600060006
332,0,4,0,1,2,,1O:1O:1O:1O,,,1L:1L,2,0.06000600060006
333,1,2,2,1,1,1O,:,1O:1O,,1L,2,0.06000600060006
334,3,2,0,1,2,:1O:1O,1O:2O,,,1L:1L,2,0.06000600060006
335,4,1,0,1,1,:::,1O,,,1L,2,0.06000600060006
336,4,1,0,1,1,:::,,,,1L,2,0.06000600060006
337,4,1,0,1,1,::1O:2O,1O,,,1L,2,0.06000600060006
338,3,2,0,2,1,::,:1O,,1S:1S:1S:2S:3S:3S:3S:3S,1L,2,0.06000600060006
339,0,4,1,1,1,,:::1O,1O,,1L,2,0.06000600060006
340,2,3,1,1,2,1O:1O,:1O:1O,2O,,1L:1L,2,0.06000600060006
341,2,1,2,1,1,:,,1O:1O,,1L,2,0.06000600060006
342,3,1,2,1,2,:1O:1O,1O,:1O,,1L:1L,2,0.06000600060006
343,2,1,1,1,2,1O:1O,1O,,,1L:1L,2,0.06000600060006
344,2,3,1,1,1,:1O,::1O,,,1L,2,0.06000600060006
345,3,4,0,1,1,:1O:1O,:::1O,,,1L,2,0.06000600060006
346,6,0,0,1,1,::::1O:1O,,,,1L,2,0.06000600060006
347,3,3,1,1,2,::1O,:1O:1O,1O,,1L:1L,2,0.06000600060006
348,2,1,1,1,2,:1O,1O,2O,,1L:1L,2,0.06000600060006
349,3,3,1,1,2,:1O:1O,::1O,1O,,1L:1L,2,0.06000600060006
350,3,0,0,1,1,::1O,,,,1L,2,0.06000600060006
351,1,2,1,1,1,1O,:1O,,,1L,2,0.06000600060006
352,2,1,2,1,2,1O:1O,1O,1O:2O,,1L:1L,2,0.06000600060006
353,3,3,1,1,2,:1O:1O,1O:1O:1O,1O,,1L:1L,2,0.06000600060006
354,2,1,2,1,2,:1O,1O,1O:1O,,1L:1L,2,0.06000600060006
355,4,1,1,1,1,:::1O,,2O,,1L,2,0.06000600060006
356,3,1,1,1,1,:1O:1O,,,,1L,2,0.06000600060006
357,3,1,1,1,1,:1O:1O,1O,,,1L,2,0.06000600060006
358,4,2,1,1,2,::1O:1O,1O:1O,1O,,1L:1L,2,0.06000600060006
359,2,2,0,1,1,1O:1O,1O:2O,,,1L,2,0.06000600060006
360,2,1,1,1,1,1O:1O,,1O,,1L,2,0.06000600060006
361,1,2,1,1,2,1O,1O:1O,1N1O,,1L:1L,2,0.06000600060006
362,4,0,1,1,1,::1O:1O,,,,1L,2,0.06000600060006
363,2,1,0,2,2,:1O,1O,,1S:1S:1S:2S:3S:3S:3S:3S,1L:1L,2,0.06000600060006
364,3,2,0,2,2,:1O:1O,1O:1O,,1S:1S:1S:2S:2S:3S:3S:3S,1L:1L,1,0.03000300030003
365,3,1,1,1,2,1O:1O:1O,1O,2O1S,,1L:1L,1,0.03000300030003
366,3,1,2,1,1,::1O,,1O:2O,,1L,1,0.03000300030003
367,3,1,1,1,2,1O:1O:2O,,1O,,1L:1L,1,0.03000300030003
368,3,1,1,1,2,:1O:1O,1O,2O1S,,1L:1L,1,0.03000300030003
369,3,2,0,2,2,1O:1O:1O,1O:1O,,1S:1S:1S:2S:2S:2S:2S:2S,1L:1L,1,0.03000300030003
370,3,1,2,1,2,1O:1O:1O,,1O:1O,,1L:1L,1,0.03000300030003
371,3,2,0,1,2,1O:1O:2O,1O:1O,,,1L:1L,1,0.03000300030003
372,3,2,0,2,2,::1O,1O:1O,,1S:1S:1S:2S:2S:2S:3S:3S,1L:1L,1,0.03000300030003
373,3,2,1,1,1,::1O,:1O,,,1L,1,0.03000300030003
374,3,1,1,1,2,::1O,1O,2O,,1L:1L,1,0.03000300030003
375,3,1,1,1,2,1O:1O:2O,1O,1O,,1L:1L,1,0.03000300030003
376,3,2,0,2,2,:1O:1O,1O:1O,,1S:2S:2S:2S:3S:3S:3S:3S,1L:1L,1,0.03000300030003
377,3,1,1,1,2,1O:1O:1O,3O,1O,,1L:1L,1,0.03000300030003
378,3,1,2,1,2,1O:1O:1O,,:2O,,1L:1L,1,0.03000300030003
379,3,1,1,1,2,1O:1O:1O,1O,3O,,1L:1L,1,0.03000300030003
380,3,1,1,1,2,:1O:1O,,2O,,1L:1L,1,0.03000300030003
381,3,1,2,1,1,::1O,,1O:1O,,1L,1,0.03000300030003
382,3,2,0,2,1,::,:1O,,:::1S:1S:2S:2S:2S,1L,1,0.03000300030003
383,3,2,0,2,1,::1O,:1O,,1S:1S:1S:1S:2S:3S:3S:3S,1L,1,0.03000300030003
384,3,2,0,1,2,:1O:2O,1O:1O,,,1L:1L,1,0.03000300030003
385,3,2,0,2,2,:1O:1O,1O:1O,,1S:1S:1S:2S:2S:2S:3S:3S,1L:1L,1,0.03000300030003
386,3,2,0,2,2,1O:1O:2O,1O:1O,,:::1S:1S:2S:2S:2S,1L:1L,1,0.03000300030003
387,3,2,0,2,1,::,:1O,,2S:2S:2S:2S:3S:3S:3S:3S,1L,1,0.03000300030003
388,3,2,0,2,2,1O:1O:1O,:1O,,:::1S:1S:2S:2S:2S,1L:1L,1,0.03000300030003
389,3,2,0,2,2,1O:1O:1O,:1O,,1S:1S:1S:2S:3S:3S:3S:3S,1L:1L,1,0.03000300030003
390,3,2,1,1,1,::,:1O,1O,,1L,1,0.03000300030003
391,3,2,0,1,2,1O:1O:1O,1O:2O,,,1L:1L,1,0.03000300030003
392,3,2,0,2,2,:1O:1O,:1O,,1S:1S:1S:2S:2S:3S:3S:3S,1L:1L,1,0.03000300030003
393,3,2,0,1,1,1O:1O:1O,:1O,,,1L,1,0.03000300030003
394,3,1,2,1,2,1O:1O:1O,1O,1O:1O,,1L:1L,1,0.03000300030003
395,3,1,1,1,2,:1O:2O,1O,1O,,1L:1L,1,0.03000300030003
396,3,2,0,1,1,:1O:1O,1O:2O,,,1L,1,0.03000300030003
397,3,2,1,1,1,::1O,:,2O,,1L,1,0.03000300030003
398,3,1,2,1,1,::,1O,:2O,,1L,1,0.03000300030003
399,3,2,0,2,1,::,:1O,,1S:1S:1S:2S:2S:3S:3S:3S,1L,1,0.03000300030003
400,3,2,0,1,1,:1O:2O,:,,,1L,1,0.03000300030003
401,0,1,1,1,2,,1O,2O,,1L:1L,1,0.03000300030003
402,3,2,1,1,2,1O:1O:1O,1O:1O,,,1L:1L,1,0.03000300030003
403,4,2,1,1,2,:::1O,:1O,1O,,1L:1L,1,0.03000300030003
404,5,0,1,1,2,::1O:1O:1O,,1N2O,,1L:1L,1,0.03000300030003
405,5,0,1,1,2,:1O:1O:1O:1O,,1O,,1L:1L,1,0.03000300030003
406,5,0,1,1,1,::::2O,,1O,,1L,1,0.03000300030003
407,5,0,0,2,2,1O:1O:1O:1O:1O,,,1S:1S:1S:2S:3S:3S:3S:3S,1L:1L,1,0.03000300030003
408,5,0,0,2,1,::1O:1O:1O,,,1S:1S:1S:2S:3S:3S:3S:3S,1L,1,0.03000300030003
409,5,0,0,1,2,::1O:1O:1O,,,,1L:1L,1,0.03000300030003
410,5,0,0,1,2,:1O:1O:1O:2O,,,,1L:1L,1,0.03000300030003
411,5,0,0,1,2,:1O:1O:1O:1O,,,,1L:1L,1,0.03000300030003
412,4,3,0,1,2,::1O:1O,:1O:2O,,,1L:1L,1,0.03000300030003
413,4,3,0,1,2,1O:1O:1O:1O,:1O:1O,,,1L:1L,1,0.03000300030003
414,4,3,0,1,1,:1O:1O:1O,::1O,,,1L,1,0.03000300030003
415,4,2,2,1,2,::1O:1O,1O:1O,1O:1O,,1L:1L,1,0.03000300030003
416,4,2,1,1,2,::1O:1O,1O:1O,2O1S,,1L:1L,1,0.03000300030003
417,5,0,2,1,2,1O:1O:1O:1O:1O,,1O:1O,,1L:1L,1,0.03000300030003
418,4,2,1,1,2,:1O:1O:1O,:1O,2O,,1L:1L,1,0.03000300030003
419,4,2,1,1,2,1O:1O:1O:1O,1O:1O,1O,,1L:1L,1,0.03000300030003
420,4,2,1,1,1,:::1O,:,1O,,1L,1,0.03000300030003
421,4,2,0,2,2,::1O:1O,1O:1O,,1S:1S:1S:2S:3S:3S:3S:3S,1L:1L,1,0.03000300030003
422,4,2,0,1,2,:::1O,1O:1O,,,1L:1L,1,0.03000300030003
423,4,2,0,1,1,:::2O,:1O,,,1L,1,0.03000300030003
424,4,1,2,1,2,:1O:1O:1O,,1O:1O,,1L:1L,1,0.03000300030003
425,4,1,2,1,1,:::1O,,:1O,,1L,1,0.03000300030003
426,4,1,1,1,2,::1O:1O,,1O,,1L:1L,1,0.03000300030003
427,4,1,1,1,2,1O:1O:1O:1O,2O,1O,,1L:1L,1,0.03000300030003
428,4,1,1,1,2,1O:1O:1O:1O,1O,2O,,1L:1L,1,0.03000300030003
429,4,1,1,1,1,:::1O,1O,2O,,1L,1,0.03000300030003
430,5,0,1,1,2,::1O:1O:1O,,1O,,1L:1L,1,0.03000300030003
431,5,1,0,1,2,1O:1O:1O:1O:1O,,,,1L:1L,1,0.03000300030003
432,4,1,1,1,1,:::,,1O,,1L,1,0.03000300030003
433,5,3,0,1,1,:::1O:1O,::1O,,,1L,1,0.03000300030003
434,7,0,0,1,2,::1O:1O:1O:1O:1O,,,,1L:1L,1,0.03000300030003
435,7,0,0,1,1,:::::1O:1O,,,,1L,1,0.03000300030003
436,6,1,0,1,2,::1O:1O:1O:1O,1O,,,1L:1L,1,0.03000300030003
437,6,1,0,1,1,:::1O:1O:1O,1O,,,1L,1,0.03000300030003
438,6,0,1,1,2,:1O:1O:1O:1O:1O,,1O,,1L:1L,1,0.03000300030003
439,6,0,1,1,1,::::1O:1O,,1O,,1L,1,0.03000300030003
440,6,0,1,1,1,::::1O:1O,,,,1L,1,0.03000300030003
441,6,0,0,2,2,:::1O:1O:1O,,,1S:1S:1S:2S:3S:3S:3S:3S,1L:1L,1,0.03000300030003
442,6,0,0,2,2,::1O:1O:1O:1O,,,1S:1S:1S:2S:3S:3S:3S:3S,1L:1L,1,0.03000300030003
443,6,0,0,2,2,:1O:1O:1O:1O:1O,,,1S:1S:1S:2S:3S:3S:3S:3S,1L:1L,1,0.03000300030003
444,6,0,0,2,1,::::1O:1O,,,1S:1S:1S:2S:3S:3S:3S:3S,1L,1,0.03000300030003
445,5,3,0,1,1,::::,:1O:1O,,,1L,1,0.03000300030003
446,5,2,0,2,1,::::1O,:1O,,:::1S:1S:2S:2S:2S,1L,1,0.03000300030003
447,5,1,0,1,2,:::1O:1O,1O,,,1L:1L,1,0.03000300030003
448,5,2,0,1,2,::1O:1O:1O,1O:1O,,,1L:1L,1,0.03000300030003
449,5,2,0,1,1,::::1O,1O:1O,,,1L,1,0.03000300030003
450,5,2,0,1,1,::::,:1O,,,1L,1,0.03000300030003
451,5,2,0,1,1,::::,:,,,1L,1,0.03000300030003
452,5,1,1,1,2,::1O:1O:2O,1O,1O,,1L:1L,1,0.03000300030003
453,5,1,1,1,2,::1O:1O:1O,1O,1O,,1L:1L,1,0.03000300030003
454,5,1,1,1,2,::1O:1O:1O,,,,1L:1L,1,0.03000300030003
455,5,1,1,1,2,1O:1O:1O:1O:1O,,1O,,1L:1L,1,0.03000300030003
456,5,1,1,1,1,:::1O:1O,1O,,,1L,1,0.03000300030003
457,5,1,1,1,1,:::1O:1O,,1O,,1L,1,0.03000300030003
458,5,1,1,1,1,::1O:1O:1O,,1O,,1L,1,0.03000300030003
459,5,1,1,1,1,::1O:1O:1O,,,,1L,1,0.03000300030003
460,4,1,1,1,1,:::1O,,,,1L,1,0.03000300030003
461,4,1,1,1,1,::1O:1O,1O,,,1L,1,0.03000300030003
462,3,2,1,1,2,1O:1O:1O,1O:1O,2O,,1L:1L,1,0.03000300030003
463,3,3,0,1,2,1O:1O:1O,::1O,,,1L:1L,1,0.03000300030003
464,3,3,1,1,1,::1O,:1O:1O,,,1L,1,0.03000300030003
465,3,3,1,1,1,::,::1O,1O,,1L,1,0.03000300030003
466,3,3,1,1,1,:1O:1O,::,,,1L,1,0.03000300030003
467,3,3,1,1,1,:1O:1O,:1O:1O,,,1L,1,0.03000300030003
468,3,3,1,1,1,1O:1O:1O,::,,,1L,1,0.03000300030003
469,3,3,0,2,2,::1O,1O:1O:1O,,1S:1S:1S:2S:2S:2S:2S:3S,1L:1L,1,0.03000300030003
470,3,3,0,2,2,:1O:1O,:1O:1O,,1S:1S:1S:2S:3S:3S:3S:3S,1L:1L,1,0.03000300030003
471,3,3,0,2,2,:1O:1O,1O:1O:1O,,:::1S:1S:2S:2S:2S,1L:1L,1,0.03000300030003
472,3,3,0,2,1,::1O,::1O,,1S:1S:1S:1S:2S:2S:2S:3S,1L,1,0.03000300030003
473,3,3,0,1,2,::1O,1O:1O:1O,,,1L:1L,1,0.03000300030003
474,3,3,0,1,2,:1O:1O,:1O:2O,,,1L:1L,1,0.03000300030003
475,3,3,0,1,2,1O:1O:2O,1O:1O:1O,,,1L:1L,1,0.03000300030003
476,3,3,0,1,1,::2O,::1O,,,1L,1,0.03000300030003
477,3,3,1,1,2,1O:1O:1O,1O:1O:1O,1O,,1L:1L,1,0.03000300030003
478,3,3,0,1,1,::1O,::,,,1L,1,0.03000300030003
479,3,3,0,1,1,::,:1O:2O,,,1L,1,0.03000300030003
480,3,3,0,1,1,:1O:1O,:1O:1O,,,1L,1,0.03000300030003
481,3,3,0,1,1,1O:1O:1O,::,,,1L,1,0.03000300030003
482,3,2,2,1,2,::1O,1O:1O,1O:1O,,1L:1L,1,0.03000300030003
483,3,2,2,1,2,1O:1O:1O,1O:1O,1O:2O,,1L:1L,1,0.03000300030003
484,3,2,1,1,2,::1O,1O:1O,2O,,1L:1L,1,0.03000300030003
485,3,2,1,1,2,:1O:1O,:1O,1N2O,,1L:1L,1,0.03000300030003
486,3,2,1,1,2,:1O:1O,:,1O,,1L:1L,1,0.03000300030003
487,3,2,1,1,2,:1O:1O,1O:1O,3O,,1L:1L,1,0.03000300030003
488,3,2,1,1,2,1O:1O:1O,:,1O,,1L:1L,1,0.03000300030003
489,3,2,1,1,2,1O:1O:1O,1O:2O,1O,,1L:1L,1,0.03000300030003
490,3,3,1,1,1,::1O,::,1O,,1L,1,0.03000300030003
491,3,3,1,1,2,:1O:1O,1O:1O:1O,,,1L:1L,1,0.03000300030003
492,4,1,1,1,1,:1O:1O:1O,,,,1L,1,0.03000300030003
493,4,0,2,1,1,:::1O,,1O:1O,,1L,1,0.03000300030003
494,4,1,0,2,1,:::1O,,,1S:1S:1S:1S:2S:2S:2S:3S,1L,1,0.03000300030003
495,4,1,0,1,2,::1O:1O,,,,1L:1L,1,0.03000300030003
496,4,1,0,1,2,:1O:1O:2O,,,,1L:1L,1,0.03000300030003
497,4,1,0,1,2,1O:1O:1O:2O,1O,,,1L:1L,1,0.03000300030003
498,4,1,0,1,2,1O:1O:1O:2O,,,,1L:1L,1,0.03000300030003
499,4,1,0,1,1,:::2O,1O,,,1L,1,0.03000300030003
500,4,1,0,1,1,:::2O,,,,1L,1,0.03000300030003
501,4,1,0,1,1,:::,2O,,,1L,1,0.03000300030003
502,4,1,0,1,1,:1O:1O:2O,,,,1L,1,0.03000300030003
503,4,1,0,1,0,:::,,,,,1,0.03000300030003
504,4,0,2,1,2,:1O:1O:1O,,:1N2O,,1L:1L,1,0.03000300030003
505,4,0,2,1,2,1O:1O:1O:1O,,1O:2O,,1L:1L,1,0.03000300030003
506,4,0,1,2,2,::1O:1O,,,1S:1S:1S:2S:3S:3S:3S:3S,1L:1L,1,0.03000300030003
507,3,3,1,1,2,:1O:1O,:1O:1O,1O,,1L:1L,1,0.03000300030003
508,4,0,1,1,2,:1O:1O:1O,,1O,,1L:1L,1,0.03000300030003
509,4,0,1,1,2,:1O:1O:1O,,1N,,1L:1L,1,0.03000300030003
510,4,0,1,1,2,:1O:1O:1O,,,,1L:1L,1,0.03000300030003
511,4,0,1,1,2,1O:1O:1O:2O,,1O,,1L:1L,1,0.03000300030003
512,4,0,1,1,2,1O:1O:1O:1O,,1N2O1S,,1L:1L,1,0.03000300030003
513,3,1,1,1,2,1O:1O:1O,1O,,,1L:1L,1,0.03000300030003
514,4,0,0,2,2,:1O:1O:1O,,,1S:1S:1S:2S:3S:3S:3S:3S,1L:1L,1,0.03000300030003
515,4,0,0,2,2,1O:1O:1O:1O,,,1S:1S:1S:2S:3S:3S:3S:3S,1L:1L,1,0.03000300030003
516,4,0,0,1,2,:1O:1O:1O,,,,1L:1L,1,0.03000300030003
517,3,4,0,1,1,::1O,::1O:1O,,,1L,1,0.03000300030003
518,3,4,0,1,1,::,::1O:1O,,,1L,1,0.03000300030003
519,3,3,1,1,2,::1O,1O:1O:1O,1O,,1L:1L,1,0.03000300030003
520,4,0,1,1,1,:::1O,,,,1L,1,0.03000300030003
521,2,3,0,2,2,1O:1O,:1O:1O,,1S:1S:1S:1S:2S:2S:2S:2S,1L:1L,1,0.03000300030003
522,3,1,1,1,2,1O:1O:1O,,3O,,1L:1L,1,0.03000300030003
523,1,3,0,1,2,1O,1O:1O:2O,,,1L:1L,1,0.03000300030003
524,1,2,2,1,2,1O,1O:1O,:1O,,1L:1L,1,0.03000300030003
525,1,2,2,1,2,1O,:1O,1O:1O,,1L:1L,1,0.03000300030003
526,1,3,0,1,1,,:1O:2O,,,1L,1,0.03000300030003
527,1,3,0,1,1,1O,1O:1O:1O,,,1L,1,0.03000300030003
528,1,3,0,1,1,1O,::,,,1L,1,0.03000300030003
529,1,3,0,1,2,,1O:1O:2O,,,1L:1L,1,0.03000300030003
530,1,3,0,1,2,,::,,,1L:1L,1,0.03000300030003
531,1,3,0,1,2,1O,:1O:2O,,,1L:1L,1,0.03000300030003
532,1,2,1,1,1,,:1O,3O,,1L,1,0.03000300030003
533,1,3,0,1,2,1O,::,,,1L:1L,1,0.03000300030003
534,1,3,0,1,2,1O,::1O,,,1L:1L,1,0.03000300030003
535,1,3,0,2,1,,::1O,,::1S:1S:2S:2S:2S:2S,1L,1,0.03000300030003
536,1,3,0,2,2,,:1O:1O,,1S:1S:1S:2S:2S:3S:3S:3S,1L:1L,1,0.03000300030003
537,1,3,0,2,2,,:1O:1O,,1S:1S:1S:2S:3S:3S:3S:3S,1L:1L,1,0.03000300030003
538,1,3,0,2,2,1O,1O:1O:1O,,1S:1S:1S:2S:2S:3S:3S:3S,1L:1L,1,0.03000300030003
539,1,3,0,2,2,1O,1O:1O:2O,,::1S:1S:1S:2S:2S:2S,1L:1L,1,0.03000300030003
540,1,2,2,1,1,1O,:,1O:2O,,1L,1,0.03000300030003
541,1,2,1,2,2,1O,1O:1O,1O,1S:1S:1S:1S:2S:2S:2S:3S,1L:1L,1,0.03000300030003
542,1,2,1,2,2,1O,1O:1O,1O,1S:1S:1S:1S:1S:1S:1S:2S,1L:1L,1,0.03000300030003
543,1,2,1,1,2,1O,:1O,3O1S,,1L:1L,1,0.03000300030003
544,1,2,1,1,2,,1O:1O,1O,,1L:1L,1,0.03000300030003
545,1,2,1,1,2,,1O:1O,3O1S,,1L:1L,1,0.03000300030003
546,1,2,1,1,2,,1O:2O,1O,,1L:1L,1,0.03000300030003
547,1,2,1,1,2,,1O:2O,2O,,1L:1L,1,0.03000300030003
548,1,2,1,1,2,,:1O,1O,,1L:1L,1,0.03000300030003
549,1,2,1,1,2,1O,1O:1O,,,1L:1L,1,0.03000300030003
550,1,2,1,1,2,1O,1O:1O,1N2O,,1L:1L,1,0.03000300030003
551,1,2,1,1,2,1O,1O:1O,1N2O1S,,1L:1L,1,0.03000300030003
552,1,2,1,1,2,1O,1O:1O,2O1S,,1L:1L,1,0.03000300030003
553,1,2,1,1,2,1O,1O:1O,3O,,1L:1L,1,0.03000300030003
554,1,2,1,1,2,1O,1O:1O,3O1S,,1L:1L,1,0.03000300030003
555,1,2,1,1,2,1O,1O:2O,1O,,1L:1L,1,0.03000300030003
556,1,2,1,1,2,1O,2O:2O,3O1S,,1L:1L,1,0.03000300030003
557,1,2,1,1,2,1O,:,1O,,1L:1L,1,0.03000300030003
558,1,2,1,1,2,1O,:1O,,,1L:1L,1,0.03000300030003
559,1,3,0,2,2,1O,:1O:1O,,1S:1S:1S:2S:2S:2S:2S:2S,1L:1L,1,0.03000300030003
560,1,3,0,2,2,1O,:1O:1O,,::1S:1S:1S:2S:2S:2S,1L:1L,1,0.03000300030003
561,1,3,0,2,2,1O,::1O,,::1S:1S:1S:2S:2S:2S,1L:1L,1,0.03000300030003
562,1,4,0,1,2,,:1O:1O:1O,,,1L:1L,1,0.03000300030003
563,1,4,0,2,1,,:::1O,,:::1S:1S:2S:2S:2S,1L,1,0.03000300030003
564,1,4,0,2,2,1O,:1O:1O:1O,,::::1S:1S:1S:1S,1L:1L,1,0.03000300030003
565,1,4,0,2,2,1O,::1O:1O,,:::1S:1S:1S:1S:1S,1L:1L,1,0.03000300030003
566,1,4,1,1,1,,::1O:1O,1O,,1L,1,0.03000300030003
567,1,4,1,1,1,1O,::1O:1O,,,1L,1,0.03000300030003
568,1,4,1,1,1,1O,:::1O,,,1L,1,0.03000300030003
569,1,4,1,1,2,,1O:1O:1O:1O,,,1L:1L,1,0.03000300030003
570,1,4,1,1,2,,1O:1O:1O:1O,2O,,1L:1L,1,0.03000300030003
571,1,4,1,1,2,1O,1O:1O:1O:1O,,,1L:1L,1,0.03000300030003
572,1,4,1,1,2,1O,:1O:1O:1O,1O,,1L:1L,1,0.03000300030003
573,1,4,1,1,2,1O,::1O:1O,1O,,1L:1L,1,0.03000300030003
574,1,5,0,1,1,,::::1O,,,1L,1,0.03000300030003
575,1,5,0,1,1,1O,::::1O,,,1L,1,0.03000300030003
576,1,5,1,1,1,,::::1O,1O,,1L,1,0.03000300030003
577,1,5,1,1,1,,::::1O,2O,,1L,1,0.03000300030003
578,1,4,0,2,1,,:::1O,,1S:1S:1S:2S:3S:3S:3S:3S,1L,1,0.03000300030003
579,1,4,0,1,2,,1O:1O:1O:1O,,,1L:1L,1,0.03000300030003
580,1,3,0,2,2,2O,1O:1O:1O,,:::1S:1S:2S:2S:2S,1L:1L,1,0.03000300030003
581,1,4,0,1,1,1O,::1O:2O,,,1L,1,0.03000300030003
582,1,3,1,1,1,,:1O:1O,,,1L,1,0.03000300030003
583,1,3,1,1,1,,::,1O,,1L,1,0.03000300030003
584,1,3,1,1,2,,:1O:1O,2O,,1L:1L,1,0.03000300030003
585,1,3,1,1,2,1O,1O:1O:1O,,,1L:1L,1,0.03000300030003
586,1,3,1,1,2,1O,1O:1O:1O,1N1O,,1L:1L,1,0.03000300030003
587,1,3,1,1,2,1O,:1O:1O,1N,,1L:1L,1,0.03000300030003
588,1,3,1,1,2,1O,::1O,1N2O1S,,1L:1L,1,0.03000300030003
589,1,3,1,1,2,2O,1O:1O:1O,1O,,1L:1L,1,0.03000300030003
590,1,3,1,2,2,,:1O:1O,2O,1S:1S:1S:1S:1S:1S:1S:1S,1L:1L,1,0.03000300030003
591,1,3,1,2,2,1O,1O:1O:1O,1O,1S:1S:1S:1S:2S:2S:2S:3S,1L:1L,1,0.03000300030003
592,1,3,1,2,2,1O,:1O:1O,1O,1S:1S:1S:1S:2S:2S:2S:2S,1L:1L,1,0.03000300030003
593,1,3,1,2,2,1O,:1O:1O,2O,1S:1S:1S:1S:2S:2S:2S:2S,1L:1L,1,0.03000300030003
594,1,3,2,1,2,1O,1O:1O:1O,1O:2O,,1L:1L,1,0.03000300030003
595,1,4,0,1,1,,:1O:1O:1O,,,1L,1,0.03000300030003
596,1,4,0,1,1,,:::,,,1L,1,0.03000300030003
597,1,2,1,1,1,1O,:1O,2O,,1L,1,0.03000300030003
598,1,2,1,1,1,,:,2O,,1L,1,0.03000300030003
599,2,0,1,1,1,:,,1O,,1L,1,0.03000300030003
600,0,3,1,1,2,,:1O:1O,3O1S,,1L:1L,1,0.03000300030003
601,0,3,1,1,1,,::1O,2O,,1L,1,0.03000300030003
602,0,3,1,1,2,,1O:1O:1O,1N3O1S,,1L:1L,1,0.03000300030003
603,0,3,1,1,2,,1O:1O:1O,2O1S,,1L:1L,1,0.03000300030003
604,0,3,1,1,2,,1O:1O:1O,3O,,1L:1L,1,0.03000300030003
605,0,3,1,1,2,,1O:1O:1O,3O1S,,1L:1L,1,0.03000300030003
606,0,3,1,1,2,,:1O:1O,1N2O,,1L:1L,1,0.03000300030003
607,0,3,1,1,2,,:1O:1O,2O,,1L:1L,1,0.03000300030003
608,0,3,1,1,2,,::1O,2O,,1L:1L,1,0.03000300030003
609,1,2,0,2,2,1O,:1O,,1S:1S:1S:2S:2S:3S:3S:3S,1L:1L,1,0.03000300030003
610,0,3,1,2,2,,1O:1O:1O,1O,1S:1S:1S:1S:2S:2S:2S:3S,1L:1L,1,0.03000300030003
611,0,3,1,2,2,,:1O:1O,1O,1S:1S:1S:1S:1S:1S:1S:1S,1L:1L,1,0.03000300030003
612,0,3,2,1,2,,1O:1O:1O,1O:1O,,1L:1L,1,0.03000300030003
613,0,4,0,1,1,,:1O:1O:1O,,,1L,1,0.03000300030003
614,0,4,0,1,1,,:::1O,,,1L,1,0.03000300030003
615,0,4,0,1,2,,:1O:1O:1O,,,1L:1L,1,0.03000300030003
616,0,4,0,1,2,,::1O:1O,,,1L:1L,1,0.03000300030003
617,0,3,1,1,1,,::1O,,,1L,1,0.03000300030003
618,0,3,1,1,1,,::,1O,,1L,1,0.03000300030003
619,0,3,1,1,1,,:1O:1O,1O,,1L,1,0.03000300030003
620,0,3,1,1,1,,:1O:1O,,,1L,1,0.03000300030003
621,0,2,0,1,2,,1O:1O,,,1L:1L,1,0.03000300030003
622,0,2,0,2,2,,1O:1O,,:1S:1S:1S:2S:2S:2S:2S,1L:1L,1,0.03000300030003
623,0,2,1,1,2,,1O:1O,2O1S,,1L:1L,1,0.03000300030003
624,0,2,1,1,2,,1O:1O,3O1S,,1L:1L,1,0.03000300030003
625,0,2,1,1,2,,:1O,1O,,1L:1L,1,0.03000300030003
626,0,2,1,1,2,,:1O,1O1S,,1L:1L,1,0.03000300030003
627,0,2,2,1,1,,:,2O:2O,,1L,1,0.03000300030003
628,0,2,2,1,2,,1O:1O,1O:1O,,1L:1L,1,0.03000300030003
629,0,2,2,1,2,,:1O,1O:2O,,1L:1L,1,0.03000300030003
630,0,3,0,1,1,,1O:1O:1O,,,1L,1,0.03000300030003
631,0,3,0,1,1,,1O:1O:2O,,,1L,1,0.03000300030003
632,0,3,0,1,1,,:1O:1O,,,1L,1,0.03000300030003
633,0,3,0,1,1,,:1O:2O,,,1L,1,0.03000300030003
634,0,3,0,2,1,,:1O:1O,,2S:2S:2S:3S:3S:4S:4S:4S,1L,1,0.03000300030003
635,0,3,0,2,1,,::1O,,1S:1S:1S:2S:2S:2S:2S:2S,1L,1,0.03000300030003
636,0,4,0,2,1,,:::1O,,1S:1S:1S:2S:3S:3S:3S:3S,1L,1,0.03000300030003
637,0,4,1,1,1,,::1O:1O,,,1L,1,0.03000300030003
638,0,4,1,1,2,,1O:1O:1O:1O,,,1L:1L,1,0.03000300030003
639,1,2,0,1,1,2O,:,,,1L,1,0.03000300030003
640,1,2,0,1,2,,1O:1O,,,1L:1L,1,0.03000300030003
641,1,2,0,1,2,1O,1O:2O,,,1L:1L,1,0.03000300030003
642,1,2,0,2,1,,:,,2S:2S:2S:3S:3S:4S:4S:4S,1L,1,0.03000300030003
643,1,2,0,2,1,,:1O,,1S:1S:1S:2S:2S:2S:2S:2S,1L,1,0.03000300030003
644,1,2,0,2,1,,:1O,,1S:1S:1S:2S:3S:3S:3S:3S,1L,1,0.03000300030003
645,1,2,0,2,1,,:1O,,2S:2S:2S:3S:3S:3S:4S:4S,1L,1,0.03000300030003
646,1,2,0,2,1,,:1O,,::::1S:1S:1S:1S,1L,1,0.03000300030003
647,1,2,0,2,1,1O,:,,:::1S:1S:2S:2S:2S,1L,1,0.03000300030003
648,1,2,0,2,1,1O,:,,::::1S:1S:1S:1S,1L,1,0.03000300030003
649,1,2,0,2,1,1O,:1O,,1S:1S:1S:2S:2S:2S:2S:2S,1L,1,0.03000300030003
650,1,2,0,2,1,1O,:1O,,:::1S:1S:2S:2S:2S,1L,1,0.03000300030003
651,1,2,0,2,2,1O,1O:1O,,1S:1S:1S:1S:2S:2S:2S:2S,1L:1L,1,0.03000300030003
652,1,2,0,2,2,1O,1O:1O,,1S:1S:2S:2S:2S:2S:3S:3S,1L:1L,1,0.03000300030003
653,1,2,0,2,2,1O,1O:1O,,:::1S:1S:2S:2S:2S,1L:1L,1,0.03000300030003
654,1,2,0,2,2,1O,:1O,,1S:1S:1S:2S:2S:2S:3S:3S,1L:1L,1,0.03000300030003
655,1,2,0,1,1,2O,:1O,,,1L,1,0.03000300030003
656,1,2,0,1,1,1O,:,,,1L,1,0.03000300030003
657,0,4,1,1,2,,1O:1O:1O:1O,1N1O,,1L:1L,1,0.03000300030003
658,1,1,2,1,2,1O,1O,:2O,,1L:1L,1,0.03000300030003
659,0,4,1,1,2,,1O:1O:1O:1O,2O1S,,1L:1L,1,0.03000300030003
660,0,4,1,1,2,,1O:1O:1O:2O,1O,,1L:1L,1,0.03000300030003
661,0,4,1,1,2,,::1O:1O,1O,,1L:1L,1,0.03000300030003
662,1,1,0,1,2,1O,1O,,,1L:1L,1,0.03000300030003
663,1,1,0,2,1,,1O,,:::1S:1S:2S:2S:2S,1L,1,0.03000300030003
664,1,1,0,2,2,1O,1O,,:::1S:1S:2S:2S:2S,1L:1L,1,0.03000300030003
665,1,1,1,1,1,1O,,,,1L,1,0.03000300030003
666,1,1,1,1,1,1O,,1O,,1L,1,0.03000300030003
667,1,1,1,1,1,1O,,2O,,1L,1,0.03000300030003
668,1,1,1,1,2,1O,1O,1N3O1S,,1L:1L,1,0.03000300030003
669,1,1,1,1,2,1O,1O,2O1S,,1L:1L,1,0.03000300030003
670,1,1,1,1,2,1O,1O,3O,,1L:1L,1,0.03000300030003
671,1,1,1,1,2,1O,1O,3O2S,,1L:1L,1,0.03000300030003
672,1,1,1,2,2,1O,1O,1O,1S:1S:1S:1S:2S:2S:2S:3S,1L:1L,1,0.03000300030003
673,1,1,2,1,1,,,1O:1O,,1L,1,0.03000300030003
674,2,0,0,1,2,:1O,,,,1L:1L,1,0.03000300030003
675,2,0,1,1,2,1O:1O,,1O,,1L:1L,1,0.03000300030003
676,3,1,1,1,1,::1O,,2O,,1L,1,0.03000300030003
677,2,3,1,1,1,:1O,:1O:2O,,,1L,1,0.03000300030003
678,2,3,0,2,2,:1O,:1O:1O,,1S:1S:1S:2S:2S:2S:2S:2S,1L:1L,1,0.03000300030003
679,2,3,0,2,2,:1O,::1O,,1S:1S:1S:2S:3S:3S:3S:3S,1L:1L,1,0.03000300030003
680,2,3,1,1,1,1O:1O,::,,,1L,1,0.03000300030003
681,2,3,1,1,1,1O:1O,::1O,,,1L,1,0.03000300030003
682,2,3,1,1,1,:,:1O:1O,1O,,1L,1,0.03000300030003
683,2,3,1,1,1,:,::,1O,,1L,1,0.03000300030003
684,2,3,1,1,1,:1O,:1O:1O,1O,,1L,1,0.03000300030003
685,2,3,1,1,1,:1O,::,2O,,1L,1,0.03000300030003
686,2,2,2,1,2,1O:1O,:1O,1O:1O,,1L:1L,1,0.03000300030003
687,2,3,1,1,2,1O:1O,1O:1O:1O,,,1L:1L,1,0.03000300030003
688,2,3,1,1,2,1O:1O,::,1O,,1L:1L,1,0.03000300030003
689,2,3,1,1,2,:,1O:1O:1O,1O,,1L:1L,1,0.03000300030003
690,2,3,1,1,2,:,:1O:1O,2O,,1L:1L,1,0.03000300030003
691,2,3,1,1,2,:1O,1O:1O:1O,,,1L:1L,1,0.03000300030003
692,2,3,1,1,2,:1O,1O:1O:1O,1N2O2S,,1L:1L,1,0.03000300030003
693,2,3,1,1,2,:1O,:1O:1O,2O,,1L:1L,1,0.03000300030003
694,2,3,0,2,2,:1O,1O:1O:1O,,:::1S:1S:2S:2S:2S,1L:1L,1,0.03000300030003
695,2,3,0,2,2,:1O,1O:1O:1O,,1S:1S:1S:2S:2S:2S:2S:2S,1L:1L,1,0.03000300030003
696,2,3,0,2,2,:,::1O,,::1S:1S:2S:2S:2S:2S,1L:1L,1,0.03000300030003
697,2,3,0,2,2,:,:1O:1O,,::::1S:1S:1S:1S,1L:1L,1,0.03000300030003
698,2,2,2,1,2,:1O,1O:1O,:1O,,1L:1L,1,0.03000300030003
699,2,2,2,1,2,:1O,1O:1O,:2O,,1L:1L,1,0.03000300030003
700,2,2,2,1,2,:1O,:1O,1O:1O,,1L:1L,1,0.03000300030003
701,2,3,0,1,1,:,1O:1O:2O,,,1L,1,0.03000300030003
702,2,3,0,1,1,:1O,::,,,1L,1,0.03000300030003
703,2,3,0,1,1,:1O,::2O,,,1L,1,0.03000300030003
704,2,3,0,1,2,:1O,::1O,,,1L:1L,1,0.03000300030003
705,2,3,0,2,1,:,::,,:::1S:1S:2S:2S:2S,1L,1,0.03000300030003
706,2,3,0,2,1,:,::1O,,::1S:1S:2S:2S:2S:2S,1L,1,0.03000300030003
707,2,3,0,2,2,1O:1O,1O:1O:1O,,:::1S:1S:2S:2S:2S,1L:1L,1,0.03000300030003
708,0,2,0,1,1,,:1O,,,1L,1,0.03000300030003
709,2,3,0,2,2,1O:1O,:1O:1O,,1S:1S:1S:2S:3S:3S:3S:3S,1L:1L,1,0.03000300030003
710,2,3,0,2,2,1O:1O,:1O:1O,,:::1S:1S:2S:2S:2S,1L:1L,1,0.03000300030003
711,2,3,0,2,2,1O:1O,::1O,,1S:1S:1S:2S:2S:3S:3S:3S,1L:1L,1,0.03000300030003
712,2,3,0,2,2,:,1O:1O:1O,,:::1S:1S:2S:2S:2S,1L:1L,1,0.03000300030003
713,2,3,2,1,1,:1O,::,:1O,,1L,1,0.03000300030003
714,2,3,2,1,2,:1O,:1O:1O,1O:1O,,1L:1L,1,0.03000300030003
715,2,4,0,1,1,1O:1O,:::,,,1L,1,0.03000300030003
716,3,0,1,1,2,:1O:1O,,1O,,1L:1L,1,0.03000300030003
717,3,0,1,1,2,:1O:1O,,3O1S,,1L:1L,1,0.03000300030003
718,3,0,1,2,2,1O:1O:1O,,1O,1S:1S:1S:2S:3S:3S:3S:3S,1L:1L,1,0.03000300030003
719,3,1,0,1,1,1O:1O:1O,1O,,,1L,1,0.03000300030003
720,3,1,0,1,1,:1O:2O,1O,,,1L,1,0.03000300030003
721,3,1,0,1,1,::1O,2O,,,1L,1,0.03000300030003
722,3,1,0,1,2,1O:1O:1O,2O,,,1L:1L,1,0.03000300030003
723,3,1,0,1,2,:1O:2O,1O,,,1L:1L,1,0.03000300030003
724,3,1,0,2,1,::1O,1O,,1S:1S:1S:2S:3S:3S:3S:3S,1L,1,0.03000300030003
725,3,1,0,2,2,1O:1O:1O,1O,,:::1S:1S:2S:2S:2S,1L:1L,1,0.03000300030003
726,3,1,0,2,2,:1O:1O,1O,,1S:1S:1S:2S:2S:2S:3S:3S,1L:1L,1,0.03000300030003
727,3,1,0,2,2,:1O:1O,1O,,1S:1S:1S:2S:2S:3S:3S:3S,1L:1L,1,0.03000300030003
728,3,1,0,2,2,:1O:1O,1O,,::1S:1S:2S:2S:2S:2S,1L:1L,1,0.03000300030003
729,3,1,0,2,2,::1O,1O,,1S:1S:1S:2S:3S:3S:3S:3S,1L:1L,1,0.03000300030003
730,3,1,1,1,1,:1O:1O,1O,1O,,1L,1,0.03000300030003
731,3,1,1,1,1,::,,1O,,1L,1,0.03000300030003
732,3,0,1,1,2,:1O:1O,,2O,,1L:1L,1,0.03000300030003
733,3,0,1,1,2,1O:1O:2O,,1O,,1L:1L,1,0.03000300030003
734,2,4,0,1,1,:1O,:::,,,1L,1,0.03000300030003
735,3,0,1,1,1,::1O,,1O,,1L,1,0.03000300030003
736,2,4,0,1,2,1O:1O,:1O:1O:1O,,,1L:1L,1,0.03000300030003
737,2,4,0,1,2,1O:1O,::1O:1O,,,1L:1L,1,0.03000300030003
738,2,4,0,1,2,1O:1O,:::,,,1L:1L,1,0.03000300030003
739,2,4,0,2,2,:1O,:1O:1O:1O,,:::1S:1S:2S:2S:2S,1L:1L,1,0.03000300030003
740,2,4,1,1,1,1O:1O,:::,,,1L,1,0.03000300030003
741,2,4,1,1,1,1O:1O,:::,1O,,1L,1,0.03000300030003
742,2,4,1,1,1,:,::1O:1O,,,1L,1,0.03000300030003
743,2,4,1,1,1,:,:::,1N1O,,1L,1,0.03000300030003
744,2,4,1,1,1,:,:::1O,1O,,1L,1,0.03000300030003
745,2,4,1,1,2,:1O,1O:1O:1O:1O,1O,,1L:1L,1,0.03000300030003
746,2,4,1,1,2,:1O,::1O:1O,,,1L:1L,1,0.03000300030003
747,2,5,0,1,1,:,:::1O:1O,,,1L,1,0.03000300030003
748,3,0,0,1,1,:1O:1O,,,,1L,1,0.03000300030003
749,3,0,0,1,2,:1O:1O,,,,1L:1L,1,0.03000300030003
750,3,0,1,1,1,:1O:1O,,1O,,1L,1,0.03000300030003
751,2,2,2,1,2,1O:1O,:1O,:,,1L:1L,1,0.03000300030003
752,2,2,2,1,2,1O:1O,1O:1O,:1O,,1L:1L,1,0.03000300030003
753,2,0,1,1,2,1O:1O,,3O,,1L:1L,1,0.03000300030003
754,2,2,0,1,1,:2O,1O:1O,,,1L,1,0.03000300030003
755,2,1,1,1,2,1O:1O,1O,1N2O1S,,1L:1L,1,0.03000300030003
756,2,1,1,1,2,1O:1O,1O,1N2O2S,,1L:1L,1,0.03000300030003
757,2,1,1,1,2,1O:1O,2O,3O1S,,1L:1L,1,0.03000300030003
758,2,1,1,1,2,:,1O,2O1S,,1L:1L,1,0.03000300030003
759,2,1,2,1,1,:1O,,1O:1O,,1L,1,0.03000300030003
760,2,1,2,1,1,:1O,,:1O,,1L,1,0.03000300030003
761,2,1,2,1,2,1O:1O,1O,:2O,,1L:1L,1,0.03000300030003
762,2,2,0,1,2,1O:1O,:,,,1L:1L,1,0.03000300030003
763,2,2,2,1,1,:1O,:,:1O,,1L,1,0.03000300030003
764,2,2,0,1,2,1O:2O,:1O,,,1L:1L,1,0.03000300030003
765,2,2,0,1,2,:1O,1O:2O,,,1L:1L,1,0.03000300030003
766,2,2,0,1,2,:2O,:,,,1L:1L,1,0.03000300030003
767,2,2,0,2,1,:,:,,:::1S:1S:2S:2S:2S,1L,1,0.03000300030003
768,2,2,0,2,1,:,:1O,,1S:1S:1S:2S:3S:3S:3S:3S,1L,1,0.03000300030003
769,2,2,0,2,1,:1O,:1O,,:::1S:1S:2S:2S:2S,1L,1,0.03000300030003
770,2,2,0,2,2,1O:1O,1O:1O,,2S:2S:2S:2S:3S:3S:4S:4S,1L:1L,1,0.03000300030003
771,2,1,1,1,2,1O:1O,,2O,,1L:1L,1,0.03000300030003
772,2,1,1,1,1,:2O,,1O,,1L,1,0.03000300030003
773,2,1,1,1,1,:1O,1O,1O,,1L,1,0.03000300030003
774,2,1,1,1,1,:1O,1O,,,1L,1,0.03000300030003
775,2,0,2,1,1,:,,1O:1O,,1L,1,0.03000300030003
776,2,0,2,1,2,1O:1O,,1O:3O1S,,1L:1L,1,0.03000300030003
777,2,0,2,1,2,1O:1O,,:1O,,1L:1L,1,0.03000300030003
778,2,1,0,1,1,:1O,2O,,,1L,1,0.03000300030003
779,2,1,0,1,2,1O:1O,,,,1L:1L,1,0.03000300030003
780,2,1,0,1,2,1O:2O,1O,,,1L:1L,1,0.03000300030003
781,2,1,0,2,1,:1O,,,1S:1S:1S:2S:2S:2S:2S:3S,1L,1,0.03000300030003
782,2,1,0,2,1,:1O,1O,,:1S:1S:1S:2S:2S:2S:2S,1L,1,0.03000300030003
783,2,1,0,2,2,1O:1O,1O,,1S:1S:1S:2S:2S:3S:3S:3S,1L:1L,1,0.03000300030003
784,2,1,0,2,2,1O:1O,1O,,2S:2S:2S:3S:3S:3S:4S:4S,1L:1L,1,0.03000300030003
785,2,1,0,2,2,:1O,1O,,:::1S:1S:2S:2S:2S,1L:1L,1,0.03000300030003
786,2,1,1,1,1,1O:1O,,2O,,1L,1,0.03000300030003
787,2,1,1,1,1,:,,1O,,1L,1,0.03000300030003
788,2,1,1,1,1,:,1O,1O,,1L,1,0.03000300030003
789,2,1,1,1,1,:1O,,,,1L,1,0.03000300030003
790,2,2,0,2,2,1O:1O,1O:1O,,2S:2S:2S:3S:3S:3S:4S:4S,1L:1L,1,0.03000300030003
791,2,2,0,2,2,1O:1O,:,,1S:1S:1S:2S:3S:3S:3S:3S,1L:1L,1,0.03000300030003
792,2,2,0,2,2,1O:1O,:,,:::1S:1S:2S:2S:2S,1L:1L,1,0.03000300030003
793,2,2,1,1,2,1O:1O,:,2O,,1L:1L,1,0.03000300030003
794,2,2,1,1,2,1O:2O,1O:1O,,,1L:1L,1,0.03000300030003
795,2,2,1,1,2,1O:2O,1O:1O,1O,,1L:1L,1,0.03000300030003
796,2,2,1,1,2,1O:2O,1O:1O,2O,,1L:1L,1,0.03000300030003
797,2,2,1,1,2,:,:1O,2O,,1L:1L,1,0.03000300030003
798,2,2,1,1,2,:1O,1O:1O,,,1L:1L,1,0.03000300030003
799,2,2,1,1,2,:1O,1O:1O,1N2O1S,,1L:1L,1,0.03000300030003
800,2,2,1,1,2,:1O,1O:1O,1N2O2S,,1L:1L,1,0.03000300030003
801,2,2,1,1,2,:1O,1O:1O,3O1S,,1L:1L,1,0.03000300030003
802,2,2,1,1,2,:1O,1O:1O,4O2S,,1L:1L,1,0.03000300030003
803,2,2,1,1,2,:1O,1O:2O,1O,,1L:1L,1,0.03000300030003
804,2,2,1,1,2,:1O,1O:2O,3O1S,,1L:1L,1,0.03000300030003
805,2,2,1,1,2,:1O,:,,,1L:1L,1,0.03000300030003
806,2,2,1,1,2,:1O,:1O,2O1S,,1L:1L,1,0.03000300030003
807,2,2,1,2,2,:1O,:1O,1O,1S:1S:1S:1S:2S:2S:2S:2S,1L:1L,1,0.03000300030003
808,2,2,2,1,1,:,1O:1O,:,,1L,1,0.03000300030003
809,2,2,1,1,2,1O:1O,:1O,3O1S,,1L:1L,1,0.03000300030003
810,2,2,1,1,2,1O:1O,1O:1O,1N2O2S,,1L:1L,1,0.03000300030003
811,2,2,0,2,2,1O:1O,:1O,,2S:2S:2S:2S:2S:3S:3S:3S,1L:1L,1,0.03000300030003
812,2,2,1,1,2,1O:1O,1O:1O,1N2O,,1L:1L,1,0.03000300030003
813,2,2,0,2,2,:,1O:1O,,1S:1S:1S:2S:2S:3S:3S:3S,1L:1L,1,0.03000300030003
814,2,2,0,2,2,:1O,1O:1O,,2S:2S:2S:2S:3S:3S:4S:4S,1L:1L,1,0.03000300030003
815,2,2,0,2,2,:1O,1O:1O,,:::1S:1S:2S:2S:2S,1L:1L,1,0.03000300030003
816,2,2,0,2,2,:1O,1O:2O,,2S:2S:2S:3S:3S:4S:4S:4S,1L:1L,1,0.03000300030003
817,2,2,0,2,2,:1O,:1O,,1S:1S:1S:2S:2S:3S:3S:3S,1L:1L,1,0.03000300030003
818,2,2,0,2,2,:1O,:1O,,2S:2S:2S:3S:3S:3S:4S:4S,1L:1L,1,0.03000300030003
819,2,2,1,1,1,1O:1O,:,,,1L,1,0.03000300030003
820,2,2,1,1,1,1O:1O,:1O,,,1L,1,0.03000300030003
821,2,2,1,1,1,1O:1O,:1O,1O,,1L,1,0.03000300030003
822,2,2,1,1,1,:,1O:1O,,,1L,1,0.03000300030003
823,2,2,1,1,1,:,:,1O,,1L,1,0.03000300030003
824,2,2,1,1,1,:,:1O,,,1L,1,0.03000300030003
825,2,2,1,1,1,:1O,:,,,1L,1,0.03000300030003
826,2,2,1,1,1,:1O,:,2O,,1L,1,0.03000300030003
827,2,2,1,1,1,:1O,:1O,2O,,1L,1,0.03000300030003
828,8,1,0,1,1,:::::1O:1O:1O,,,,1L,1,0.03000300030003
